Question,Answer,topic,split,source_file
What is (are) Non-Small Cell Lung Cancer ?,"Key Points
                    - Non-small cell lung cancer is a disease in which malignant (cancer) cells form in the tissues of the lung.     - There are several types of non-small cell lung cancer.    - Smoking is the major risk factor for non-small cell lung cancer.    - Signs of non-small cell lung cancer include a cough that doesn't go away and shortness of breath.    - Tests that examine the lungs are used to detect (find), diagnose, and stage non-small cell lung cancer.    - Certain factors affect prognosis (chance of recovery) and treatment options.    - For most patients with non-small cell lung cancer, current treatments do not cure the cancer.
                
                
                    Non-small cell lung cancer is a disease in which malignant (cancer) cells form in the tissues of the lung.
                    The lungs are a pair of cone-shaped breathing organs in the chest. The lungs bring oxygen into the body as you breathe in. They release carbon dioxide, a waste product of the bodys cells, as you breathe out. Each lung has sections called lobes. The left lung has two lobes. The right lung is slightly larger and has three lobes. Two tubes called bronchi lead from the trachea (windpipe) to the right and left lungs. The bronchi are sometimes also involved in lung cancer. Tiny air sacs called alveoli and small tubes called bronchioles make up the inside of the lungs.     A thin membrane called the pleura covers the outside of each lung and lines the inside wall of the chest cavity. This creates a sac called the pleural cavity. The pleural cavity normally contains a small amount of fluid that helps the lungs move smoothly in the chest when you breathe.    There are two main types of lung cancer: non-small cell lung cancer and small cell lung cancer.    See the following PDQ summaries for more information about lung cancer:         -  Small Cell Lung Cancer Treatment     -  Unusual Cancers of Childhood Treatment     -  Lung Cancer Prevention     -  Lung Cancer Screening
                
                
                    There are several types of non-small cell lung cancer.
                    Each type of non-small cell lung cancer has different kinds of cancer cells. The cancer cells of each type grow and spread in different ways. The types of non-small cell lung cancer are named for the kinds of cells found in the cancer and how the cells look under a microscope:         -  Squamous cell carcinoma: Cancer that begins in squamous cells, which are thin, flat cells that look like fish scales. This is also called epidermoid carcinoma.    -  Large cell carcinoma: Cancer that may begin in several types of large cells.    -  Adenocarcinoma: Cancer that begins in the cells that line the alveoli and make substances such as mucus.         Other less common types of non-small cell lung cancer are: pleomorphic, carcinoid tumor, salivary gland carcinoma, and unclassified carcinoma.
                
                
                    For most patients with non-small cell lung cancer, current treatments do not cure the cancer.
                    If lung cancer is found, taking part in one of the many clinical trials being done to improve treatment should be considered. Clinical trials are taking place in most parts of the country for patients with all stages of non-small cell lung cancer. Information about ongoing clinical trials is available from the NCI website.",cancer,train,CancerQA.csv
Who is at risk for Non-Small Cell Lung Cancer? ?,"Smoking is the major risk factor for non-small cell lung cancer. Anything that increases your chance of getting a disease is called a risk factor. Having a risk factor does not mean that you will get cancer; not having risk factors doesn't mean that you will not get cancer. Talk to your doctor if you think you may be at risk for lung cancer.    Risk factors for lung cancer include the following:            -  Smoking cigarettes, pipes, or cigars, now or in the past. This is the most important risk factor for lung cancer. The earlier in life a person starts smoking, the more often a person smokes, and the more years a person smokes, the greater the risk of lung cancer.      -  Being exposed to secondhand smoke.     - Being exposed to radiation from any of the following:                  -  Radiation therapy to the breast or chest.       -  Radon in the home or workplace.       -  Imaging tests such as CT scans.       - Atomic bomb radiation.                 -  Being exposed to asbestos, chromium, nickel, beryllium, arsenic, soot, or tar in the workplace.     -  Living where there is air pollution.     -  Having a family history of lung cancer.     -  Being infected with the human immunodeficiency virus (HIV).     -  Taking beta carotene supplements and being a heavy smoker.           Older age is the main risk factor for most cancers. The chance of getting cancer increases as you get older.     When smoking is combined with other risk factors, the risk of lung cancer is increased.",cancer,train,CancerQA.csv
What are the symptoms of Non-Small Cell Lung Cancer ?,Signs of non-small cell lung cancer include a cough that doesn't go away and shortness of breath. Sometimes lung cancer does not cause any signs or symptoms. It may be found during a chest x-ray done for another condition. Signs and symptoms may be caused by lung cancer or by other conditions. Check with your doctor if you have any of the following:         - Chest discomfort or pain.    - A cough that doesnt go away or gets worse over time.     - Trouble breathing.     - Wheezing.     -  Blood in sputum (mucus coughed up from the lungs).     - Hoarseness.     - Loss of appetite.    - Weight loss for no known reason.     - Feeling very tired.    - Trouble swallowing.    - Swelling in the face and/or veins in the neck.,cancer,test,CancerQA.csv
How to diagnose Non-Small Cell Lung Cancer ?,"Tests that examine the lungs are used to detect (find), diagnose, and stage non-small cell lung cancer. Tests and procedures to detect, diagnose, and stage non-small cell lung cancer are often done at the same time. Some of the following tests and procedures may be used:         -   Physical exam and history : An exam of the body to check general signs of health, including checking for signs of disease, such as lumps or anything else that seems unusual. A history of the patients health habits, including smoking, and past jobs, illnesses, and treatments will also be taken.    -   Laboratory tests : Medical procedures that test samples of tissue, blood, urine, or other substances in the body. These tests help to diagnose disease, plan and check treatment, or monitor the disease over time.    -  Chest x-ray: An x-ray of the organs and bones inside the chest. An x-ray is a type of energy beam that can go through the body and onto film, making a picture of areas inside the body.     -   CT scan (CAT scan): A procedure that makes a series of detailed pictures of areas inside the body, such as the chest, taken from different angles. The pictures are made by a computer linked to an x-ray machine. A dye may be injected into a vein or swallowed to help the organs or tissues show up more clearly. This procedure is also called computed tomography, computerized tomography, or computerized axial tomography.     -   Sputum cytology : A procedure in which a pathologist views a sample of sputum (mucus coughed up from the lungs) under a microscope, to check for cancer cells.    -   Fine-needle aspiration (FNA) biopsy of the lung: The removal of tissue or fluid from the lung using a thin needle. A CT scan, ultrasound, or other imaging procedure is used to locate the abnormal tissue or fluid in the lung. A small incision may be made in the skin where the biopsy needle is inserted into the abnormal tissue or fluid. A sample is removed with the needle and sent to the laboratory. A pathologist then views the sample under a microscope to look for cancer cells. A chest x-ray is done after the procedure to make sure no air is leaking from the lung into the chest.    -   Bronchoscopy : A procedure to look inside the trachea and large airways in the lung for abnormal areas. A bronchoscope is inserted through the nose or mouth into the trachea and lungs. A bronchoscope is a thin, tube-like instrument with a light and a lens for viewing. It may also have a tool to remove tissue samples, which are checked under a microscope for signs of cancer.    -   Thoracoscopy : A surgical procedure to look at the organs inside the chest to check for abnormal areas. An incision (cut) is made between two ribs, and a thoracoscope is inserted into the chest. A thoracoscope is a thin, tube-like instrument with a light and a lens for viewing. It may also have a tool to remove tissue or lymph node samples, which are checked under a microscope for signs of cancer. In some cases, this procedure is used to remove part of the esophagus or lung. If certain tissues, organs, or lymph nodes cant be reached, a thoracotomy may be done. In this procedure, a larger incision is made between the ribs and the chest is opened.     -   Thoracentesis : The removal of fluid from the space between the lining of the chest and the lung, using a needle. A pathologist views the fluid under a microscope to look for cancer cells.    -   Light and electron microscopy : A laboratory test in which cells in a sample of tissue are viewed under regular and high-powered microscopes to look for certain changes in the cells.    -   Immunohistochemistry : A test that uses antibodies to check for certain antigens in a sample of tissue. The antibody is usually linked to a radioactive substance or a dye that causes the tissue to light up under a microscope. This type of test may be used to tell the difference between different types of cancer.",cancer,train,CancerQA.csv
What is the outlook for Non-Small Cell Lung Cancer ?,"Certain factors affect prognosis (chance of recovery) and treatment options. The prognosis (chance of recovery) and treatment options depend on the following:         - The stage of the cancer (the size of the tumor and whether it is in the lung only or has spread to other places in the body).    - The type of lung cancer.    - Whether the cancer has mutations (changes) in certain genes, such as the epidermal growth factor receptor (EGFR) gene or the anaplastic lymphoma kinase (ALK) gene.    - Whether there are signs and symptoms such as coughing or trouble breathing.    - The patients general health.",cancer,train,CancerQA.csv
What are the stages of Non-Small Cell Lung Cancer ?,"Key Points
                    - After lung cancer has been diagnosed, tests are done to find out if cancer cells have spread within the lungs or to other parts of the body.     - There are three ways that cancer spreads in the body.    - Cancer may spread from where it began to other parts of the body.    - The following stages are used for non-small cell lung cancer:         - Occult (hidden) stage     - Stage 0 (carcinoma in situ)     - Stage I     - Stage II     - Stage IIIA     - Stage IIIB     - Stage IV
                
                
                    After lung cancer has been diagnosed, tests are done to find out if cancer cells have spread within the lungs or to other parts of the body.
                    The process used to find out if cancer has spread within the lungs or to other parts of the body is called staging. The information gathered from the staging process determines the stage of the disease. It is important to know the stage in order to plan treatment. Some of the tests used to diagnose non-small cell lung cancer are also used to stage the disease. (See the General Information section.)    Other tests and procedures that may be used in the staging process include the following:         -   MRI (magnetic resonance imaging): A procedure that uses a magnet, radio waves, and a computer to make a series of detailed pictures of areas inside the body, such as the brain. This procedure is also called nuclear magnetic resonance imaging (NMRI).    -   CT scan (CAT scan): A procedure that makes a series of detailed pictures of areas inside the body, such as the brain and abdomen, taken from different angles. The pictures are made by a computer linked to an x-ray machine. A dye may be injected into a vein or swallowed to help the organs or tissues show up more clearly. This procedure is also called computed tomography, computerized tomography, or computerized axial tomography.    -   PET scan (positron emission tomography scan): A procedure to find malignant tumor cells in the body. A small amount of radioactive glucose (sugar) is injected into a vein. The PET scanner rotates around the body and makes a picture of where glucose is being used in the body. Malignant tumor cells show up brighter in the picture because they are more active and take up more glucose than normal cells do.    -   Radionuclide bone scan : A procedure to check if there are rapidly dividing cells, such as cancer cells, in the bone. A very small amount of radioactive material is injected into a vein and travels through the bloodstream. The radioactive material collects in the bones and is detected by a scanner.     -   Pulmonary function test (PFT): A test to see how well the lungs are working. It measures how much air the lungs can hold and how quickly air moves into and out of the lungs. It also measures how much oxygen is used and how much carbon dioxide is given off during breathing. This is also called lung function test.    -   Endoscopic ultrasound (EUS): A procedure in which an endoscope is inserted into the body. An endoscope is a thin, tube-like instrument with a light and a lens for viewing. A probe at the end of the endoscope is used to bounce high-energy sound waves (ultrasound) off internal tissues or organs and make echoes. The echoes form a picture of body tissues called a sonogram. This procedure is also called endosonography. EUS may be used to guide fine needle aspiration (FNA) biopsy of the lung, lymph nodes, or other areas.     -   Mediastinoscopy : A surgical procedure to look at the organs, tissues, and lymph nodes between the lungs for abnormal areas. An incision (cut) is made at the top of the breastbone and a mediastinoscope is inserted into the chest. A mediastinoscope is a thin, tube-like instrument with a light and a lens for viewing. It may also have a tool to remove tissue or lymph node samples, which are checked under a microscope for signs of cancer.    -   Anterior mediastinotomy : A surgical procedure to look at the organs and tissues between the lungs and between the breastbone and heart for abnormal areas. An incision (cut) is made next to the breastbone and a mediastinoscope is inserted into the chest. A mediastinoscope is a thin, tube-like instrument with a light and a lens for viewing. It may also have a tool to remove tissue or lymph node samples, which are checked under a microscope for signs of cancer. This is also called the Chamberlain procedure.    -  Lymph node biopsy : The removal of all or part of a lymph node. A pathologist views the tissue under a microscope to look for cancer cells.     -   Bone marrow aspiration and biopsy : The removal of bone marrow, blood, and a small piece of bone by inserting a hollow needle into the hipbone or breastbone. A pathologist views the bone marrow, blood, and bone under a microscope to look for signs of cancer.
                
                
                    There are three ways that cancer spreads in the body.
                    Cancer can spread through tissue, the lymph system, and the blood:         - Tissue. The cancer spreads from where it began by growing into nearby areas.     - Lymph system. The cancer spreads from where it began by getting into the lymph system. The cancer travels through the lymph vessels to other parts of the body.     - Blood. The cancer spreads from where it began by getting into the blood. The cancer travels through the blood vessels to other parts of the body.
                
                
                    Cancer may spread from where it began to other parts of the body.
                    When cancer spreads to another part of the body, it is called metastasis. Cancer cells break away from where they began (the primary tumor) and travel through the lymph system or blood.         - Lymph system. The cancer gets into the lymph system, travels through the lymph vessels, and forms a tumor (metastatic tumor) in another part of the body.    - Blood. The cancer gets into the blood, travels through the blood vessels, and forms a tumor (metastatic tumor) in another part of the body.        The metastatic tumor is the same type of cancer as the primary tumor. For example, if non-small cell lung cancer spreads to the brain, the cancer cells in the brain are actually lung cancer cells. The disease is metastatic lung cancer, not brain cancer.
                
                
                    The following stages are used for non-small cell lung cancer:
                    Occult (hidden) stage    In the occult (hidden) stage, cancer cannot be seen by imaging or bronchoscopy. Cancer cells are found in sputum (mucus coughed up from the lungs) or bronchial washing (a sample of cells taken from inside the airways that lead to the lung). Cancer may have spread to other parts of the body.       Stage 0 (carcinoma in situ)    In stage 0, abnormal cells are found in the lining of the airways. These abnormal cells may become cancer and spread into nearby normal tissue. Stage 0 is also called carcinoma in situ.        Stage I     In stage I, cancer has formed. Stage I is divided into stages IA and IB:            -  Stage IA: The tumor is in the lung only and is 3 centimeters or smaller.     -  Stage IB: Cancer has not spread to the lymph nodes and one or more of the following is true:                  - The tumor is larger than 3 centimeters but not larger than 5 centimeters.       - Cancer has spread to the main bronchus and is at least 2 centimeters below where the trachea joins the bronchus.       - Cancer has spread to the innermost layer of the membrane that covers the lung.       - Part of the lung has collapsed or developed pneumonitis (inflammation of the lung) in the area where the trachea joins the bronchus.                          Stage II    Stage II is divided into stages IIA and IIB. Stage IIA and IIB are each divided into two sections depending on the size of the tumor, where the tumor is found, and whether there is cancer in the lymph nodes.            -  Stage IIA:  (1) Cancer has spread to lymph nodes on the same side of the chest as the tumor. The lymph nodes with cancer are within the lung or near the bronchus. Also, one or more of the following is true:                  - The tumor is not larger than 5 centimeters.       -  Cancer has spread to the main bronchus and is at least 2 centimeters below where the trachea joins the bronchus.       -  Cancer has spread to the innermost layer of the membrane that covers the lung.       - Part of the lung has collapsed or developed pneumonitis (inflammation of the lung) in the area where the trachea joins the bronchus.            or  (2) Cancer has not spread to lymph nodes and one or more of the following is true:                  - The tumor is larger than 5 centimeters but not larger than 7 centimeters.       - Cancer has spread to the main bronchus and is at least 2 centimeters below where the trachea joins the bronchus.       - Cancer has spread to the innermost layer of the membrane that covers the lung.       - Part of the lung has collapsed or developed pneumonitis (inflammation of the lung) in the area where the trachea joins the bronchus.                -  Stage IIB:  (1) Cancer has spread to nearby lymph nodes on the same side of the chest as the tumor. The lymph nodes with cancer are within the lung or near the bronchus. Also, one or more of the following is true:                  - The tumor is larger than 5 centimeters but not larger than 7 centimeters.       - Cancer has spread to the main bronchus and is at least 2 centimeters below where the trachea joins the bronchus.       -  Cancer has spread to the innermost layer of the membrane that covers the lung.       - Part of the lung has collapsed or developed pneumonitis (inflammation of the lung) in the area where the trachea joins the bronchus.             or (2) Cancer has not spread to lymph nodes and one or more of the following is true:                  - The tumor is larger than 7 centimeters.       - Cancer has spread to the main bronchus (and is less than 2 centimeters below where the trachea joins the bronchus), the chest wall, the diaphragm, or the nerve that controls the diaphragm.        - Cancer has spread to the membrane around the heart or lining the chest wall.       - The whole lung has collapsed or developed pneumonitis (inflammation of the lung).       - There are one or more separate tumors in the same lobe of the lung.                         Stage IIIA     Stage IIIA is divided into three sections depending on the size of the tumor, where the tumor is found, and which lymph nodes have cancer (if any).     (1) Cancer has spread to lymph nodes on the same side of the chest as the tumor. The lymph nodes with cancer are near the sternum (chest bone) or where the bronchus enters the lung. Also:            - The tumor may be any size.     - Part of the lung (where the trachea joins the bronchus) or the whole lung may have collapsed or developed pneumonitis (inflammation of the lung).     - There may be one or more separate tumors in the same lobe of the lung.     - Cancer may have spread to any of the following:                  - Main bronchus, but not the area where the trachea joins the bronchus.       -  Chest wall.       -  Diaphragm and the nerve that controls it.       -  Membrane around the lung or lining the chest wall.       - Membrane around the heart.                        or       (2) Cancer has spread to lymph nodes on the same side of the chest as the tumor. The lymph nodes with cancer are within the lung or near the bronchus. Also:            - The tumor may be any size.     - The whole lung may have collapsed or developed pneumonitis (inflammation of the lung).     - There may be one or more separate tumors in any of the lobes of the lung with cancer.     - Cancer may have spread to any of the following:                  - Main bronchus, but not the area where the trachea joins the bronchus.       - Chest wall.       - Diaphragm and the nerve that controls it.       - Membrane around the lung or lining the chest wall.       - Heart or the membrane around it.       - Major blood vessels that lead to or from the heart.        - Trachea.       -  Esophagus.        - Nerve that controls the larynx (voice box).       -  Sternum (chest bone) or backbone.       -  Carina (where the trachea joins the bronchi).                        or       (3) Cancer has not spread to the lymph nodes and the tumor may be any size. Cancer has spread to any of the following:            - Heart.      - Major blood vessels that lead to or from the heart.      - Trachea.      - Esophagus.      - Nerve that controls the larynx (voice box).     - Sternum (chest bone) or backbone.      - Carina (where the trachea joins the bronchi).              Stage IIIB     Stage IIIB is divided into two sections depending on the size of the tumor, where the tumor is found, and which lymph nodes have cancer.     (1) Cancer has spread to lymph nodes above the collarbone or to lymph nodes on the opposite side of the chest as the tumor. Also:            - The tumor may be any size.     - Part of the lung (where the trachea joins the bronchus) or the whole lung may have collapsed or developed pneumonitis (inflammation of the lung).     - There may be one or more separate tumors in any of the lobes of the lung with cancer.     - Cancer may have spread to any of the following:                  - Main bronchus.       -  Chest wall.       -  Diaphragm and the nerve that controls it.       -  Membrane around the lung or lining the chest wall.       - Heart or the membrane around it.       - Major blood vessels that lead to or from the heart.       - Trachea.       -  Esophagus.       - Nerve that controls the larynx (voice box).       -  Sternum (chest bone) or backbone.       -  Carina (where the trachea joins the bronchi).                         or       (2) Cancer has spread to lymph nodes on the same side of the chest as the tumor. The lymph nodes with cancer are near the sternum (chest bone) or where the bronchus enters the lung. Also:            - The tumor may be any size.     - There may be separate tumors in different lobes of the same lung.     - Cancer has spread to any of the following:                  - Heart.        - Major blood vessels that lead to or from the heart.        - Trachea.        - Esophagus.       - Nerve that controls the larynx (voice box).       - Sternum (chest bone) or backbone.        - Carina (where the trachea joins the bronchi).                         Stage IV     In stage IV, the tumor may be any size and cancer may have spread to lymph nodes. One or more of the following is true:            - There are one or more tumors in both lungs.     - Cancer is found in fluid around the lungs or the heart.     - Cancer has spread to other parts of the body, such as the brain, liver, adrenal glands, kidneys, or bone.",cancer,train,CancerQA.csv
What are the treatments for Non-Small Cell Lung Cancer ?,"Key Points
                    - There are different types of treatment for patients with non-small cell lung cancer.    - Nine types of standard treatment are used:         - Surgery      - Radiation therapy      - Chemotherapy      - Targeted therapy     - Laser therapy     - Photodynamic therapy (PDT)     - Cryosurgery     - Electrocautery     - Watchful waiting        - New types of treatment are being tested in clinical trials.          - Chemoprevention     - Radiosensitizers     - New combinations        - Patients may want to think about taking part in a clinical trial.    - Patients can enter clinical trials before, during, or after starting their cancer treatment.    - Follow-up tests may be needed.
                
                
                    There are different types of treatment for patients with non-small cell lung cancer.
                    Different types of treatments are available for patients with non-small cell lung cancer. Some treatments are standard (the currently used treatment), and some are being tested in clinical trials. A treatment clinical trial is a research study meant to help improve current treatments or obtain information on new treatments for patients with cancer. When clinical trials show that a new treatment is better than the standard treatment, the new treatment may become the standard treatment. Patients may want to think about taking part in a clinical trial. Some clinical trials are open only to patients who have not started treatment.
                
                
                    Nine types of standard treatment are used:
                    Surgery     Four types of surgery are used to treat lung cancer:            -  Wedge resection: Surgery to remove a tumor and some of the normal tissue around it. When a slightly larger amount of tissue is taken, it is called a segmental resection.     -  Lobectomy: Surgery to remove a whole lobe (section) of the lung.     -  Pneumonectomy: Surgery to remove one whole lung.     -  Sleeve resection: Surgery to remove part of the bronchus.           Even if the doctor removes all the cancer that can be seen at the time of the surgery, some patients may be given chemotherapy or radiation therapy after surgery to kill any cancer cells that are left. Treatment given after the surgery, to lower the risk that the cancer will come back, is called adjuvant therapy.       Radiation therapy     Radiation therapy is a cancer treatment that uses high-energy x-rays or other types of radiation to kill cancer cells or keep them from growing. There are two types of radiation therapy:             -  External radiation therapy uses a machine outside the body to send radiation toward the cancer.     -  Internal radiation therapy uses a radioactive substance sealed in needles, seeds, wires, or catheters that are placed directly into or near the cancer.             Stereotactic body radiation therapy is a type of external radiation therapy. Special equipment is used to place the patient in the same position for each radiation treatment. Once a day for several days, a radiation machine aims a larger than usual dose of radiation directly at the tumor. By having the patient in the same position for each treatment, there is less damage to nearby healthy tissue. This procedure is also called stereotactic external-beam radiation therapy and stereotaxic radiation therapy.     Stereotactic radiosurgery is a type of external radiation therapy used to treat lung cancer that has spread to the brain. A rigid head frame is attached to the skull to keep the head still during the radiation treatment. A machine aims a single large dose of radiation directly at the tumor in the brain. This procedure does not involve surgery. It is also called stereotaxic radiosurgery, radiosurgery, and radiation surgery.    For tumors in the airways, radiation is given directly to the tumor through an endoscope.     The way the radiation therapy is given depends on the type and stage of the cancer being treated. It also depends on where the cancer is found. External and internal radiation therapy are used to treat non-small cell lung cancer.       Chemotherapy     Chemotherapy is a cancer treatment that uses drugs to stop the growth of cancer cells, either by killing the cells or by stopping them from dividing. When chemotherapy is taken by mouth or injected into a vein or muscle, the drugs enter the bloodstream and can reach cancer cells throughout the body (systemic chemotherapy). When chemotherapy is placed directly into the cerebrospinal fluid, an organ, or a body cavity such as the abdomen, the drugs mainly affect cancer cells in those areas (regional chemotherapy).     The way the chemotherapy is given depends on the type and stage of the cancer being treated.    See Drugs Approved for Non-Small Cell Lung Cancer for more information.       Targeted therapy     Targeted therapy is a type of treatment that uses drugs or other substances to attack specific cancer cells. Targeted therapies usually cause less harm to normal cells than chemotherapy or radiation therapy do. Monoclonal antibodies and tyrosine kinase inhibitors are the two main types of targeted therapy being used to treat advanced, metastatic, or recurrent non-small cell lung cancer.     Monoclonal antibodies     Monoclonal antibody therapy is a cancer treatment that uses antibodies made in the laboratory from a single type of immune system cell. These antibodies can identify substances on cancer cells or normal substances in the blood or tissues that may help cancer cells grow. The antibodies attach to the substances and kill the cancer cells, block their growth, or keep them from spreading. Monoclonal antibodies are given by infusion. They may be used alone or to carry drugs, toxins, or radioactive material directly to cancer cells.    There are different types of monoclonal antibody therapy:            -  Vascular endothelial growth factor (VEGF) inhibitor therapy: Cancer cells make a substance called VEGF, which causes new blood vessels to form (angiogenesis) and helps the cancer grow. VEGF inhibitors block VEGF and stop new blood vessels from forming. This may kill cancer cells because they need new blood vessels to grow. Bevacizumab and ramucirumab are VEGF inhibitors and angiogenesis inhibitors.     -  Epidermal growth factor receptor (EGFR) inhibitor therapy: EGFRs are proteins found on the surface of certain cells, including cancer cells. Epidermal growth factor attaches to the EGFR on the surface of the cell and causes the cells to grow and divide. EGFR inhibitors block the receptor and stop the epidermal growth factor from attaching to the cancer cell. This stops the cancer cell from growing and dividing. Cetuximab and necitumumab are EGFR inhibitors.     -  Immune checkpoint inhibitor therapy: PD-1 is a protein on the surface of T cells that helps keep the bodys immune responses in check. When PD-1 attaches to another protein called PDL-1 on a cancer cell, it stops the T cell from killing the cancer cell. PD-1 inhibitors attach to PDL-1 and allow the T cells to kill cancer cells. Nivolumab, pembrolizumab, and atezolizumab are types of immune checkpoint inhibitors.            Tyrosine kinase inhibitors     Tyrosine kinase inhibitors are small-molecule drugs that go through the cell membrane and work inside cancer cells to block signals that cancer cells need to grow and divide. Some tyrosine kinase inhibitors also have angiogenesis inhibitor effects.    There are different types of tyrosine kinase inhibitors:            -  Epidermal growth factor receptor (EGFR) tyrosine kinase inhibitors: EGFRs are proteins found on the surface and inside certain cells, including cancer cells. Epidermal growth factor attaches to the EGFR inside the cell and sends signals to the tyrosine kinase area of the cell, which tells the cell to grow and divide. EGFR tyrosine kinase inhibitors stop these signals and stop the cancer cell from growing and dividing. Erlotinib, gefitinib, and afatinib are types of EGFR tyrosine kinase inhibitors. Some of these drugs work better when there is also a mutation (change) in the EGFR gene.     -  Kinase inhibitors that affect cells with certain gene changes: Certain changes in the ALK  and ROS1 genes cause too much protein to be made. Blocking these proteins may stop the cancer from growing and spreading. Crizotinib is used to stop proteins from being made by the ALK and ROS1 gene. Ceritinib is used to stop proteins from being made by the ALK gene.           See Drugs Approved for Non-Small Cell Lung Cancer for more information.       Laser therapy     Laser therapy is a cancer treatment that uses a laser beam (a narrow beam of intense light) to kill cancer cells.       Photodynamic therapy (PDT)     Photodynamic therapy (PDT) is a cancer treatment that uses a drug and a certain type of laser light to kill cancer cells. A drug that is not active until it is exposed to light is injected into a vein. The drug collects more in cancer cells than in normal cells. Fiberoptic tubes are then used to carry the laser light to the cancer cells, where the drug becomes active and kills the cells. Photodynamic therapy causes little damage to healthy tissue. It is used mainly to treat tumors on or just under the skin or in the lining of internal organs. When the tumor is in the airways, PDT is given directly to the tumor through an endoscope.       Cryosurgery     Cryosurgery is a treatment that uses an instrument to freeze and destroy abnormal tissue, such as carcinoma in situ. This type of treatment is also called cryotherapy. For tumors in the airways, cryosurgery is done through an endoscope.       Electrocautery    Electrocautery is a treatment that uses a probe or needle heated by an electric current to destroy abnormal tissue. For tumors in the airways, electrocautery is done through an endoscope.       Watchful waiting     Watchful waiting is closely monitoring a patients condition without giving any treatment until signs or symptoms appear or change. This may be done in certain rare cases of non-small cell lung cancer.
                
                
                    New types of treatment are being tested in clinical trials.
                    This summary section describes treatments that are being studied in clinical trials. It may not mention every new treatment being studied. Information about clinical trials is available from the NCI website.     Chemoprevention     Chemoprevention is the use of drugs, vitamins, or other substances to reduce the risk of cancer or to reduce the risk cancer will recur (come back). For lung cancer, chemoprevention is used to lessen the chance that a new tumor will form in the lung.       Radiosensitizers     Radiosensitizers are substances that make tumor cells easier to kill with radiation therapy. The combination of chemotherapy and radiation therapy given with a radiosensitizer is being studied in the treatment of non-small cell lung cancer.       New combinations    New combinations of treatments are being studied in clinical trials.
                
                
                    Patients may want to think about taking part in a clinical trial.
                    For some patients, taking part in a clinical trial may be the best treatment choice. Clinical trials are part of the cancer research process. Clinical trials are done to find out if new cancer treatments are safe and effective or better than the standard treatment.   Many of today's standard treatments for cancer are based on earlier clinical trials. Patients who take part in a clinical trial may receive the standard treatment or be among the first to receive a new treatment.   Patients who take part in clinical trials also help improve the way cancer will be treated in the future. Even when clinical trials do not lead to effective new treatments, they often answer important questions and help move research forward.
                
                
                    Patients can enter clinical trials before, during, or after starting their cancer treatment.
                    Some clinical trials only include patients who have not yet received treatment. Other trials test treatments for patients whose cancer has not gotten better. There are also clinical trials that test new ways to stop cancer from recurring (coming back) or reduce the side effects of cancer treatment.   Clinical trials are taking place in many parts of the country. See the Treatment Options section that follows for links to current treatment clinical trials. These have been retrieved from NCI's listing of clinical trials.
                
                
                    Follow-up tests may be needed.
                    Some of the tests that were done to diagnose the cancer or to find out the stage of the cancer may be repeated. Some tests will be repeated in order to see how well the treatment is working. Decisions about whether to continue, change, or stop treatment may be based on the results of these tests.   Some of the tests will continue to be done from time to time after treatment has ended. The results of these tests can show if your condition has changed or if the cancer has recurred (come back). These tests are sometimes called follow-up tests or check-ups.
                
		        
		            Treatment Options by Stage
		            
		                
		                    Occult Non-Small Cell Lung Cancer
		                    Treatment of occult non-small cell lung cancer depends on the stage of the disease. Occult tumors are often found at an early stage (the tumor is in the lung only) and sometimes can be cured by surgery.   Check the list of NCI-supported cancer clinical trials that are now accepting patients with occult non-small cell lung cancer. For more specific results, refine the search by using other search features, such as the location of the trial, the type of treatment, or the name of the drug. Talk with your doctor about clinical trials that may be right for you. General information about clinical trials is available from the NCI website.
		                
		                
		                    Stage 0 (Carcinoma in Situ)
		                    Treatment of stage 0 may include the following:         -  Surgery (wedge resection or segmental resection).     -  Photodynamic therapy for tumors in or near the bronchus.     - Electrocautery, cryosurgery, or laser surgery for tumors in or near the bronchus.        Check the list of NCI-supported cancer clinical trials that are now accepting patients with stage 0 non-small cell lung cancer. For more specific results, refine the search by using other search features, such as the location of the trial, the type of treatment, or the name of the drug. Talk with your doctor about clinical trials that may be right for you. General information about clinical trials is available from the NCI website.
		                
		                
		                    Stage I Non-Small Cell Lung Cancer
		                    Treatment of stage I non-small cell lung cancer may include the following:         -  Surgery (wedge resection, segmental resection, sleeve resection, or lobectomy).    -  External radiation therapy, including stereotactic body radiation therapy for patients who cannot have surgery or choose not to have surgery.     - A clinical trial of chemotherapy or radiation therapy following surgery.     - A clinical trial of treatment given through an endoscope, such as photodynamic therapy (PDT).     - A clinical trial of surgery followed by chemoprevention.        Check the list of NCI-supported cancer clinical trials that are now accepting patients with stage I non-small cell lung cancer. For more specific results, refine the search by using other search features, such as the location of the trial, the type of treatment, or the name of the drug. Talk with your doctor about clinical trials that may be right for you. General information about clinical trials is available from the NCI website.
		                
		                
		                    Stage II Non-Small Cell Lung Cancer
		                    Treatment of stage II non-small cell lung cancer may include the following:         -  Surgery (wedge resection, segmental resection, sleeve resection, lobectomy, or pneumonectomy).    -  Chemotherapy followed by surgery.    - Surgery followed by chemotherapy.    -  External radiation therapy for patients who cannot have surgery.     - A clinical trial of radiation therapy following surgery.         Check the list of NCI-supported cancer clinical trials that are now accepting patients with stage II non-small cell lung cancer. For more specific results, refine the search by using other search features, such as the location of the trial, the type of treatment, or the name of the drug. Talk with your doctor about clinical trials that may be right for you. General information about clinical trials is available from the NCI website.
		                
		                
		                    Stage IIIA Non-Small Cell Lung Cancer
		                    Treatment of stage IIIA non-small cell lung cancer that can be removed with surgery may include the following:         - Surgery followed by chemotherapy.    - Surgery followed by radiation therapy.    - Chemotherapy followed by surgery.    - Surgery followed by chemotherapy combined with radiation therapy.     - Chemotherapy and radiation therapy followed by surgery.    - A clinical trial of new combinations of treatments.        Treatment of stage IIIA non-small cell lung cancer that cannot be removed with surgery may include the following:         - Chemotherapy and radiation therapy given over the same period of time or one followed by the other.    -  External radiation therapy alone for patients who cannot be treated with combined therapy, or as palliative treatment to relieve symptoms and improve the quality of life.    -  Internal radiation therapy or laser surgery, as palliative treatment to relieve symptoms and improve the quality of life.     - A clinical trial of new combinations of treatments.        For more information about supportive care for signs and symptoms including cough, shortness of breath, and chest pain, see the PDQ summary on Cardiopulmonary Syndromes.    Non-small cell lung cancer of the superior sulcus, often called Pancoast tumor, begins in the upper part of the lung and spreads to nearby tissues such as the chest wall, large blood vessels, and spine. Treatment of Pancoast tumors may include the following:         - Radiation therapy alone.    - Radiation therapy followed by surgery.    - Chemotherapy and radiation therapy given as separate treatments over the same period of time. Surgery may also be done after chemotherapy and radiation therapy.    - Surgery alone.    - A clinical trial of new combinations of treatments.        Some stage IIIA non-small cell lung tumors that have grown into the chest wall may be completely removed. Treatment of chest wall tumors may include the following:         - Surgery.    - Surgery and radiation therapy.    - Radiation therapy alone.    - Chemotherapy combined with radiation therapy and/or surgery.    - A clinical trial of new combinations of treatments.        Check the list of NCI-supported cancer clinical trials that are now accepting patients with stage III non-small cell lung cancer. For more specific results, refine the search by using other search features, such as the location of the trial, the type of treatment, or the name of the drug. Talk with your doctor about clinical trials that may be right for you. General information about clinical trials is available from the NCI website.
		                
		                
		                    Stage IIIB Non-Small Cell Lung Cancer
		                    Treatment of stage IIIB non-small cell lung cancer may include the following:         -  Chemotherapy followed by external radiation therapy.    - Chemotherapy and radiation therapy given as separate treatments over the same period of time.    - Chemotherapy followed by surgery.    - External radiation therapy alone for patients who cannot be treated with chemotherapy.    - External radiation therapy as palliative therapy, to relieve symptoms and improve the quality of life.    -  Laser therapy and/or internal radiation therapy to relieve symptoms and improve the quality of life.    -  Clinical trials of new external radiation therapy schedules and new types of treatment.    - A clinical trial of chemotherapy and radiation therapy combined with a radiosensitizer.     - Clinical trials of targeted therapy combined with chemotherapy and radiation therapy.        For more information about supportive care for signs and symptoms such as cough, shortness of breath, and chest pain, see the following PDQ summaries:         -  Cardiopulmonary Syndromes     -  Cancer Pain         Check the list of NCI-supported cancer clinical trials that are now accepting patients with stage III non-small cell lung cancer. For more specific results, refine the search by using other search features, such as the location of the trial, the type of treatment, or the name of the drug. Talk with your doctor about clinical trials that may be right for you. General information about clinical trials is available from the NCI website.
		                
		                
		                    Stage IV Non-Small Cell Lung Cancer
		                    Treatment of stage IV non-small cell lung cancer may include the following:         -  Chemotherapy.    - Chemotherapy followed by more chemotherapy as maintenance therapy to help keep cancer from progressing.    - Combination chemotherapy and targeted therapy with a monoclonal antibody, such as bevacizumab, cetuximab, or necitumumab.    - Targeted therapy with a monoclonal antibody, such as nivolumab, pembrolizumab, or atezolizumab.    - Targeted therapy with a tyrosine kinase inhibitor, such as erlotinib, gefitinib, afatinib, crizotinib, or ceritinib.    -  External radiation therapy as palliative therapy, to relieve symptoms and improve the quality of life.    -  Laser therapy and/or internal radiation therapy for tumors that are blocking the airways.    - A clinical trial of new drugs and combinations of treatments.        For more information about supportive care for signs and symptoms including cough, shortness of breath, and chest pain, see the following PDQ summaries:         -  Cardiopulmonary Syndromes     -  Cancer Pain     -  Last Days of Life         Check the list of NCI-supported cancer clinical trials that are now accepting patients with stage IV non-small cell lung cancer. For more specific results, refine the search by using other search features, such as the location of the trial, the type of treatment, or the name of the drug. Talk with your doctor about clinical trials that may be right for you. General information about clinical trials is available from the NCI website.",cancer,train,CancerQA.csv
what research (or clinical trials) is being done for Non-Small Cell Lung Cancer ?,"New types of treatment are being tested in clinical trials.
                    This summary section describes treatments that are being studied in clinical trials. It may not mention every new treatment being studied. Information about clinical trials is available from the NCI website.     Chemoprevention     Chemoprevention is the use of drugs, vitamins, or other substances to reduce the risk of cancer or to reduce the risk cancer will recur (come back). For lung cancer, chemoprevention is used to lessen the chance that a new tumor will form in the lung.       Radiosensitizers     Radiosensitizers are substances that make tumor cells easier to kill with radiation therapy. The combination of chemotherapy and radiation therapy given with a radiosensitizer is being studied in the treatment of non-small cell lung cancer.       New combinations    New combinations of treatments are being studied in clinical trials.
                
                
                    Patients may want to think about taking part in a clinical trial.
                    For some patients, taking part in a clinical trial may be the best treatment choice. Clinical trials are part of the cancer research process. Clinical trials are done to find out if new cancer treatments are safe and effective or better than the standard treatment.   Many of today's standard treatments for cancer are based on earlier clinical trials. Patients who take part in a clinical trial may receive the standard treatment or be among the first to receive a new treatment.   Patients who take part in clinical trials also help improve the way cancer will be treated in the future. Even when clinical trials do not lead to effective new treatments, they often answer important questions and help move research forward.
                
                
                    Patients can enter clinical trials before, during, or after starting their cancer treatment.
                    Some clinical trials only include patients who have not yet received treatment. Other trials test treatments for patients whose cancer has not gotten better. There are also clinical trials that test new ways to stop cancer from recurring (coming back) or reduce the side effects of cancer treatment.   Clinical trials are taking place in many parts of the country. See the Treatment Options section that follows for links to current treatment clinical trials. These have been retrieved from NCI's listing of clinical trials.",cancer,train,CancerQA.csv
What is (are) Uterine Sarcoma ?,"Key Points
                    - Uterine sarcoma is a disease in which malignant (cancer) cells form in the muscles of the uterus or other tissues that support the uterus.    - Being exposed to x-rays can increase the risk of uterine sarcoma.     - Signs of uterine sarcoma include abnormal bleeding.     - Tests that examine the uterus are used to detect (find) and diagnose uterine sarcoma.    - Certain factors affect prognosis (chance of recovery) and treatment options.
                
                
                    Uterine sarcoma is a disease in which malignant (cancer) cells form in the muscles of the uterus or other tissues that support the uterus.
                    The uterus is part of the female reproductive system. The uterus is the hollow, pear-shaped organ in the pelvis, where a fetus grows. The cervix is at the lower, narrow end of the uterus, and leads to the vagina.       Uterine sarcoma is a very rare kind of cancer that forms in the uterine muscles or in tissues that support the uterus. (Information about other types of sarcomas can be found in the PDQ summary on Adult Soft Tissue Sarcoma Treatment.) Uterine sarcoma is different from cancer of the endometrium, a disease in which cancer cells start growing inside the lining of the uterus. (See the PDQ summary on Endometrial Cancer Treatment for information).",cancer,train,CancerQA.csv
Who is at risk for Uterine Sarcoma? ?,"Being exposed to x-rays can increase the risk of uterine sarcoma. Anything that increases your risk of getting a disease is called a risk factor. Having a risk factor does not mean that you will get cancer; not having risk factors doesnt mean that you will not get cancer. Talk with your doctor if you think you may be at risk. Risk factors for uterine sarcoma include the following:         - Past treatment with radiation therapy to the pelvis.    - Treatment with tamoxifen for breast cancer. If you are taking this drug, have a pelvic exam every year and report any vaginal bleeding (other than menstrual bleeding) as soon as possible.",cancer,train,CancerQA.csv
What are the symptoms of Uterine Sarcoma ?,Signs of uterine sarcoma include abnormal bleeding. Abnormal bleeding from the vagina and other signs and symptoms may be caused by uterine sarcoma or by other conditions. Check with your doctor if you have any of the following:         - Bleeding that is not part of menstrual periods.    - Bleeding after menopause.    - A mass in the vagina.    - Pain or a feeling of fullness in the abdomen.    - Frequent urination.,cancer,test,CancerQA.csv
How to diagnose Uterine Sarcoma ?,"Tests that examine the uterus are used to detect (find) and diagnose uterine sarcoma. The following tests and procedures may be used:         -   Physical exam and history : An exam of the body to check general signs of health, including checking for signs of disease, such as lumps or anything else that seems unusual. A history of the patients health habits and past illnesses and treatments will also be taken.    -  Pelvic exam: An exam of the vagina, cervix, uterus, fallopian tubes, ovaries, and rectum. A speculum is inserted into the vagina and the doctor or nurse looks at the vagina and cervix for signs of disease. A Pap test of the cervix is usually done. The doctor or nurse also inserts one or two lubricated, gloved fingers of one hand into the vagina and places the other hand over the lower abdomen to feel the size, shape, and position of the uterus and ovaries. The doctor or nurse also inserts a lubricated, gloved finger into the rectum to feel for lumps or abnormal areas.    -  Pap test: A procedure to collect cells from the surface of the cervix and vagina. A piece of cotton, a brush, or a small wooden stick is used to gently scrape cells from the cervix and vagina. The cells are viewed under a microscope to find out if they are abnormal. This procedure is also called a Pap smear. Because uterine sarcoma begins inside the uterus, this cancer may not show up on the Pap test.     -   Transvaginal ultrasound exam: A procedure used to examine the vagina, uterus, fallopian tubes, and bladder. An ultrasound transducer (probe) is inserted into the vagina and used to bounce high-energy sound waves (ultrasound) off internal tissues or organs and make echoes. The echoes form a picture of body tissues called a sonogram. The doctor can identify tumors by looking at the sonogram.     -   Dilatation and curettage : A procedure to remove samples of tissue from the inner lining of the uterus. The cervix is dilated and a curette (spoon-shaped instrument) is inserted into the uterus to remove tissue. The tissue samples are checked under a microscope for signs of disease. This procedure is also called a D&C.    -   Endometrial biopsy : The removal of tissue from the endometrium (inner lining of the uterus) by inserting a thin, flexible tube through the cervix and into the uterus. The tube is used to gently scrape a small amount of tissue from the endometrium and then remove the tissue samples. A pathologist views the tissue under a microscope to look for cancer cells.",cancer,train,CancerQA.csv
What is the outlook for Uterine Sarcoma ?,Certain factors affect prognosis (chance of recovery) and treatment options. The prognosis (chance of recovery) and treatment options depend on the following:         - The stage of the cancer.    - The type and size of the tumor.    - The patient's general health.    - Whether the cancer has just been diagnosed or has recurred (come back).,cancer,train,CancerQA.csv
What are the stages of Uterine Sarcoma ?,"Key Points
                    -  After uterine sarcoma has been diagnosed, tests are done to find out if cancer cells have spread within the uterus or to other parts of the body.     - Uterine sarcoma may be diagnosed, staged, and treated in the same surgery.    - There are three ways that cancer spreads in the body.    - Cancer may spread from where it began to other parts of the body.    - The following stages are used for uterine sarcoma:         - Stage I     - Stage II     - Stage III     - Stage IV
                
                
                    After uterine sarcoma has been diagnosed, tests are done to find out if cancer cells have spread within the uterus or to other parts of the body.
                    The process used to find out if cancer has spread within the uterus or to other parts of the body is called staging. The information gathered from the staging process determines the stage of the disease. It is important to know the stage in order to plan treatment. The following procedures may be used in the staging process:         -   Blood chemistry studies : A procedure in which a blood sample is checked to measure the amounts of certain substances released into the blood by organs and tissues in the body. An unusual (higher or lower than normal) amount of a substance can be a sign of disease.    -   CA 125 assay : A test that measures the level of CA 125 in the blood. CA 125 is a substance released by cells into the bloodstream. An increased CA 125 level is sometimes a sign of cancer or other condition.    -   Chest x-ray : An x-ray of the organs and bones inside the chest. An x-ray is a type of energy beam that can go through the body and onto film, making a picture of areas inside the body.    -   Transvaginal ultrasound exam: A procedure used to examine the vagina, uterus, fallopian tubes, and bladder. An ultrasound transducer (probe) is inserted into the vagina and used to bounce high-energy sound waves (ultrasound) off internal tissues or organs and make echoes. The echoes form a picture of body tissues called a sonogram. The doctor can identify tumors by looking at the sonogram.     -   CT scan (CAT scan): A procedure that makes a series of detailed pictures of areas inside the body, such as the abdomen and pelvis, taken from different angles. The pictures are made by a computer linked to an x-ray machine. A dye may be injected into a vein or swallowed to help the organs or tissues to show up more clearly. This procedure is also called computed tomography, computerized tomography, or computerized axial tomography.     -   Cystoscopy : A procedure to look inside the bladder and urethra to check for abnormal areas. A cystoscope is inserted through the urethra into the bladder. A cystoscope is a thin, tube-like instrument with a light and a lens for viewing. It may also have a tool to remove tissue samples, which are checked under a microscope for signs of cancer.
                
                
                    Uterine sarcoma may be diagnosed, staged, and treated in the same surgery.
                    Surgery is used to diagnose, stage, and treat uterine sarcoma. During this surgery, the doctor removes as much of the cancer as possible. The following procedures may be used to diagnose, stage, and treat uterine sarcoma:         -  Laparotomy: A surgical procedure in which an incision (cut) is made in the wall of the abdomen to check the inside of the abdomen for signs of disease. The size of the incision depends on the reason the laparotomy is being done. Sometimes organs are removed or tissue samples are taken and checked under a microscope for signs of disease.     -  Abdominal and pelvic washings: A procedure in which a saline solution is placed into the abdominal and pelvic body cavities. After a short time, the fluid is removed and viewed under a microscope to check for cancer cells.    -  Total abdominal hysterectomy: A surgical procedure to remove the uterus and cervix through a large incision (cut) in the abdomen.     -  Bilateral salpingo-oophorectomy: Surgery to remove both ovaries and both fallopian tubes.    -  Lymphadenectomy: A surgical procedure in which lymph nodes are removed and checked under a microscope for signs of cancer. For a regional lymphadenectomy, some of the lymph nodes in the tumor area are removed. For a radical lymphadenectomy, most or all of the lymph nodes in the tumor area are removed. This procedure is also called lymph node dissection.         Treatment in addition to surgery may be given, as described in the Treatment Option Overview section of this summary.
                
                
                    There are three ways that cancer spreads in the body.
                    Cancer can spread through tissue, the lymph system, and the blood:         - Tissue. The cancer spreads from where it began by growing into nearby areas.     - Lymph system. The cancer spreads from where it began by getting into the lymph system. The cancer travels through the lymph vessels to other parts of the body.     - Blood. The cancer spreads from where it began by getting into the blood. The cancer travels through the blood vessels to other parts of the body.
                
                
                    Cancer may spread from where it began to other parts of the body.
                    When cancer spreads to another part of the body, it is called metastasis. Cancer cells break away from where they began (the primary tumor) and travel through the lymph system or blood.         - Lymph system. The cancer gets into the lymph system, travels through the lymph vessels, and forms a tumor (metastatic tumor) in another part of the body.    - Blood. The cancer gets into the blood, travels through the blood vessels, and forms a tumor (metastatic tumor) in another part of the body.        The metastatic tumor is the same type of cancer as the primary tumor. For example, if uterine sarcoma spreads to the lung, the cancer cells in the lung are actually uterine sarcoma cells. The disease is metastatic uterine sarcoma, not lung cancer.
                
                
                    The following stages are used for uterine sarcoma:
                    Stage I    In stage I, cancer is found in the uterus only. Stage I is divided into stages IA and IB, based on how far the cancer has spread.            -  Stage IA: Cancer is in the endometrium only or less than halfway through the myometrium (muscle layer of the uterus).     -  Stage IB: Cancer has spread halfway or more into the myometrium.              Stage II    In stage II, cancer has spread into connective tissue of the cervix, but has not spread outside the uterus.       Stage III    In stage III, cancer has spread beyond the uterus and cervix, but has not spread beyond the pelvis. Stage III is divided into stages IIIA, IIIB, and IIIC, based on how far the cancer has spread within the pelvis.            -  Stage IIIA: Cancer has spread to the outer layer of the uterus and/or to the fallopian tubes, ovaries, and ligaments of the uterus.     -  Stage IIIB: Cancer has spread to the vagina or to the parametrium (connective tissue and fat around the uterus).     -  Stage IIIC: Cancer has spread to lymph nodes in the pelvis and/or around the aorta (largest artery in the body, which carries blood away from the heart).              Stage IV    In stage IV, cancer has spread beyond the pelvis. Stage IV is divided into stages IVA and IVB, based on how far the cancer has spread.            -  Stage IVA: Cancer has spread to the bladder and/or bowel wall.     -  Stage IVB: Cancer has spread to other parts of the body beyond the pelvis, including the abdomen and/or lymph nodes in the groin.",cancer,train,CancerQA.csv
What are the treatments for Uterine Sarcoma ?,"Key Points
                    - There are different types of treatment for patients with uterine sarcoma.    - Four types of standard treatment are used:         - Surgery     - Radiation therapy     - Chemotherapy     - Hormone therapy        -  New types of treatment are being tested in clinical trials.     - Patients may want to think about taking part in a clinical trial.    - Patients can enter clinical trials before, during, or after starting their cancer treatment.    - Follow-up tests may be needed.
                
                
                    There are different types of treatment for patients with uterine sarcoma.
                    Different types of treatments are available for patients with uterine sarcoma. Some treatments are standard (the currently used treatment), and some are being tested in clinical trials. A treatment clinical trial is a research study meant to help improve current treatments or obtain information on new treatments for patients with cancer. When clinical trials show that a new treatment is better than the standard treatment, the new treatment may become the standard treatment. Patients may want to think about taking part in a clinical trial. Some clinical trials are open only to patients who have not started treatment.
                
                
                    Four types of standard treatment are used:
                    Surgery     Surgery is the most common treatment for uterine sarcoma, as described in the Stages of Uterine Sarcoma section of this summary.    Even if the doctor removes all the cancer that can be seen at the time of the surgery, some patients may be given chemotherapy or radiation therapy after surgery to kill any cancer cells that are left. Treatment given after the surgery, to lower the risk that the cancer will come back, is called adjuvant therapy.       Radiation therapy    Radiation therapy is a cancer treatment that uses high energy x-rays or other types of radiation to kill cancer cells or keep them from growing. There are two types of radiation therapy:             -  External radiation therapy uses a machine outside the body to send radiation toward the cancer.     -  Internal radiation therapy uses a radioactive substance sealed in needles, seeds, wires, or catheters that are placed directly into or near the cancer.           The way the radiation therapy is given depends on the type and stage of the cancer being treated. External and internal radiation therapy are used to treat uterine sarcoma, and may also be used as palliative therapy to relieve symptoms and improve quality of life.       Chemotherapy    Chemotherapy is a cancer treatment that uses drugs to stop the growth of cancer cells, either by killing the cells or by stopping them from dividing. When chemotherapy is taken by mouth or injected into a vein or muscle, the drugs enter the bloodstream and can reach cancer cells throughout the body (systemic chemotherapy). When chemotherapy is placed directly into the cerebrospinal fluid, an organ, or a body cavity such as the abdomen, the drugs mainly affect cancer cells in those areas (regional chemotherapy). The way the chemotherapy is given depends on the type and stage of the cancer being treated.       Hormone therapy     Hormone therapy is a cancer treatment that removes hormones or blocks their action and stops cancer cells from growing. Hormones are substances produced by glands in the body and circulated in the bloodstream. Some hormones can cause certain cancers to grow. If tests show the cancer cells have places where hormones can attach (receptors), drugs, surgery, or radiation therapy is used to reduce the production of hormones or block them from working.
                
                
                    New types of treatment are being tested in clinical trials.
                    Information about clinical trials is available from the NCI website.
                
                
                    Patients may want to think about taking part in a clinical trial.
                    For some patients, taking part in a clinical trial may be the best treatment choice. Clinical trials are part of the cancer research process. Clinical trials are done to find out if new cancer treatments are safe and effective or better than the standard treatment.   Many of today's standard treatments for cancer are based on earlier clinical trials. Patients who take part in a clinical trial may receive the standard treatment or be among the first to receive a new treatment.   Patients who take part in clinical trials also help improve the way cancer will be treated in the future. Even when clinical trials do not lead to effective new treatments, they often answer important questions and help move research forward.
                
                
                    Patients can enter clinical trials before, during, or after starting their cancer treatment.
                    Some clinical trials only include patients who have not yet received treatment. Other trials test treatments for patients whose cancer has not gotten better. There are also clinical trials that test new ways to stop cancer from recurring (coming back) or reduce the side effects of cancer treatment.   Clinical trials are taking place in many parts of the country. See the Treatment Options section that follows for links to current treatment clinical trials. These have been retrieved from NCI's listing of clinical trials.
                
                
                    Follow-up tests may be needed.
                    Some of the tests that were done to diagnose the cancer or to find out the stage of the cancer may be repeated. Some tests will be repeated in order to see how well the treatment is working. Decisions about whether to continue, change, or stop treatment may be based on the results of these tests.   Some of the tests will continue to be done from time to time after treatment has ended. The results of these tests can show if your condition has changed or if the cancer has recurred (come back). These tests are sometimes called follow-up tests or check-ups.
                
		        
		            Treatment Options by Stage
		            
		                
		                    Stage I Uterine Sarcoma
		                    Treatment of stage I uterine sarcoma may include the following:         -  Surgery (total abdominal hysterectomy, bilateral salpingo-oophorectomy, and lymphadenectomy).    - Surgery followed by radiation therapy to the pelvis.     - Surgery followed by chemotherapy.        Check the list of NCI-supported cancer clinical trials that are now accepting patients with stage I uterine sarcoma. For more specific results, refine the search by using other search features, such as the location of the trial, the type of treatment, or the name of the drug. Talk with your doctor about clinical trials that may be right for you. General information about clinical trials is available from the NCI website.
		                
		                
		                    Stage II Uterine Sarcoma
		                    Treatment of stage II uterine sarcoma may include the following:         -  Surgery (total abdominal hysterectomy, bilateral salpingo-oophorectomy, and lymphadenectomy).     - Surgery followed by radiation therapy to the pelvis.    - Surgery followed by chemotherapy.        Check the list of NCI-supported cancer clinical trials that are now accepting patients with stage II uterine sarcoma. For more specific results, refine the search by using other search features, such as the location of the trial, the type of treatment, or the name of the drug. Talk with your doctor about clinical trials that may be right for you. General information about clinical trials is available from the NCI website.
		                
		                
		                    Stage III Uterine Sarcoma
		                    Treatment of stage III uterine sarcoma may include the following:         -  Surgery (total abdominal hysterectomy, bilateral salpingo-oophorectomy, and lymphadenectomy).    - A clinical trial of surgery followed by radiation therapy to the pelvis.    - A clinical trial of surgery followed by chemotherapy.        Check the list of NCI-supported cancer clinical trials that are now accepting patients with stage III uterine sarcoma. For more specific results, refine the search by using other search features, such as the location of the trial, the type of treatment, or the name of the drug. Talk with your doctor about clinical trials that may be right for you. General information about clinical trials is available from the NCI website.
		                
		                
		                    Stage IV Uterine Sarcoma
		                    There is no standard treatment for patients with stage IV uterine sarcoma. Treatment may include a clinical trial using chemotherapy.    Check the list of NCI-supported cancer clinical trials that are now accepting patients with stage IV uterine sarcoma. For more specific results, refine the search by using other search features, such as the location of the trial, the type of treatment, or the name of the drug. Talk with your doctor about clinical trials that may be right for you. General information about clinical trials is available from the NCI website.",cancer,train,CancerQA.csv
what research (or clinical trials) is being done for Uterine Sarcoma ?,"New types of treatment are being tested in clinical trials.
                    Information about clinical trials is available from the NCI website.
                
                
                    Patients may want to think about taking part in a clinical trial.
                    For some patients, taking part in a clinical trial may be the best treatment choice. Clinical trials are part of the cancer research process. Clinical trials are done to find out if new cancer treatments are safe and effective or better than the standard treatment.   Many of today's standard treatments for cancer are based on earlier clinical trials. Patients who take part in a clinical trial may receive the standard treatment or be among the first to receive a new treatment.   Patients who take part in clinical trials also help improve the way cancer will be treated in the future. Even when clinical trials do not lead to effective new treatments, they often answer important questions and help move research forward.
                
                
                    Patients can enter clinical trials before, during, or after starting their cancer treatment.
                    Some clinical trials only include patients who have not yet received treatment. Other trials test treatments for patients whose cancer has not gotten better. There are also clinical trials that test new ways to stop cancer from recurring (coming back) or reduce the side effects of cancer treatment.   Clinical trials are taking place in many parts of the country. See the Treatment Options section that follows for links to current treatment clinical trials. These have been retrieved from NCI's listing of clinical trials.",cancer,train,CancerQA.csv
What is (are) Extragonadal Germ Cell Tumors ?,"Key Points
                    - Extragonadal germ cell tumors form from developing sperm or egg cells that travel from the gonads to other parts of the body.    - Age and gender can affect the risk of extragonadal germ cell tumors.     - Signs and symptoms of extragonadal germ cell tumors include breathing problems and chest pain.     - Imaging and blood tests are used to detect (find) and diagnose extragonadal germ cell tumors.    - Certain factors affect prognosis (chance of recovery) and treatment options.
                
                
                    Extragonadal germ cell tumors form from developing sperm or egg cells that travel from the gonads to other parts of the body.
                    "" Extragonadal"" means outside of the gonads (sex organs). When cells that are meant to form sperm in the testicles or eggs in the ovaries travel to other parts of the body, they may grow into extragonadal germ cell tumors. These tumors may begin to grow anywhere in the body but usually begin in organs such as the pineal gland in the brain, in the mediastinum (area between the lungs), or in the retroperitoneum (the back wall of the abdomen).     Extragonadal germ cell tumors can be benign (noncancer) or malignant (cancer). Benign extragonadal germ cell tumors are called benign teratomas. These are more common than malignant extragonadal germ cell tumors and often are very large.   Malignant extragonadal germ cell tumors are divided into two types, nonseminoma and seminoma. Nonseminomas tend to grow and spread more quickly than seminomas. They usually are large and cause signs and symptoms. If untreated, malignant extragonadal germ cell tumors may spread to the lungs, lymph nodes, bones, liver, or other parts of the body.   For information about germ cell tumors in the ovaries and testicles, see the following PDQ summaries:         -  Ovarian Germ Cell Tumors Treatment     -  Testicular Cancer Treatment",cancer,train,CancerQA.csv
Who is at risk for Extragonadal Germ Cell Tumors? ?,Age and gender can affect the risk of extragonadal germ cell tumors. Anything that increases your chance of getting a disease is called a risk factor. Having a risk factor does not mean that you will get cancer; not having risk factors doesnt mean that you will not get cancer. Talk with your doctor if you think you may be at risk. Risk factors for malignant extragonadal germ cell tumors include the following:         - Being male.    - Being age 20 or older.    - Having Klinefelter syndrome.,cancer,train,CancerQA.csv
What are the symptoms of Extragonadal Germ Cell Tumors ?,Signs and symptoms of extragonadal germ cell tumors include breathing problems and chest pain. Malignant extragonadal germ cell tumors may cause signs and symptoms as they grow into nearby areas. Other conditions may cause the same signs and symptoms. Check with your doctor if you have any of the following:         - Chest pain.    - Breathing problems.    - Cough.    -  Fever.    - Headache.    - Change in bowel habits.    - Feeling very tired.    - Trouble walking.    - Trouble in seeing or moving the eyes.,cancer,train,CancerQA.csv
How to diagnose Extragonadal Germ Cell Tumors ?,"Imaging and blood tests are used to detect (find) and diagnose extragonadal germ cell tumors. The following tests and procedures may be used:         -   Physical exam and history : An exam of the body to check general signs of health, including checking for signs of disease, such as lumps or anything else that seems unusual. The testicles may be checked for lumps, swelling, or pain. A history of the patient's health habits and past illnesses and treatments will also be taken.    -   Chest x-ray : An x-ray of the organs and bones inside the chest. An x-ray is a type of energy beam that can go through the body and onto film, making a picture of areas inside the body.    -   Serum tumor marker test : A procedure in which a sample of blood is examined to measure the amounts of certain substances released into the blood by organs, tissues, or tumor cells in the body. Certain substances are linked to specific types of cancer when found in increased levels in the blood. These are called tumor markers. The following three tumor markers are used to detect extragonadal germ cell tumor:                -  Alpha-fetoprotein (AFP).      -  Beta-human chorionic gonadotropin (-hCG).       -  Lactate dehydrogenase (LDH).         Blood levels of the tumor markers help determine if the tumor is a seminoma or nonseminoma.    -   CT scan (CAT scan): A procedure that makes a series of detailed pictures of areas inside the body, taken from different angles. The pictures are made by a computer linked to an x-ray machine. A dye may be injected into a vein or swallowed to help the organs or tissues show up more clearly. This procedure is also called computed tomography, computerized tomography, or computerized axial tomography. Sometimes a CT scan and a PET scan are done at the same time. A PET scan is a procedure to find malignant tumor cells in the body. A small amount of radioactive glucose (sugar) is injected into a vein. The PET scanner rotates around the body and makes a picture of where glucose is being used in the body. Malignant tumor cells show up brighter in the picture because they are more active and take up more glucose than normal cells do. When a PET scan and CT scan are done at the same time, it is called a PET-CT.    -   Biopsy : The removal of cells or tissues so they can be viewed under a microscope by a pathologist to check for signs of cancer. The type of biopsy used depends on where the extragonadal germ cell tumor is found.                -  Excisional biopsy : The removal of an entire lump of tissue.      -  Incisional biopsy : The removal of part of a lump or sample of tissue.      -  Core biopsy : The removal of tissue using a wide needle.      -  Fine-needle aspiration (FNA) biopsy : The removal of tissue or fluid using a thin needle.",cancer,train,CancerQA.csv
What is the outlook for Extragonadal Germ Cell Tumors ?,"Certain factors affect prognosis (chance of recovery) and treatment options. The prognosis (chance of recovery) and treatment options depend on the following:         - Whether the tumor is nonseminoma or seminoma.    - The size of the tumor and where it is in the body.     - The blood levels of AFP, -hCG, and LDH.    - Whether the tumor has spread to other parts of the body.    - The way the tumor responds to initial treatment.    - Whether the tumor has just been diagnosed or has recurred (come back).",cancer,train,CancerQA.csv
What are the stages of Extragonadal Germ Cell Tumors ?,"Key Points
                    - After an extragonadal germ cell tumor has been diagnosed, tests are done to find out if cancer cells have spread to other parts of the body.     - There are three ways that cancer spreads in the body.    - Cancer may spread from where it began to other parts of the body.    -  The following prognostic groups are used for extragonadal germ cell tumors:         - Good prognosis     - Intermediate prognosis     - Poor prognosis
                
                
                    After an extragonadal germ cell tumor has been diagnosed, tests are done to find out if cancer cells have spread to other parts of the body.
                    The extent or spread of cancer is usually described as stages. For extragonadal germ cell tumors, prognostic groups are used instead of stages. The tumors are grouped according to how well the cancer is expected to respond to treatment. It is important to know the prognostic group in order to plan treatment.
                
                
                    There are three ways that cancer spreads in the body.
                    Cancer can spread through tissue, the lymph system, and the blood:         - Tissue. The cancer spreads from where it began by growing into nearby areas.     - Lymph system. The cancer spreads from where it began by getting into the lymph system. The cancer travels through the lymph vessels to other parts of the body.     - Blood. The cancer spreads from where it began by getting into the blood. The cancer travels through the blood vessels to other parts of the body.
                
                
                    Cancer may spread from where it began to other parts of the body.
                    When cancer spreads to another part of the body, it is called metastasis. Cancer cells break away from where they began (the primary tumor) and travel through the lymph system or blood.         - Lymph system. The cancer gets into the lymph system, travels through the lymph vessels, and forms a tumor (metastatic tumor) in another part of the body.    - Blood. The cancer gets into the blood, travels through the blood vessels, and forms a tumor (metastatic tumor) in another part of the body.        The metastatic tumor is the same type of tumor as the primary tumor. For example, if an extragonadal germ cell tumor spreads to the lung, the tumor cells in the lung are actually cancerous germ cells. The disease is metastatic extragonadal germ cell tumor, not lung cancer.
                
                
                    The following prognostic groups are used for extragonadal germ cell tumors:
                    Good prognosis    A nonseminoma extragonadal germ cell tumor is in the good prognosis group if:             - the tumor is in the back of the abdomen; and     - the tumor has not spread to organs other than the lungs; and     - the levels of tumor markers AFP and -hCG are normal and LDH is slightly above normal.           A seminoma extragonadal germ cell tumor is in the good prognosis group if:            - the tumor has not spread to organs other than the lungs; and     - the level of AFP is normal; -hCG and LDH may be at any level.              Intermediate prognosis    A nonseminoma extragonadal germ cell tumor is in the intermediate prognosis group if:             - the tumor is in the back of the abdomen; and     - the tumor has not spread to organs other than the lungs; and     - the level of any one of the tumor markers (AFP, -hCG, or LDH) is more than slightly above normal.           A seminoma extragonadal germ cell tumor is in the intermediate prognosis group if:            - the tumor has spread to organs other than the lungs; and     - the level of AFP is normal; -hCG and LDH may be at any level.              Poor prognosis    A nonseminoma extragonadal germ cell tumor is in the poor prognosis group if:            - the tumor is in the chest; or     -  the tumor has spread to organs other than the lungs; or     - the level of any one of the tumor markers (AFP, -hCG, or LDH) is high.            Seminoma extragonadal germ cell tumor does not have a poor prognosis group.",cancer,train,CancerQA.csv
What are the treatments for Extragonadal Germ Cell Tumors ?,"Key Points
                    - There are different types of treatment for patients with extragonadal germ cell tumors.    - Three types of standard treatment are used:         - Radiation therapy     - Chemotherapy     - Surgery        - New types of treatment are being tested in clinical trials.          - High-dose chemotherapy with stem cell transplant        - Patients may want to think about taking part in a clinical trial.    - Patients can enter clinical trials before, during, or after starting their cancer treatment.    - Follow-up tests may be needed.
                
                
                    There are different types of treatment for patients with extragonadal germ cell tumors.
                    Different types of treatments are available for patients with extragonadal germ cell tumors. Some treatments are standard (the currently used treatment), and some are being tested in clinical trials. A treatment clinical trial is a research study meant to help improve current treatments or obtain information on new treatments for patients with cancer. When clinical trials show that a new treatment is better than the standard treatment, the new treatment may become the standard treatment. Patients may want to think about taking part in a clinical trial. Some clinical trials are open only to patients who have not started treatment.
                
                
                    Three types of standard treatment are used:
                    Radiation therapy     Radiation therapy is a cancer treatment that uses high-energy x-rays or other types of radiation to kill cancer cells or keep them from growing. There are two types of radiation therapy:            -  External radiation therapy uses a machine outside the body to send radiation toward the cancer.     -  Internal radiation therapy uses a radioactive substance sealed in needles, seeds, wires, or catheters that are placed directly into or near the cancer.           The way the radiation therapy is given depends on the type and stage of the cancer being treated. External radiation therapy is used to treat seminoma.       Chemotherapy     Chemotherapy is a cancer treatment that uses drugs to stop the growth of cancer cells, either by killing the cells or by stopping them from dividing. When chemotherapy is taken by mouth or injected into a vein or muscle, the drugs enter the bloodstream and can reach cancer cells throughout the body (systemic chemotherapy). When chemotherapy is placed directly in the cerebrospinal fluid, an organ, or a body cavity such as the abdomen, the drugs mainly affect cancer cells in those areas (regional chemotherapy). The way the chemotherapy is given depends on the type and stage of the cancer being treated.       Surgery    Patients who have benign tumors or tumor remaining after chemotherapy or radiation therapy may need to have surgery.
                
                
                    New types of treatment are being tested in clinical trials.
                    This summary section describes treatments that are being studied in clinical trials. It may not mention every new treatment being studied. Information about clinical trials is available from the NCI website.     High-dose chemotherapy with stem cell transplant     High-dose chemotherapy with stem cell transplant is a method of giving high doses of chemotherapy and replacing blood -forming cells destroyed by the cancer treatment. Stem cells (immature blood cells) are removed from the blood or bone marrow of the patient or a donor and are frozen and stored. After the chemotherapy is completed, the stored stem cells are thawed and given back to the patient through an infusion. These reinfused stem cells grow into (and restore) the body's blood cells.
                
                
                    Patients may want to think about taking part in a clinical trial.
                    For some patients, taking part in a clinical trial may be the best treatment choice. Clinical trials are part of the cancer research process. Clinical trials are done to find out if new cancer treatments are safe and effective or better than the standard treatment.   Many of today's standard treatments for cancer are based on earlier clinical trials. Patients who take part in a clinical trial may receive the standard treatment or be among the first to receive a new treatment.   Patients who take part in clinical trials also help improve the way cancer will be treated in the future. Even when clinical trials do not lead to effective new treatments, they often answer important questions and help move research forward.
                
                
                    Patients can enter clinical trials before, during, or after starting their cancer treatment.
                    Some clinical trials only include patients who have not yet received treatment. Other trials test treatments for patients whose cancer has not gotten better. There are also clinical trials that test new ways to stop cancer from recurring (coming back) or reduce the side effects of cancer treatment.   Clinical trials are taking place in many parts of the country. See the Treatment Options section that follows for links to current treatment clinical trials. These have been retrieved from NCI's listing of clinical trials.
                
                
                    Follow-up tests may be needed.
                    Some of the tests that were done to diagnose the cancer or to find out the stage of the cancer may be repeated. Some tests will be repeated in order to see how well the treatment is working. Decisions about whether to continue, change, or stop treatment may be based on the results of these tests.   Some of the tests will continue to be done from time to time after treatment has ended. The results of these tests can show if your condition has changed or if the cancer has recurred (come back). These tests are sometimes called follow-up tests or check-ups.   After initial treatment for extragonadal germ cell tumors, blood levels of AFP and other tumor markers continue to be checked to find out how well the treatment is working.
                
		        
		            Treatment Options for Extragonadal Germ Cell Tumors
		            
		                
		                    Benign Teratoma
		                    Treatment of benign teratomas is surgery.    Check the list of NCI-supported cancer clinical trials that are now accepting patients with benign teratoma. For more specific results, refine the search by using other search features, such as the location of the trial, the type of treatment, or the name of the drug. Talk with your doctor about clinical trials that may be right for you. General information about clinical trials is available from the NCI website.
		                
		                
		                    Seminoma
		                    Treatment of seminoma extragonadal germ cell tumors may include the following:         -  Radiation therapy for small tumors in one area, followed by watchful waiting if there is tumor remaining after treatment.     -  Chemotherapy for larger tumors or tumors that have spread. If a tumor smaller than 3 centimeters remains after chemotherapy, watchful waiting follows. If a larger tumor remains after treatment, surgery or watchful waiting follow.        Check the list of NCI-supported cancer clinical trials that are now accepting patients with extragonadal seminoma. For more specific results, refine the search by using other search features, such as the location of the trial, the type of treatment, or the name of the drug. Talk with your doctor about clinical trials that may be right for you. General information about clinical trials is available from the NCI website.
		                
		                
		                    Nonseminoma
		                    Treatment of nonseminoma extragonadal germ cell tumors may include the following:         -  Combination chemotherapy followed by surgery to remove any remaining tumor.     - A clinical trial of a new treatment.        Check the list of NCI-supported cancer clinical trials that are now accepting patients with malignant extragonadal non-seminomatous germ cell tumor. For more specific results, refine the search by using other search features, such as the location of the trial, the type of treatment, or the name of the drug. Talk with your doctor about clinical trials that may be right for you. General information about clinical trials is available from the NCI website.
		                
		                
		                    Recurrent or Refractory Extragonadal Germ Cell Tumors
		                    Treatment of extragonadal germ cell tumors that are recurrent (come back after being treated) or refractory (do not get better during treatment) may include the following:         -  Chemotherapy.    - A clinical trial of high-dose chemotherapy with stem cell transplant.     - A clinical trial of a new treatment.        Check the list of NCI-supported cancer clinical trials that are now accepting patients with recurrent extragonadal germ cell tumor. For more specific results, refine the search by using other search features, such as the location of the trial, the type of treatment, or the name of the drug. Talk with your doctor about clinical trials that may be right for you. General information about clinical trials is available from the NCI website.",cancer,train,CancerQA.csv
what research (or clinical trials) is being done for Extragonadal Germ Cell Tumors ?,"New types of treatment are being tested in clinical trials.
                    This summary section describes treatments that are being studied in clinical trials. It may not mention every new treatment being studied. Information about clinical trials is available from the NCI website.     High-dose chemotherapy with stem cell transplant     High-dose chemotherapy with stem cell transplant is a method of giving high doses of chemotherapy and replacing blood -forming cells destroyed by the cancer treatment. Stem cells (immature blood cells) are removed from the blood or bone marrow of the patient or a donor and are frozen and stored. After the chemotherapy is completed, the stored stem cells are thawed and given back to the patient through an infusion. These reinfused stem cells grow into (and restore) the body's blood cells.
                
                
                    Patients may want to think about taking part in a clinical trial.
                    For some patients, taking part in a clinical trial may be the best treatment choice. Clinical trials are part of the cancer research process. Clinical trials are done to find out if new cancer treatments are safe and effective or better than the standard treatment.   Many of today's standard treatments for cancer are based on earlier clinical trials. Patients who take part in a clinical trial may receive the standard treatment or be among the first to receive a new treatment.   Patients who take part in clinical trials also help improve the way cancer will be treated in the future. Even when clinical trials do not lead to effective new treatments, they often answer important questions and help move research forward.
                
                
                    Patients can enter clinical trials before, during, or after starting their cancer treatment.
                    Some clinical trials only include patients who have not yet received treatment. Other trials test treatments for patients whose cancer has not gotten better. There are also clinical trials that test new ways to stop cancer from recurring (coming back) or reduce the side effects of cancer treatment.   Clinical trials are taking place in many parts of the country. See the Treatment Options section that follows for links to current treatment clinical trials. These have been retrieved from NCI's listing of clinical trials.",cancer,test,CancerQA.csv
What is (are) Endometrial Cancer ?,"Key Points
                    - Endometrial cancer is a disease in which malignant (cancer) cells form in the tissues of the endometrium.     - Endometrial cancer is the most common invasive cancer of the female reproductive system.
                
                
                    Endometrial cancer is a disease in which malignant (cancer) cells form in the tissues of the endometrium.
                    The endometrium is the lining of the uterus. The uterus is part of the female reproductive system. It is a hollow, pear-shaped, muscular organ in the pelvis, where a fetus grows.      Cancer of the endometrium is different from cancer of the muscle of the uterus, which is called sarcoma of the uterus. See the PDQ summary on Uterine Sarcoma Treatment for more information.   See the following PDQ summaries for more information about endometrial cancer:         -  Endometrial Cancer Screening     -  Endometrial Cancer Treatment
                
                
                    Endometrial cancer is the most common invasive cancer of the female reproductive system.
                    Endometrial cancer is diagnosed most often in postmenopausal women at an average age of 60 years .   From 2004 to 2013, the number of new cases of endometrial cancer increased slightly in white and African American women. From 2005 to 2014, the number of deaths from endometrial cancer also increased slightly in white and African American women. Compared with white women, rates of endometrial cancer are lower in Japanese Americans and in Latinas. The rates of endometrial cancer in white women are about the same as in African Americans or in native Hawaiians. The number of deaths from endometrial cancer is higher in African American women compared with women of other races.",cancer,train,CancerQA.csv
How to prevent Endometrial Cancer ?,"Key Points
                    - Avoiding risk factors and increasing protective factors may help prevent cancer.    - The following risk factors increase the risk of endometrial cancer:          - Endometrial hyperplasia     - Estrogen     - Tamoxifen     - Obesity, weight gain, metabolic syndrome, and diabetes     - Genetic factors        - The following protective factors decrease the risk of endometrial cancer:         - Pregnancy and breast-feeding     - Combination oral contraceptives     - Physical activity     - Cigarette smoking        - It is not known if the following factors affect the risk of endometrial cancer:         - Weight loss     - Fruits, vegetables, and vitamins        - Cancer prevention clinical trials are used to study ways to prevent cancer.    - New ways to prevent endometrial cancer are being studied in clinical trials.
                
                
                    Avoiding risk factors and increasing protective factors may help prevent cancer.
                    Avoiding cancer risk factors may help prevent certain cancers. Risk factors include smoking, being overweight, and not getting enough exercise. Increasing protective factors such as quitting smoking and exercising may also help prevent some cancers. Talk to your doctor or other health care professional about how you might lower your risk of cancer.
                
                
                    The following risk factors increase the risk of endometrial cancer:
                    Endometrial hyperplasia     Endometrial hyperplasia is an abnormal thickening of the endometrium (lining of the uterus). It is not cancer, but in some cases, it may lead to endometrial cancer.        Estrogen     Estrogen is a hormone made by the body. It helps the body develop and maintain female sex characteristics. Estrogen can affect the growth of some cancers, including endometrial cancer.     A woman's risk of developing endometrial cancer is increased by being exposed to estrogen in the following ways:            - Estrogen-only hormone replacement therapy: Estrogen may be given to replace the estrogen no longer produced by the ovaries in postmenopausal women or women whose ovaries have been removed. This is called hormone replacement therapy (HRT), or hormone therapy (HT). The use of HRT that contains only estrogen increases the risk of endometrial cancer and endometrial hyperplasia. For this reason, estrogen therapy alone is usually prescribed only for women who do not have a uterus. HRT that contains only estrogen also increases the risk of stroke and blood clots. When estrogen is combined with progestin (another hormone), it is called combination estrogen-progestin replacement therapy. For postmenopausal women, taking estrogen in combination with progestin does not increase the risk of endometrial cancer, but it does increase the risk of breast cancer. (See the Breast Cancer Prevention summary for more information.)     - Early menstruation: Beginning to have menstrual periods at an early age increases the number of years the body is exposed to estrogen and increases a woman's risk of endometrial cancer.     - Late menopause: Women who reach menopause at an older age are exposed to estrogen for a longer time and have an increased risk of endometrial cancer.     - Never being pregnant: Because estrogen levels are lower during pregnancy, women who have never been pregnant are exposed to estrogen for a longer time than women who have been pregnant. This increases the risk of endometrial cancer.               Tamoxifen     Tamoxifen is one of a group of drugs called selective estrogen receptor modulators, or SERMs. Tamoxifen acts like estrogen on some tissues in the body, such as the uterus, but blocks the effects of estrogen on other tissues, such as the breast. Tamoxifen is used to prevent breast cancer in women who are at high risk for the disease. However, using tamoxifen for more than 2 years increases the risk of endometrial cancer. This risk is greater in postmenopausal women.      Raloxifene is a SERM that is used to prevent bone weakness in postmenopausal women. However, it does not have estrogen-like effects on the uterus and has not been shown to increase the risk of endometrial cancer.        Obesity, weight gain, metabolic syndrome, and diabetes     Obesity, gaining weight as an adult, or having metabolic syndrome increases the risk of endometrial cancer. Obesity is related to other risk factors such as high estrogen levels, having extra fat around the waist, polycystic ovary syndrome, and lack of physical activity.    Having metabolic syndrome increases the risk of endometrial cancer. Metabolic syndrome is a condition that includes extra fat around the waist, high blood sugar, high blood pressure, and high levels of triglycerides (a type of fat) in the blood.        Genetic factors     Hereditary nonpolyposis colon cancer (HNPCC) syndrome (also known as Lynch Syndrome) is an inherited disorder caused by changes in certain genes. Women who have HNPCC syndrome have a much higher risk of developing endometrial cancer than women who do not have HNPCC syndrome.    Polycystic ovary syndrome (a disorder of the hormones made by the ovaries), and Cowden syndrome are inherited conditions that are linked to an increased risk of endometrial cancer.    Women with a family history of endometrial cancer in a first-degree relative (mother, sister, or daughter) are also at increased risk of endometrial cancer.
                
                
                    The following protective factors decrease the risk of endometrial cancer:
                    Pregnancy and breast-feeding    Estrogen levels are lower during pregnancy and when breast-feeding. The risk of endometrial cancer is lower in women who have had children. Breastfeeding for more than 18 months also decreases the risk of endometrial cancer.       Combination oral contraceptives    Taking contraceptives that combine estrogen and progestin (combination oral contraceptives) decreases the risk of endometrial cancer. The protective effect of combination oral contraceptives increases with the length of time they are used, and can last for many years after oral contraceptive use has been stopped.    While taking oral contraceptives, women have a higher risk of blood clots, stroke, and heart attack, especially women who smoke and are older than 35 years.       Physical activity    Physical activity at home (exercise) or on the job may lower the risk of endometrial cancer.        Cigarette smoking     Smoking at least 20 cigarettes a day may lower the risk of endometrial cancer. The risk of endometrial cancer is even lower in postmenopausal women who smoke.    However, there are many proven harms of smoking. Cigarette smokers live about 10 years less than nonsmokers. Cigarette smokers also have an increased risk of the following:            - Heart disease.     -  Head and neck cancers.     -  Lung cancer.     -  Bladder cancer.     -  Pancreatic cancer.
                
                
                    It is not known if the following factors affect the risk of endometrial cancer:
                    Weight loss    It is not known if losing weight decreases the risk of endometrial cancer.       Fruits, vegetables, and vitamins    A diet that includes, fruits, vegetables, phytoestrogen, soy, and vitamin D has not been found to affect the risk of endometrial cancer.     Taking multivitamins has little or no effect on the risk of common cancers, including endometrial cancer.
                
                
                    Cancer prevention clinical trials are used to study ways to prevent cancer.
                    Cancer prevention clinical trials are used to study ways to lower the risk of developing certain types of cancer. Some cancer prevention trials are conducted with healthy people who have not had cancer but who have an increased risk for cancer. Other prevention trials are conducted with people who have had cancer and are trying to prevent another cancer of the same type or to lower their chance of developing a new type of cancer. Other trials are done with healthy volunteers who are not known to have any risk factors for cancer.    The purpose of some cancer prevention clinical trials is to find out whether actions people take can prevent cancer. These may include eating fruits and vegetables, exercising, quitting smoking, or taking certain medicines, vitamins, minerals, or food supplements.
                
                
                    New ways to prevent endometrial cancer are being studied in clinical trials.
                    Clinical trials are taking place in many parts of the country. Information about clinical trials can be found in the Clinical Trials section of the NCI website. Check NCI's list of cancer clinical trials for endometrial cancer prevention trials that are now accepting patients.",cancer,train,CancerQA.csv
Who is at risk for Endometrial Cancer? ?,"Key Points
                    - Avoiding risk factors and increasing protective factors may help prevent cancer.    - The following risk factors increase the risk of endometrial cancer:          - Endometrial hyperplasia     - Estrogen     - Tamoxifen     - Obesity, weight gain, metabolic syndrome, and diabetes     - Genetic factors        - The following protective factors decrease the risk of endometrial cancer:         - Pregnancy and breast-feeding     - Combination oral contraceptives     - Physical activity     - Cigarette smoking        - It is not known if the following factors affect the risk of endometrial cancer:         - Weight loss     - Fruits, vegetables, and vitamins        - Cancer prevention clinical trials are used to study ways to prevent cancer.    - New ways to prevent endometrial cancer are being studied in clinical trials.
                
                
                    Avoiding risk factors and increasing protective factors may help prevent cancer.
                    Avoiding cancer risk factors may help prevent certain cancers. Risk factors include smoking, being overweight, and not getting enough exercise. Increasing protective factors such as quitting smoking and exercising may also help prevent some cancers. Talk to your doctor or other health care professional about how you might lower your risk of cancer.
                
                
                    The following risk factors increase the risk of endometrial cancer:
                    Endometrial hyperplasia     Endometrial hyperplasia is an abnormal thickening of the endometrium (lining of the uterus). It is not cancer, but in some cases, it may lead to endometrial cancer.        Estrogen     Estrogen is a hormone made by the body. It helps the body develop and maintain female sex characteristics. Estrogen can affect the growth of some cancers, including endometrial cancer.     A woman's risk of developing endometrial cancer is increased by being exposed to estrogen in the following ways:            - Estrogen-only hormone replacement therapy: Estrogen may be given to replace the estrogen no longer produced by the ovaries in postmenopausal women or women whose ovaries have been removed. This is called hormone replacement therapy (HRT), or hormone therapy (HT). The use of HRT that contains only estrogen increases the risk of endometrial cancer and endometrial hyperplasia. For this reason, estrogen therapy alone is usually prescribed only for women who do not have a uterus. HRT that contains only estrogen also increases the risk of stroke and blood clots. When estrogen is combined with progestin (another hormone), it is called combination estrogen-progestin replacement therapy. For postmenopausal women, taking estrogen in combination with progestin does not increase the risk of endometrial cancer, but it does increase the risk of breast cancer. (See the Breast Cancer Prevention summary for more information.)     - Early menstruation: Beginning to have menstrual periods at an early age increases the number of years the body is exposed to estrogen and increases a woman's risk of endometrial cancer.     - Late menopause: Women who reach menopause at an older age are exposed to estrogen for a longer time and have an increased risk of endometrial cancer.     - Never being pregnant: Because estrogen levels are lower during pregnancy, women who have never been pregnant are exposed to estrogen for a longer time than women who have been pregnant. This increases the risk of endometrial cancer.               Tamoxifen     Tamoxifen is one of a group of drugs called selective estrogen receptor modulators, or SERMs. Tamoxifen acts like estrogen on some tissues in the body, such as the uterus, but blocks the effects of estrogen on other tissues, such as the breast. Tamoxifen is used to prevent breast cancer in women who are at high risk for the disease. However, using tamoxifen for more than 2 years increases the risk of endometrial cancer. This risk is greater in postmenopausal women.      Raloxifene is a SERM that is used to prevent bone weakness in postmenopausal women. However, it does not have estrogen-like effects on the uterus and has not been shown to increase the risk of endometrial cancer.        Obesity, weight gain, metabolic syndrome, and diabetes     Obesity, gaining weight as an adult, or having metabolic syndrome increases the risk of endometrial cancer. Obesity is related to other risk factors such as high estrogen levels, having extra fat around the waist, polycystic ovary syndrome, and lack of physical activity.    Having metabolic syndrome increases the risk of endometrial cancer. Metabolic syndrome is a condition that includes extra fat around the waist, high blood sugar, high blood pressure, and high levels of triglycerides (a type of fat) in the blood.        Genetic factors     Hereditary nonpolyposis colon cancer (HNPCC) syndrome (also known as Lynch Syndrome) is an inherited disorder caused by changes in certain genes. Women who have HNPCC syndrome have a much higher risk of developing endometrial cancer than women who do not have HNPCC syndrome.    Polycystic ovary syndrome (a disorder of the hormones made by the ovaries), and Cowden syndrome are inherited conditions that are linked to an increased risk of endometrial cancer.    Women with a family history of endometrial cancer in a first-degree relative (mother, sister, or daughter) are also at increased risk of endometrial cancer.
                
                
                    It is not known if the following factors affect the risk of endometrial cancer:
                    Weight loss    It is not known if losing weight decreases the risk of endometrial cancer.       Fruits, vegetables, and vitamins    A diet that includes, fruits, vegetables, phytoestrogen, soy, and vitamin D has not been found to affect the risk of endometrial cancer.     Taking multivitamins has little or no effect on the risk of common cancers, including endometrial cancer.",cancer,train,CancerQA.csv
what research (or clinical trials) is being done for Endometrial Cancer ?,"Cancer prevention clinical trials are used to study ways to prevent cancer.
                    Cancer prevention clinical trials are used to study ways to lower the risk of developing certain types of cancer. Some cancer prevention trials are conducted with healthy people who have not had cancer but who have an increased risk for cancer. Other prevention trials are conducted with people who have had cancer and are trying to prevent another cancer of the same type or to lower their chance of developing a new type of cancer. Other trials are done with healthy volunteers who are not known to have any risk factors for cancer.    The purpose of some cancer prevention clinical trials is to find out whether actions people take can prevent cancer. These may include eating fruits and vegetables, exercising, quitting smoking, or taking certain medicines, vitamins, minerals, or food supplements.
                
                
                    New ways to prevent endometrial cancer are being studied in clinical trials.
                    Clinical trials are taking place in many parts of the country. Information about clinical trials can be found in the Clinical Trials section of the NCI website. Check NCI's list of cancer clinical trials for endometrial cancer prevention trials that are now accepting patients.",cancer,train,CancerQA.csv
What is (are) Endometrial Cancer ?,"Key Points
                    - Endometrial cancer is a disease in which malignant (cancer) cells form in the tissues of the endometrium.     - Obesity and having metabolic syndrome may increase the risk of endometrial cancer.    - Taking tamoxifen for breast cancer or taking estrogen alone (without progesterone) can increase the risk of endometrial cancer.     - Signs and symptoms of endometrial cancer include unusual vaginal bleeding or pain in the pelvis.     - Tests that examine the endometrium are used to detect (find) and diagnose endometrial cancer.    - Certain factors affect prognosis (chance of recovery) and treatment options.
                
                
                    Endometrial cancer is a disease in which malignant (cancer) cells form in the tissues of the endometrium.
                    The endometrium is the lining of the uterus, a hollow, muscular organ in a womans pelvis. The uterus is where a fetus grows. In most nonpregnant women, the uterus is about 3 inches long. The lower, narrow end of the uterus is the cervix, which leads to the vagina.     Cancer of the endometrium is different from cancer of the muscle of the uterus, which is called sarcoma of the uterus. See the PDQ summary on Uterine Sarcoma Treatment for more information about uterine sarcoma.
                
                
                    Obesity and having metabolic syndrome may increase the risk of endometrial cancer.
                    Anything that increases your risk of getting a disease is called a risk factor. Having a risk factor does not mean that you will get cancer; not having risk factors doesn't mean that you will not get cancer. Talk with your doctor if you think you may be at risk. Risk factors for endometrial cancer include the following:         - Having endometrial hyperplasia.    - Being obese.    - Having metabolic syndrome, a set of conditions that occur together, including extra fat around the abdomen, high blood sugar, high blood pressure, high levels of triglycerides and low levels of high-density lipoproteins in the blood.    -  Never giving birth.    - Beginning menstruation at an early age.    - Reaching menopause at an older age.    - Having polycystic ovarian syndrome (PCOS).     -  Having a mother, sister, or daughter with uterine cancer.    - Having a certain gene change that is linked to Lynch syndrome (hereditary non-polyposis colon cancer).     - Having hyperinsulinemia (high levels of insulin in the blood).
                
                
                    Taking tamoxifen for breast cancer or taking estrogen alone (without progesterone) can increase the risk of endometrial cancer.
                    Endometrial cancer may develop in breast cancer patients who have been treated with tamoxifen. A patient who takes this drug and has abnormal vaginal bleeding should have a follow-up exam and a biopsy of the endometrial lining if needed. Women taking estrogen (a hormone that can affect the growth of some cancers) alone also have an increased risk of endometrial cancer. Taking estrogen combined with progesterone (another hormone) does not increase a womans risk of endometrial cancer.",cancer,train,CancerQA.csv
Who is at risk for Endometrial Cancer? ?,"Obesity and having metabolic syndrome may increase the risk of endometrial cancer.
                    Anything that increases your risk of getting a disease is called a risk factor. Having a risk factor does not mean that you will get cancer; not having risk factors doesn't mean that you will not get cancer. Talk with your doctor if you think you may be at risk. Risk factors for endometrial cancer include the following:         - Having endometrial hyperplasia.    - Being obese.    - Having metabolic syndrome, a set of conditions that occur together, including extra fat around the abdomen, high blood sugar, high blood pressure, high levels of triglycerides and low levels of high-density lipoproteins in the blood.    -  Never giving birth.    - Beginning menstruation at an early age.    - Reaching menopause at an older age.    - Having polycystic ovarian syndrome (PCOS).     -  Having a mother, sister, or daughter with uterine cancer.    - Having a certain gene change that is linked to Lynch syndrome (hereditary non-polyposis colon cancer).     - Having hyperinsulinemia (high levels of insulin in the blood).
                
                
                    Taking tamoxifen for breast cancer or taking estrogen alone (without progesterone) can increase the risk of endometrial cancer.
                    Endometrial cancer may develop in breast cancer patients who have been treated with tamoxifen. A patient who takes this drug and has abnormal vaginal bleeding should have a follow-up exam and a biopsy of the endometrial lining if needed. Women taking estrogen (a hormone that can affect the growth of some cancers) alone also have an increased risk of endometrial cancer. Taking estrogen combined with progesterone (another hormone) does not increase a womans risk of endometrial cancer.",cancer,train,CancerQA.csv
What are the symptoms of Endometrial Cancer ?,Signs and symptoms of endometrial cancer include unusual vaginal bleeding or pain in the pelvis. These and other signs and symptoms may be caused by endometrial cancer or by other conditions. Check with your doctor if you have any of the following:         - Vaginal bleeding or discharge not related to menstruation (periods).    - Vaginal bleeding after menopause.    - Difficult or painful urination.    - Pain during sexual intercourse.    - Pain in the pelvic area.,cancer,test,CancerQA.csv
How to diagnose Endometrial Cancer ?,"Tests that examine the endometrium are used to detect (find) and diagnose endometrial cancer. Because endometrial cancer begins inside the uterus, it does not usually show up in the results of a Pap test. For this reason, a sample of endometrial tissue must be removed and checked under a microscope to look for cancer cells. One of the following procedures may be used:         -   Endometrial biopsy : The removal of tissue from the endometrium (inner lining of the uterus) by inserting a thin, flexible tube through the cervix and into the uterus. The tube is used to gently scrape a small amount of tissue from the endometrium and then remove the tissue samples. A pathologist views the tissue under a microscope to look for cancer cells.    -   Dilatation and curettage : A procedure to remove samples of tissue from the inner lining of the uterus. The cervix is dilated and a curette (spoon-shaped instrument) is inserted into the uterus to remove tissue. The tissue samples are checked under a microscope for signs of disease. This procedure is also called a D&C.    -  Hysteroscopy: A procedure to look inside the uterus for abnormal areas. A hysteroscope is inserted through the vagina and cervix into the uterus. A hysteroscope is a thin, tube-like instrument with a light and a lens for viewing. It may also have a tool to remove tissue samples, which are checked under a microscope for signs of cancer.        Other tests and procedures used to diagnose endometrial cancer include the following:         -   Physical exam and history : An exam of the body to check general signs of health, including checking for signs of disease, such as lumps or anything else that seems unusual. A history of the patients health habits and past illnesses and treatments will also be taken.    -   Transvaginal ultrasound exam: A procedure used to examine the vagina, uterus, fallopian tubes, and bladder. An ultrasound transducer (probe) is inserted into the vagina and used to bounce high-energy sound waves (ultrasound) off internal tissues or organs and make echoes. The echoes form a picture of body tissues called a sonogram. The doctor can identify tumors by looking at the sonogram.",cancer,test,CancerQA.csv
What is the outlook for Endometrial Cancer ?,"Certain factors affect prognosis (chance of recovery) and treatment options.The prognosis (chance of recovery) and treatment options depend on the following:          - The stage of the cancer (whether it is in the endometrium only, involves the uterus wall, or has spread to other places in the body).    - How the cancer cells look under a microscope.     - Whether the cancer cells are affected by progesterone.         Endometrial cancer can usually be cured because it is usually diagnosed early.",cancer,train,CancerQA.csv
What are the stages of Endometrial Cancer ?,"Key Points
                    - After endometrial cancer has been diagnosed, tests are done to find out if cancer cells have spread within the uterus or to other parts of the body.    - There are three ways that cancer spreads in the body.    - Cancer may spread from where it began to other parts of the body.    - The following stages are used for endometrial cancer:         - Stage I     - Stage II     - Stage III     - Stage IV        - Endometrial cancer may be grouped for treatment as follows:         - Low-risk endometrial cancer     - High-risk endometrial cancer
                
                
                    After endometrial cancer has been diagnosed, tests are done to find out if cancer cells have spread within the uterus or to other parts of the body.
                    The process used to find out whether the cancer has spread within the uterus or to other parts of the body is called staging. The information gathered from the staging process determines the stage of the disease. It is important to know the stage in order to plan treatment. Certain tests and procedures are used in the staging process. A hysterectomy (an operation in which the uterus is removed) will usually be done to treat endometrial cancer. Tissue samples are taken from the area around the uterus and checked under a microscope for signs of cancer to help find out whether the cancer has spread.   The following procedures may be used in the staging process:          -   Pelvic exam : An exam of the vagina, cervix, uterus, fallopian tubes, ovaries, and rectum. A speculum is inserted into the vagina and the doctor or nurse looks at the vagina and cervix for signs of disease. A Pap test of the cervix is usually done. The doctor or nurse also inserts one or two lubricated, gloved fingers of one hand into the vagina and places the other hand over the lower abdomen to feel the size, shape, and position of the uterus and ovaries. The doctor or nurse also inserts a lubricated, gloved finger into the rectum to feel for lumps or abnormal areas.    -   Chest x-ray : An x-ray of the organs and bones inside the chest. An x-ray is a type of energy beam that can go through the body and onto film, making a picture of areas inside the body.     -   CT scan (CAT scan): A procedure that makes a series of detailed pictures of areas inside the body, taken from different angles. The pictures are made by a computer linked to an x-ray machine. A dye may be injected into a vein or swallowed to help the organs or tissues show up more clearly. This procedure is also called computed tomography, computerized tomography, or computerized axial tomography.     -   MRI (magnetic resonance imaging): A procedure that uses a magnet, radio waves, and a computer to make a series of detailed pictures of areas inside the body. This procedure is also called nuclear magnetic resonance imaging (NMRI).    -   PET scan (positron emission tomography scan): A procedure to find malignant tumor cells in the body. A small amount of radioactive glucose (sugar) is injected into a vein. The PET scanner rotates around the body and makes a picture of where glucose is being used in the body. Malignant tumor cells show up brighter in the picture because they are more active and take up more glucose than normal cells do.    -   Lymph node dissection : A surgical procedure in which the lymph nodes are removed from the pelvic area and a sample of tissue is checked under a microscope for signs of cancer. This procedure is also called lymphadenectomy.
                
                
                    There are three ways that cancer spreads in the body.
                    Cancer can spread through tissue, the lymph system, and the blood:         - Tissue. The cancer spreads from where it began by growing into nearby areas.     - Lymph system. The cancer spreads from where it began by getting into the lymph system. The cancer travels through the lymph vessels to other parts of the body.     - Blood. The cancer spreads from where it began by getting into the blood. The cancer travels through the blood vessels to other parts of the body.
                
                
                    Cancer may spread from where it began to other parts of the body.
                    When cancer spreads to another part of the body, it is called metastasis. Cancer cells break away from where they began (the primary tumor) and travel through the lymph system or blood.         - Lymph system. The cancer gets into the lymph system, travels through the lymph vessels, and forms a tumor (metastatic tumor) in another part of the body.    - Blood. The cancer gets into the blood, travels through the blood vessels, and forms a tumor (metastatic tumor) in another part of the body.        The metastatic tumor is the same type of cancer as the primary tumor. For example, if endometrial cancer spreads to the lung, the cancer cells in the lung are actually endometrial cancer cells. The disease is metastatic endometrial cancer, not lung cancer.
                
                
                    The following stages are used for endometrial cancer:
                    Stage I     In stage I, cancer is found in the uterus only. Stage I is divided into stages IA and IB, based on how far the cancer has spread.             -  Stage IA: Cancer is in the endometrium only or less than halfway through the myometrium (muscle layer of the uterus).     -  Stage IB: Cancer has spread halfway or more into the myometrium.              Stage II     In stage II, cancer has spread into connective tissue of the cervix, but has not spread outside the uterus.        Stage III    In stage III, cancer has spread beyond the uterus and cervix, but has not spread beyond the pelvis. Stage III is divided into stages IIIA, IIIB, and IIIC, based on how far the cancer has spread within the pelvis.            -  Stage IIIA: Cancer has spread to the outer layer of the uterus and/or to the fallopian tubes, ovaries, and ligaments of the uterus.      -  Stage IIIB: Cancer has spread to the vagina and/or to the parametrium (connective tissue and fat around the uterus).     -  Stage IIIC: Cancer has spread to lymph nodes in the pelvis and/or around the aorta (largest artery in the body, which carries blood away from the heart).              Stage IV    In stage IV, cancer has spread beyond the pelvis. Stage IV is divided into stages IVA and IVB, based on how far the cancer has spread.            -  Stage IVA: Cancer has spread to the bladder and/or bowel wall.     -  Stage IVB: Cancer has spread to other parts of the body beyond the pelvis, including the abdomen and/or lymph nodes in the groin.
                
                
                    Endometrial cancer may be grouped for treatment as follows:
                    Low-risk endometrial cancer     Grades 1 and 2 tumors are usually considered low-risk. They usually do not spread to other parts of the body.       High-risk endometrial cancer     Grade 3 tumors are considered high-risk. They often spread to other parts of the body. Uterine papillary serous, clear cell, and carcinosarcoma are three subtypes of endometrial cancer that are considered grade 3.",cancer,test,CancerQA.csv
What are the treatments for Endometrial Cancer ?,"Key Points
                    - There are different types of treatment for patients with endometrial cancer.    - Five types of standard treatment are used:          - Surgery     - Radiation therapy      - Chemotherapy     - Hormone therapy         - Targeted therapy    - New types of treatment are being tested in clinical trials.    - Patients may want to think about taking part in a clinical trial.    - Patients can enter clinical trials before, during, or after starting their cancer treatment.    - Follow-up tests may be needed.
                
                
                    There are different types of treatment for patients with endometrial cancer.
                    Different types of treatment are available for patients with endometrial cancer. Some treatments are standard (the currently used treatment), and some are being tested in clinical trials. A treatment clinical trial is a research study meant to help improve current treatments or obtain information on new treatments for patients with cancer. When clinical trials show that a new treatment is better than the standard treatment, the new treatment may become the standard treatment. Patients may want to think about taking part in a clinical trial. Some clinical trials are open only to patients who have not started treatment.
                
                
                    Five types of standard treatment are used:
                    Surgery     Surgery (removing the cancer in an operation) is the most common treatment for endometrial cancer. The following surgical procedures may be used:             -  Total hysterectomy: Surgery to remove the uterus, including the cervix. If the uterus and cervix are taken out through the vagina, the operation is called a vaginal hysterectomy. If the uterus and cervix are taken out through a large incision (cut) in the abdomen, the operation is called a total abdominal hysterectomy. If the uterus and cervix are taken out through a small incision (cut) in the abdomen using a laparoscope, the operation is called a total laparoscopic hysterectomy.     -  Bilateral salpingo-oophorectomy: Surgery to remove both ovaries and both fallopian tubes.     -  Radical hysterectomy: Surgery to remove the uterus, cervix, and part of the vagina. The ovaries, fallopian tubes, or nearby lymph nodes may also be removed.     -  Lymph node dissection: A surgical procedure in which the lymph nodes are removed from the pelvic area and a sample of tissue is checked under a microscope for signs of cancer. This procedure is also called lymphadenectomy.           Even if the doctor removes all the cancer that can be seen at the time of the surgery, some patients may be given radiation therapy or hormone treatment after surgery to kill any cancer cells that are left. Treatment given after the surgery, to lower the risk that the cancer will come back, is called adjuvant therapy.        Radiation therapy     Radiation therapy is a cancer treatment that uses high-energy x-rays or other types of radiation to kill cancer cells or keep them from growing. There are two types of radiation therapy:            -  External radiation therapy uses a machine outside the body to send radiation toward the cancer.     -  Internal radiation therapy uses a radioactive substance sealed in needles, seeds, wires, or catheters that are placed directly into or near the cancer.           The way the radiation therapy is given depends on the type and stage of the cancer being treated. External and internal radiation therapy are used to treat endometrial cancer, and may also be used as palliative therapy to relieve symptoms and improve quality of life.       Chemotherapy     Chemotherapy is a cancer treatment that uses drugs to stop the growth of cancer cells, either by killing the cells or by stopping the cells from dividing. When chemotherapy is taken by mouth or injected into a vein or muscle, the drugs enter the bloodstream and can reach cancer cells throughout the body (systemic chemotherapy). When chemotherapy is placed directly into the cerebrospinal fluid, an organ, or a body cavity such as the abdomen, the drugs mainly affect cancer cells in those areas (regional chemotherapy).     The way the chemotherapy is given depends on the type and stage of the cancer being treated.       Hormone therapy      Hormone therapy is a cancer treatment that removes hormones or blocks their action and stops cancer cells from growing. Hormones are substances made by glands in the body and circulated in the bloodstream. Some hormones can cause certain cancers to grow. If tests show that the cancer cells have places where hormones can attach (receptors), drugs, surgery, or radiation therapy is used to reduce the production of hormones or block them from working.
                
                
                    Targeted therapy
                    Targeted therapy is a type of treatment that uses drugs or other substances to identify and attack specific cancer cells without harming normal cells. Monoclonal antibodies, mTOR inhibitors, and signal transduction inhibitors are three types of targeted therapy used to treat endometrial cancer.         - Monoclonal antibody therapy is a cancer treatment that uses antibodies made in the laboratory from a single type of immune system cell. These antibodies can identify substances on cancer cells or normal substances that may help cancer cells grow. The antibodies attach to the substances and kill the cancer cells, block their growth, or keep them from spreading. Monoclonal antibodies are given by infusion. They may be used alone or to carry drugs, toxins, or radioactive material directly to cancer cells. Bevacizumab is used to treat stage III, stage IV, and recurrent endometrial cancer.    - mTOR inhibitors block a protein called mTOR, which helps control cell division. mTOR inhibitors may keep cancer cells from growing and prevent the growth of new blood vessels that tumors need to grow. Everolimus and ridaforalimus are used to treat stage III, stage IV, and recurrent endometrial cancer.    - Signal transduction inhibitors block signals that are passed from one molecule to another inside a cell. Blocking these signals may kill cancer cells. Metformin is being studied to treat stage III, stage IV, and recurrent endometrial cancer.
                
                
                    New types of treatment are being tested in clinical trials.
                    Information about clinical trials is available from the NCI website.
                
                
                    Patients may want to think about taking part in a clinical trial.
                    For some patients, taking part in a clinical trial may be the best treatment choice. Clinical trials are part of the cancer research process. Clinical trials are done to find out if new cancer treatments are safe and effective or better than the standard treatment.   Many of today's standard treatments for cancer are based on earlier clinical trials. Patients who take part in a clinical trial may receive the standard treatment or be among the first to receive a new treatment.   Patients who take part in clinical trials also help improve the way cancer will be treated in the future. Even when clinical trials do not lead to effective new treatments, they often answer important questions and help move research forward.
                
                
                    Patients can enter clinical trials before, during, or after starting their cancer treatment.
                    Some clinical trials only include patients who have not yet received treatment. Other trials test treatments for patients whose cancer has not gotten better. There are also clinical trials that test new ways to stop cancer from recurring (coming back) or reduce the side effects of cancer treatment.   Clinical trials are taking place in many parts of the country. See the Treatment Options section that follows for links to current treatment clinical trials. These have been retrieved from NCI's listing of clinical trials.
                
                
                    Follow-up tests may be needed.
                    Some of the tests that were done to diagnose the cancer or to find out the stage of the cancer may be repeated. Some tests will be repeated in order to see how well the treatment is working. Decisions about whether to continue, change, or stop treatment may be based on the results of these tests.   Some of the tests will continue to be done from time to time after treatment has ended. The results of these tests can show if your condition has changed or if the cancer has recurred (come back). These tests are sometimes called follow-up tests or check-ups.
                
		        
		            Treatment Options by Stage
		            
		                
		                    Stage I and Stage II Endometrial Cancer
		                    Low-risk endometrial cancer (grade 1 or grade 2)    Treatment of low-risk stage I endometrial cancer and stage II endometrial cancer may include the following:         -  Surgery (total hysterectomy and bilateral salpingo-oophorectomy). Lymph nodes in the pelvis and abdomen may also be removed and viewed under a microscope to check for cancer cells.    - Surgery (total hysterectomy and bilateral salpingo-oophorectomy, with or without removal of lymph nodes in the pelvis and abdomen) followed by internal radiation therapy. In certain cases, external radiation therapy to the pelvis may be used in place of internal radiation therapy.    -  Radiation therapy alone for patients who cannot have surgery.    - A clinical trial of a new chemotherapy regimen.        If cancer has spread to the cervix, a radical hysterectomy with bilateral salpingo-oophorectomy may be done.    High-risk endometrial cancer (grade 3)    Treatment of high-risk stage I endometrial cancer and stage II endometrial cancer may include the following:         -  Surgery (radical hysterectomy and bilateral salpingo-oophorectomy). Lymph nodes in the pelvis and abdomen may also be removed and viewed under a microscope to check for cancer cells.    - Surgery (radical hysterectomy and bilateral salpingo-oophorectomy) followed by chemotherapy and sometimes radiation therapy.    - A clinical trial of a new chemotherapy regimen.        Check the list of NCI-supported cancer clinical trials that are now accepting patients with stage I endometrial carcinoma and stage II endometrial carcinoma. For more specific results, refine the search by using other search features, such as the location of the trial, the type of treatment, or the name of the drug. Talk with your doctor about clinical trials that may be right for you. General information about clinical trials is available from the NCI website.
		                
		                
		                    Stage III, Stage IV, and Recurrent Endometrial Cancer
		                    Treatment of stage III endometrial cancer, stage IV endometrial cancer, and recurrent endometrial cancer may include the following:         -  Surgery (radical hysterectomy and removal of lymph nodes in the pelvis so they can be viewed under a microscope to check for cancer cells) followed by adjuvant chemotherapy and/or radiation therapy.    - Chemotherapy and internal and external radiation therapy for patients who cannot have surgery.    -  Hormone therapy for patients who cannot have surgery or radiation therapy.    -  Targeted therapy with mTOR inhibitors (everolimus or ridaforolimus) or a monoclonal antibody (bevacizumab).    - A clinical trial of a new treatment regimen that may include combination chemotherapy, targeted therapy, such as an mTOR inhibitor (everolimus) or signal transduction inhibitor (metformin), and/or hormone therapy, for patients with advanced or recurrent endometrial cancer.        Check the list of NCI-supported cancer clinical trials that are now accepting patients with stage III endometrial carcinoma, stage IV endometrial carcinoma and recurrent endometrial carcinoma. For more specific results, refine the search by using other search features, such as the location of the trial, the type of treatment, or the name of the drug. Talk with your doctor about clinical trials that may be right for you. General information about clinical trials is available from the NCI website.",cancer,train,CancerQA.csv
what research (or clinical trials) is being done for Endometrial Cancer ?,"New types of treatment are being tested in clinical trials.
                    Information about clinical trials is available from the NCI website.
                
                
                    Patients may want to think about taking part in a clinical trial.
                    For some patients, taking part in a clinical trial may be the best treatment choice. Clinical trials are part of the cancer research process. Clinical trials are done to find out if new cancer treatments are safe and effective or better than the standard treatment.   Many of today's standard treatments for cancer are based on earlier clinical trials. Patients who take part in a clinical trial may receive the standard treatment or be among the first to receive a new treatment.   Patients who take part in clinical trials also help improve the way cancer will be treated in the future. Even when clinical trials do not lead to effective new treatments, they often answer important questions and help move research forward.
                
                
                    Patients can enter clinical trials before, during, or after starting their cancer treatment.
                    Some clinical trials only include patients who have not yet received treatment. Other trials test treatments for patients whose cancer has not gotten better. There are also clinical trials that test new ways to stop cancer from recurring (coming back) or reduce the side effects of cancer treatment.   Clinical trials are taking place in many parts of the country. See the Treatment Options section that follows for links to current treatment clinical trials. These have been retrieved from NCI's listing of clinical trials.",cancer,train,CancerQA.csv
What is (are) Small Cell Lung Cancer ?,"Key Points
                    - Small cell lung cancer is a disease in which malignant (cancer) cells form in the tissues of the lung.    - There are two main types of small cell lung cancer.     - Smoking is the major risk factor for small cell lung cancer.    - Signs and symptoms of small cell lung cancer include coughing, shortness of breath, and chest pain.    - Tests and procedures that examine the lungs are used to detect (find), diagnose, and stage small cell lung cancer.    - Certain factors affect prognosis (chance of recovery) and treatment options.    - For most patients with small cell lung cancer, current treatments do not cure the cancer.
                
                
                    Small cell lung cancer is a disease in which malignant (cancer) cells form in the tissues of the lung.
                    The lungs are a pair of cone-shaped breathing organs that are found in the chest. The lungs bring oxygen into the body when you breathe in and take out carbon dioxide when you breathe out. Each lung has sections called lobes. The left lung has two lobes. The right lung, which is slightly larger, has three. A thin membrane called the pleura surrounds the lungs. Two tubes called bronchi lead from the trachea (windpipe) to the right and left lungs. The bronchi are sometimes also affected by lung cancer. Small tubes called bronchioles and tiny air sacs called alveoli make up the inside of the lungs.     There are two types of lung cancer: small cell lung cancer and non-small cell lung cancer.    This summary is about small cell lung cancer and its treatment. See the following PDQ summaries for more information about lung cancer:          -  Non-Small Cell Lung Cancer Treatment     -  Unusual Cancers of Childhood Treatment     -  Lung Cancer Prevention     -  Lung Cancer Screening
                
                
                    There are two main types of small cell lung cancer.
                    These two types include many different types of cells. The cancer cells of each type grow and spread in different ways. The types of small cell lung cancer are named for the kinds of cells found in the cancer and how the cells look when viewed under a microscope:         - Small cell carcinoma (oat cell cancer).     - Combined small cell carcinoma.
                
                
                    For most patients with small cell lung cancer, current treatments do not cure the cancer.
                    If lung cancer is found, patients should think about taking part in one of the many clinical trials being done to improve treatment. Clinical trials are taking place in most parts of the country for patients with all stages of small cell lung cancer. Information about ongoing clinical trials is available from the NCI website.",cancer,train,CancerQA.csv
Who is at risk for Small Cell Lung Cancer? ?,"Smoking is the major risk factor for small cell lung cancer. Anything that increases your chance of getting a disease is called a risk factor. Having a risk factor does not mean that you will get cancer; not having risk factors doesn't mean that you will not get cancer. Talk to your doctor if you think you may be at risk for lung cancer.    Risk factors for lung cancer include the following:            -  Smoking cigarettes, pipes, or cigars, now or in the past. This is the most important risk factor for lung cancer. The earlier in life a person starts smoking, the more often a person smokes, and the more years a person smokes, the greater the risk of lung cancer.      -  Being exposed to secondhand smoke.     - Being exposed to radiation from any of the following:                  -  Radiation therapy to the breast or chest.       -  Radon in the home or workplace.       -  Imaging tests such as CT scans.       - Atomic bomb radiation.                 -  Being exposed to asbestos, chromium, nickel, beryllium, arsenic, soot, or tar in the workplace.     -  Living where there is air pollution.     -  Having a family history of lung cancer.     -  Being infected with the human immunodeficiency virus (HIV).     -  Taking beta carotene supplements and being a heavy smoker.           Older age is the main risk factor for most cancers. The chance of getting cancer increases as you get older.     When smoking is combined with other risk factors, the risk of lung cancer is increased.",cancer,train,CancerQA.csv
What are the symptoms of Small Cell Lung Cancer ?,"Signs and symptoms of small cell lung cancer include coughing, shortness of breath, and chest pain. These and other signs and symptoms may be caused by small cell lung cancer or by other conditions. Check with your doctor if you have any of the following:         - Chest discomfort or pain.    - A cough that doesnt go away or gets worse over time.     - Trouble breathing.    - Wheezing.    -  Blood in sputum (mucus coughed up from the lungs).     - Hoarseness.    - Trouble swallowing.    - Loss of appetite.    - Weight loss for no known reason.    - Feeling very tired.     - Swelling in the face and/or veins in the neck.",cancer,train,CancerQA.csv
How to diagnose Small Cell Lung Cancer ?,"Tests and procedures that examine the lungs are used to detect (find), diagnose, and stage small cell lung cancer. The following tests and procedures may be used:         -   Physical exam and history : An exam of the body to check general signs of health, including checking for signs of disease, such as lumps or anything else that seems unusual. A history of the patients health habits, including smoking, and past jobs, illnesses, and treatments will also be taken.    -   Laboratory tests : Medical procedures that test samples of tissue, blood, urine, or other substances in the body. These tests help to diagnose disease, plan and check treatment, or monitor the disease over time.    -   Chest x-ray : An x-ray of the organs and bones inside the chest. An x-ray is a type of energy beam that can go through the body and onto film, making a picture of areas inside the body.    -   CT scan (CAT scan) of the brain, chest, and abdomen : A procedure that makes a series of detailed pictures of areas inside the body, taken from different angles. The pictures are made by a computer linked to an x-ray machine. A dye may be injected into a vein or swallowed to help the organs or tissues show up more clearly. This procedure is also called computed tomography, computerized tomography, or computerized axial tomography.     -   Sputum cytology : A microscope is used to check for cancer cells in the sputum (mucus coughed up from the lungs).     -   Biopsy : The removal of cells or tissues so they can be viewed under a microscope by a pathologist to check for signs of cancer. The different ways a biopsy can be done include the following:                -  Fine-needle aspiration (FNA) biopsy of the lung: The removal of tissue or fluid from the lung, using a thin needle. A CT scan, ultrasound, or other imaging procedure is used to find the abnormal tissue or fluid in the lung. A small incision may be made in the skin where the biopsy needle is inserted into the abnormal tissue or fluid. A sample is removed with the needle and sent to the laboratory. A pathologist then views the sample under a microscope to look for cancer cells. A chest x-ray is done after the procedure to make sure no air is leaking from the lung into the chest.      -  Bronchoscopy : A procedure to look inside the trachea and large airways in the lung for abnormal areas. A bronchoscope is inserted through the nose or mouth into the trachea and lungs. A bronchoscope is a thin, tube-like instrument with a light and a lens for viewing. It may also have a tool to remove tissue samples, which are checked under a microscope for signs of cancer.       -  Thoracoscopy : A surgical procedure to look at the organs inside the chest to check for abnormal areas. An incision (cut) is made between two ribs, and a thoracoscope is inserted into the chest. A thoracoscope is a thin, tube-like instrument with a light and a lens for viewing. It may also have a tool to remove tissue or lymph node samples, which are checked under a microscope for signs of cancer. In some cases, this procedure is used to remove part of the esophagus or lung. If certain tissues, organs, or lymph nodes cant be reached, a thoracotomy may be done. In this procedure, a larger incision is made between the ribs and the chest is opened.      -  Thoracentesis : The removal of fluid from the space between the lining of the chest and the lung, using a needle. A pathologist views the fluid under a microscope to look for cancer cells.      -  Mediastinoscopy : A surgical procedure to look at the organs, tissues, and lymph nodes between the lungs for abnormal areas. An incision (cut) is made at the top of the breastbone and a mediastinoscope is inserted into the chest. A mediastinoscope is a thin, tube-like instrument with a light and a lens for viewing. It may also have a tool to remove tissue or lymph node samples, which are checked under a microscope for signs of cancer.             -   Light and electron microscopy : A laboratory test in which cells in a sample of tissue are viewed under regular and high-powered microscopes to look for certain changes in the cells.    -   Immunohistochemistry : A test that uses antibodies to check for certain antigens in a sample of tissue. The antibody is usually linked to a radioactive substance or a dye that causes the tissue to light up under a microscope. This type of test may be used to tell the difference between different types of cancer.",cancer,test,CancerQA.csv
What are the stages of Small Cell Lung Cancer ?,"Key Points
                    - After small cell lung cancer has been diagnosed, tests are done to find out if cancer cells have spread within the chest or to other parts of the body.     - There are three ways that cancer spreads in the body.    - Cancer may spread from where it began to other parts of the body.    - The following stages are used for small cell lung cancer:          - Limited-Stage Small Cell Lung Cancer     - Extensive-Stage Small Cell Lung Cancer
                
                
                    After small cell lung cancer has been diagnosed, tests are done to find out if cancer cells have spread within the chest or to other parts of the body.
                    The process used to find out if cancer has spread within the chest or to other parts of the body is called staging. The information gathered from the staging process determines the stage of the disease. It is important to know the stage in order to plan treatment. Some of the tests used to diagnose small cell lung cancer are also used to stage the disease. (See the General Information section.)    Other tests and procedures that may be used in the staging process include the following:         -   MRI (magnetic resonance imaging) of the brain: A procedure that uses a magnet, radio waves, and a computer to make a series of detailed pictures of areas inside the body. This procedure is also called nuclear magnetic resonance imaging (NMRI).    -   CT scan (CAT scan): A procedure that makes a series of detailed pictures of areas inside the body, such as the brain, chest or upper abdomen, taken from different angles. The pictures are made by a computer linked to an x-ray machine. A dye may be injected into a vein or swallowed to help the organs or tissues show up more clearly. This procedure is also called computed tomography, computerized tomography, or computerized axial tomography.    -   PET scan (positron emission tomography scan): A procedure to find malignant tumor cells in the body. A small amount of radioactive glucose (sugar) is injected into a vein. The PET scanner rotates around the body and makes a picture of where glucose is being used in the body. Malignant tumor cells show up brighter in the picture because they are more active and take up more glucose than normal cells do. A PET scan and CT scan may be done at the same time. This is called a PET-CT.    -   Bone scan : A procedure to check if there are rapidly dividing cells, such as cancer cells, in the bone. A very small amount of radioactive material is injected into a vein and travels through the bloodstream. The radioactive material collects in the bones and is detected by a scanner.
                
                
                    There are three ways that cancer spreads in the body.
                    Cancer can spread through tissue, the lymph system, and the blood:         - Tissue. The cancer spreads from where it began by growing into nearby areas.     - Lymph system. The cancer spreads from where it began by getting into the lymph system. The cancer travels through the lymph vessels to other parts of the body.     - Blood. The cancer spreads from where it began by getting into the blood. The cancer travels through the blood vessels to other parts of the body.
                
                
                    Cancer may spread from where it began to other parts of the body.
                    When cancer spreads to another part of the body, it is called metastasis. Cancer cells break away from where they began (the primary tumor) and travel through the lymph system or blood.         - Lymph system. The cancer gets into the lymph system, travels through the lymph vessels, and forms a tumor (metastatic tumor) in another part of the body.    - Blood. The cancer gets into the blood, travels through the blood vessels, and forms a tumor (metastatic tumor) in another part of the body.        The metastatic tumor is the same type of cancer as the primary tumor. For example, if small cell lung cancer spreads to the brain, the cancer cells in the brain are actually lung cancer cells. The disease is metastatic small cell lung cancer, not brain cancer.
                
                
                    The following stages are used for small cell lung cancer:
                    Limited-Stage Small Cell Lung Cancer    In limited-stage, cancer is in the lung where it started and may have spread to the area between the lungs or to the lymph nodes above the collarbone.        Extensive-Stage Small Cell Lung Cancer    In extensive-stage, cancer has spread beyond the lung or the area between the lungs or the lymph nodes above the collarbone to other places in the body.",cancer,train,CancerQA.csv
What are the treatments for Small Cell Lung Cancer ?,"Key Points
                    - There are different types of treatment for patients with small cell lung cancer.     - Five types of standard treatment are used:         - Surgery      - Chemotherapy      - Radiation therapy      - Laser therapy     - Endoscopic stent placement        - New types of treatment are being tested in clinical trials.     - Patients may want to think about taking part in a clinical trial.    - Patients can enter clinical trials before, during, or after starting their cancer treatment.    - Follow-up tests may be needed.
                
                
                    There are different types of treatment for patients with small cell lung cancer.
                    Different types of treatment are available for patients with small cell lung cancer. Some treatments are standard (the currently used treatment), and some are being tested in clinical trials. A treatment clinical trial is a research study meant to help improve current treatments or obtain information on new treatments for patients with cancer. When clinical trials show that a new treatment is better than the standard treatment, the new treatment may become the standard treatment. Patients may want to think about taking part in a clinical trial. Some clinical trials are open only to patients who have not started treatment.
                
                
                    Five types of standard treatment are used:
                    Surgery      Surgery may be used if the cancer is found in one lung and in nearby lymph nodes only. Because this type of lung cancer is usually found in both lungs, surgery alone is not often used. During surgery, the doctor will also remove lymph nodes to find out if they have cancer in them. Sometimes, surgery may be used to remove a sample of lung tissue to find out the exact type of lung cancer.     Even if the doctor removes all the cancer that can be seen at the time of the operation, some patients may be given chemotherapy or radiation therapy after surgery to kill any cancer cells that are left. Treatment given after the surgery, to lower the risk that the cancer will come back, is called adjuvant therapy.       Chemotherapy     Chemotherapy is a cancer treatment that uses drugs to stop the growth of cancer cells, either by killing the cells or by stopping them from dividing. When chemotherapy is taken by mouth or injected into a vein or muscle, the drugs enter the bloodstream and can reach cancer cells throughout the body (systemic chemotherapy). When chemotherapy is placed directly into the cerebrospinal fluid, an organ, or a body cavity such as the abdomen, the drugs mainly affect cancer cells in those areas (regional chemotherapy). The way the chemotherapy is given depends on the type and stage of the cancer being treated.    See Drugs Approved for Small Cell Lung Cancer for more information.       Radiation therapy     Radiation therapy is a cancer treatment that uses high-energy x-rays or other types of radiation to kill cancer cells or keep them from growing. There are two types of radiation therapy:            -  External radiation therapy uses a machine outside the body to send radiation toward the cancer.     -  Internal radiation therapy uses a radioactive substance sealed in needles, seeds, wires, or catheters that are placed directly into or near the cancer.           The way the radiation therapy is given depends on the type and stage of the cancer being treated. External radiation therapy is used to treat small cell lung cancer, and may also be used as palliative therapy to relieve symptoms and improve quality of life. Radiation therapy to the brain to lessen the risk that cancer will spread to the brain may also be given.       Laser therapy     Laser therapy is a cancer treatment that uses a laser beam (a narrow beam of intense light) to kill cancer cells.       Endoscopic stent placement     An endoscope is a thin, tube-like instrument used to look at tissues inside the body. An endoscope has a light and a lens for viewing and may be used to place a stent in a body structure to keep the structure open. An endoscopic stent can be used to open an airway blocked by abnormal tissue.
                
                
                    New types of treatment are being tested in clinical trials.
                    Information about clinical trials is available from the NCI website.
                
                
                    Patients may want to think about taking part in a clinical trial.
                    For some patients, taking part in a clinical trial may be the best treatment choice. Clinical trials are part of the cancer research process. Clinical trials are done to find out if new cancer treatments are safe and effective or better than the standard treatment.   Many of today's standard treatments for cancer are based on earlier clinical trials. Patients who take part in a clinical trial may receive the standard treatment or be among the first to receive a new treatment.   Patients who take part in clinical trials also help improve the way cancer will be treated in the future. Even when clinical trials do not lead to effective new treatments, they often answer important questions and help move research forward.
                
                
                    Patients can enter clinical trials before, during, or after starting their cancer treatment.
                    Some clinical trials only include patients who have not yet received treatment. Other trials test treatments for patients whose cancer has not gotten better. There are also clinical trials that test new ways to stop cancer from recurring (coming back) or reduce the side effects of cancer treatment.   Clinical trials are taking place in many parts of the country. See the Treatment Options section that follows for links to current treatment clinical trials. These have been retrieved from NCI's listing of clinical trials.
                
                
                    Follow-up tests may be needed.
                    Some of the tests that were done to diagnose the cancer or to find out the stage of the cancer may be repeated. Some tests will be repeated in order to see how well the treatment is working. Decisions about whether to continue, change, or stop treatment may be based on the results of these tests.   Some of the tests will continue to be done from time to time after treatment has ended. The results of these tests can show if your condition has changed or if the cancer has recurred (come back). These tests are sometimes called follow-up tests or check-ups.
                
		        
		            Treatment Options by Stage
		            
		                
		                    Limited-Stage Small Cell Lung Cancer
		                    Treatment of limited-stage small cell lung cancer may include the following:         -  Combination chemotherapy and radiation therapy to the chest. Radiation therapy to the brain may later be given to patients with complete responses.    - Combination chemotherapy alone for patients who cannot be given radiation therapy.    -  Surgery followed by chemotherapy.    - Surgery followed by chemotherapy and radiation therapy.    - Radiation therapy to the brain may be given to patients who have had a complete response, to prevent the spread of cancer to the brain.    -  Clinical trials of new chemotherapy, surgery, and radiation treatments.        Check the list of NCI-supported cancer clinical trials that are now accepting patients with limited stage small cell lung cancer. For more specific results, refine the search by using other search features, such as the location of the trial, the type of treatment, or the name of the drug. Talk with your doctor about clinical trials that may be right for you. General information about clinical trials is available from the NCI website.
		                
		                
		                    Extensive-Stage Small Cell Lung Cancer
		                    Treatment of extensive-stage small cell lung cancer may include the following:         -  Combination chemotherapy.     -  Radiation therapy to the brain, spine, bone, or other parts of the body where the cancer has spread, as palliative therapy to relieve symptoms and improve quality of life.    - Radiation therapy to the chest may be given to patients who respond to chemotherapy.    - Radiation therapy to the brain may be given to patients who have had a complete response, to prevent the spread of cancer to the brain.    -  Clinical trials of new chemotherapy treatments.        Check the list of NCI-supported cancer clinical trials that are now accepting patients with extensive stage small cell lung cancer. For more specific results, refine the search by using other search features, such as the location of the trial, the type of treatment, or the name of the drug. Talk with your doctor about clinical trials that may be right for you. General information about clinical trials is available from the NCI website.",cancer,train,CancerQA.csv
what research (or clinical trials) is being done for Small Cell Lung Cancer ?,"New types of treatment are being tested in clinical trials.
                    Information about clinical trials is available from the NCI website.
                
                
                    Patients may want to think about taking part in a clinical trial.
                    For some patients, taking part in a clinical trial may be the best treatment choice. Clinical trials are part of the cancer research process. Clinical trials are done to find out if new cancer treatments are safe and effective or better than the standard treatment.   Many of today's standard treatments for cancer are based on earlier clinical trials. Patients who take part in a clinical trial may receive the standard treatment or be among the first to receive a new treatment.   Patients who take part in clinical trials also help improve the way cancer will be treated in the future. Even when clinical trials do not lead to effective new treatments, they often answer important questions and help move research forward.
                
                
                    Patients can enter clinical trials before, during, or after starting their cancer treatment.
                    Some clinical trials only include patients who have not yet received treatment. Other trials test treatments for patients whose cancer has not gotten better. There are also clinical trials that test new ways to stop cancer from recurring (coming back) or reduce the side effects of cancer treatment.   Clinical trials are taking place in many parts of the country. See the Treatment Options section that follows for links to current treatment clinical trials. These have been retrieved from NCI's listing of clinical trials.",cancer,train,CancerQA.csv
What is (are) Plasma Cell Neoplasms (Including Multiple Myeloma) ?,"Key Points
                    - Plasma cell neoplasms are diseases in which the body makes too many plasma cells.    - Plasma cell neoplasms can be benign (not cancer) or malignant (cancer).    - There are several types of plasma cell neoplasms.          - Monoclonal gammopathy of undetermined significance (MGUS)     - Plasmacytoma     - Multiple myeloma        - Multiple myeloma and other plasma cell neoplasms may cause a condition called amyloidosis.    - Age can affect the risk of plasma cell neoplasms.    - Tests that examine the blood, bone marrow, and urine are used to detect (find) and diagnose multiple myeloma and other plasma cell neoplasms.    - Certain factors affect prognosis (chance of recovery) and treatment options.
                
                
                    Plasma cell neoplasms are diseases in which the body makes too many plasma cells.
                    Plasma cells develop from B lymphocytes (B cells), a type of white blood cell that is made in the bone marrow. Normally, when bacteria or viruses enter the body, some of the B cells will change into plasma cells. The plasma cells make antibodies to fight bacteria and viruses, to stop infection and disease.     Plasma cell neoplasms are diseases in which abnormal plasma cells or myeloma cells form tumors in the bones or soft tissues of the body. The plasma cells also make an antibody protein, called M protein, that is not needed by the body and does not help fight infection. These antibody proteins build up in the bone marrow and can cause the blood to thicken or can damage the kidneys.
                
                
                    Plasma cell neoplasms can be benign (not cancer) or malignant (cancer).
                    Monoclonal gammopathy of undetermined significance (MGUS) is not cancer but can become cancer. The following types of plasma cell neoplasms are cancer:         -  Lymphoplasmacytic lymphoma. (See Adult Non-Hodgkin Lymphoma Treatment for more information.)    -  Plasmacytoma.    -  Multiple myeloma.
                
                
                    There are several types of plasma cell neoplasms.
                    Plasma cell neoplasms include the following:     Monoclonal gammopathy of undetermined significance (MGUS)    In this type of plasma cell neoplasm, less than 10% of the bone marrow is made up of abnormal plasma cells and there is no cancer. The abnormal plasma cells make M protein, which is sometimes found during a routine blood or urine test. In most patients, the amount of M protein stays the same and there are no signs, symptoms, or health problems.     In some patients, MGUS may later become a more serious condition, such as amyloidosis, or cause problems with the kidneys, heart, or nerves. MGUS can also become cancer, such as multiple myeloma, lymphoplasmacytic lymphoma, or chronic lymphocytic leukemia.       Plasmacytoma    In this type of plasma cell neoplasm, the abnormal plasma cells (myeloma cells) are in one place and form one tumor, called a plasmacytoma. Sometimes plasmacytoma can be cured. There are two types of plasmacytoma.            - In isolated plasmacytoma of bone, one plasma cell tumor is found in the bone, less than 10% of the bone marrow is made up of plasma cells, and there are no other signs of cancer. Plasmacytoma of the bone often becomes multiple myeloma.     - In extramedullary plasmacytoma, one plasma cell tumor is found in soft tissue but not in the bone or the bone marrow. Extramedullary plasmacytomas commonly form in tissues of the throat, tonsil, and paranasal sinuses.            Signs and symptoms depend on where the tumor is.            - In bone, the plasmacytoma may cause pain or broken bones.      - In soft tissue, the tumor may press on nearby areas and cause pain or other problems. For example, a plasmacytoma in the throat can make it hard to swallow.               Multiple myeloma    In multiple myeloma, abnormal plasma cells (myeloma cells) build up in the bone marrow and form tumors in many bones of the body. These tumors may keep the bone marrow from making enough healthy blood cells. Normally, the bone marrow makes stem cells (immature cells) that become three types of mature blood cells:            -  Red blood cells that carry oxygen and other substances to all tissues of the body.      -  White blood cells that fight infection and disease.      -  Platelets that form blood clots to help prevent bleeding.            As the number of myeloma cells increases, fewer red blood cells, white blood cells, and platelets are made. The myeloma cells also damage and weaken the bone.     Sometimes multiple myeloma does not cause any signs or symptoms. This is called smoldering multiple myeloma. It may be found when a blood or urine test is done for another condition. Signs and symptoms may be caused by multiple myeloma or other conditions. Check with your doctor if you have any of the following:            - Bone pain, especially in the back or ribs.     - Bones that break easily.     -  Fever for no known reason or frequent infections.     - Easy bruising or bleeding.     - Trouble breathing.     - Weakness of the arms or legs.     - Feeling very tired.           A tumor can damage the bone and cause hypercalcemia (too much calcium in the blood). This can affect many organs in the body, including the kidneys, nerves, heart, muscles, and digestive tract, and cause serious health problems.    Hypercalcemia may cause the following signs and symptoms:             - Loss of appetite.     -  Nausea or vomiting.     - Feeling thirsty.     - Frequent urination.     -  Constipation.     - Feeling very tired.     - Muscle weakness.      - Restlessness.     -  Confusion or trouble thinking.
                
                
                    Multiple myeloma and other plasma cell neoplasms may cause a condition called amyloidosis.
                    In rare cases, multiple myeloma can cause peripheral nerves (nerves that are not in the brain or spinal cord) and organs to fail. This may be caused by a condition called amyloidosis. Antibody proteins build up and stick together in peripheral nerves and organs, such as the kidney and heart. This can cause the nerves and organs to become stiff and unable to work the way they should.    Amyloidosis may cause the following signs and symptoms:         - Feeling very tired.    - Purple spots on the skin.    - Enlarged tongue.    -  Diarrhea.    - Swelling caused by fluid in your body's tissues.    - Tingling or numbness in your legs and feet.",cancer,train,CancerQA.csv
Who is at risk for Plasma Cell Neoplasms (Including Multiple Myeloma)? ?,"Age can affect the risk of plasma cell neoplasms. Anything that increases your risk of getting a disease is called a risk factor. Having a risk factor does not mean that you will get cancer; not having risk factors doesn't mean that you will not get cancer. Talk with your doctor if you think you may be at risk.    Plasma cell neoplasms are most common in people who are middle aged or older. For multiple myeloma and plasmacytoma, other risk factors include the following:          - Being black.    - Being male.    - Having a personal history of MGUS or plasmacytoma.    - Being exposed to radiation or certain chemicals.",cancer,test,CancerQA.csv
How to diagnose Plasma Cell Neoplasms (Including Multiple Myeloma) ?,"Tests that examine the blood, bone marrow, and urine are used to detect (find) and diagnose multiple myeloma and other plasma cell neoplasms. The following tests and procedures may be used:         -   Physical exam and history : An exam of the body to check general signs of health, including checking for signs of disease, such as lumps or anything else that seems unusual. A history of the patients health habits and past illnesses and treatments will also be taken.    -  Blood and urine immunoglobulin studies: A procedure in which a blood or urine sample is checked to measure the amounts of certain antibodies (immunoglobulins). For multiple myeloma, beta-2-microglobulin, M protein, free light chains, and other proteins made by the myeloma cells are measured. A higher-than-normal amount of these substances can be a sign of disease.    -   Bone marrow aspiration and biopsy : The removal of bone marrow, blood, and a small piece of bone by inserting a hollow needle into the hipbone or breastbone. A pathologist views the bone marrow, blood, and bone under a microscope to look for abnormal cells. The following test may be done on the sample of tissue removed during the bone marrow aspiration and biopsy:                -  Cytogenetic analysis : A test in which cells in a sample of bone marrow are viewed under a microscope to look for certain changes in the chromosomes. Other tests, such as fluorescence in situ hybridization (FISH) and flow cytometry, may also be done to look for certain changes in the chromosomes.             -   Skeletal bone survey: In a skeletal bone survey, x-rays of all the bones in the body are taken. The x-rays are used to find areas where the bone is damaged. An x-ray is a type of energy beam that can go through the body and onto film, making a picture of areas inside the body.     -   Complete blood count (CBC) with differential : A procedure in which a sample of blood is drawn and checked for the following:               - The number of red blood cells and platelets.      - The number and type of white blood cells.      - The amount of hemoglobin (the protein that carries oxygen) in the red blood cells.      -  The portion of the blood sample made up of red blood cells.               -   Blood chemistry studies : A procedure in which a blood sample is checked to measure the amounts of certain substances, such as calcium or albumin, released into the blood by organs and tissues in the body. An unusual (higher or lower than normal) amount of a substance can be a sign of disease.    -  Twenty-four-hour urine test: A test in which urine is collected for 24 hours to measure the amounts of certain substances. An unusual (higher or lower than normal) amount of a substance can be a sign of disease in the organ or tissue that makes it. A higher than normal amount of protein may be a sign of multiple myeloma.     -   MRI (magnetic resonance imaging): A procedure that uses a magnet, radio waves, and a computer to make a series of detailed pictures of areas inside the body. This procedure is also called nuclear magnetic resonance imaging (NMRI). An MRI of the spine and pelvis may be used to find areas where the bone is damaged.    -   CT scan (CAT scan): A procedure that makes a series of detailed pictures of areas inside the body, such as the spine, taken from different angles. The pictures are made by a computer linked to an x-ray machine. A dye may be injected into a vein or swallowed to help the organs or tissues show up more clearly. This procedure is also called computed tomography, computerized tomography, or computerized axial tomography.     -   PET-CT scan : A procedure that combines the pictures from a positron emission tomography (PET) scan and a computed tomography (CT) scan. The PET and CT scans are done at the same time with the same machine. The combined scans give more detailed pictures of areas inside the body, such as the spine, than either scan gives by itself.",cancer,train,CancerQA.csv
What is the outlook for Plasma Cell Neoplasms (Including Multiple Myeloma) ?,"Certain factors affect prognosis (chance of recovery) and treatment options. The prognosis (chance of recovery) depends on the following:         - The type of plasma cell neoplasm.    - The stage of the disease.    - Whether a certain immunoglobulin (antibody) is present.    - Whether there are certain genetic changes.    - Whether the kidney is damaged.    - Whether the cancer responds to initial treatment or recurs (comes back).        Treatment options depend on the following:         - The type of plasma cell neoplasm.    - The age and general health of the patient.    - Whether there are signs, symptoms, or health problems, such as kidney failure or infection, related to the disease.    - Whether the cancer responds to initial treatment or recurs (comes back).",cancer,train,CancerQA.csv
What are the stages of Plasma Cell Neoplasms (Including Multiple Myeloma) ?,"Key Points
                    - There are no standard staging systems for monoclonal gammopathy of undetermined significance (MGUS), macroglobulinemia, and plasmacytoma.    - After multiple myeloma has been diagnosed, tests are done to find out the amount of cancer in the body.    - The stage of multiple myeloma is based on the levels of beta-2-microglobulin and albumin in the blood.    - The following stages are used for multiple myeloma:         - Stage I multiple myeloma     - Stage II multiple myeloma     - Stage III multiple myeloma
                
                
                    There are no standard staging systems for monoclonal gammopathy of undetermined significance (MGUS), macroglobulinemia, and plasmacytoma.
                    
                
                
                    After multiple myeloma has been diagnosed, tests are done to find out the amount of cancer in the body.
                    The process used to find out the amount of cancer in the body is called staging. It is important to know the stage in order to plan treatment. The following tests and procedures may be used in the staging process:          -   Skeletal bone survey: In a skeletal bone survey, x-rays of all the bones in the body are taken. The x-rays are used to find areas where the bone is damaged. An x-ray is a type of energy beam that can go through the body and onto film, making a picture of areas inside the body.     -   MRI (magnetic resonance imaging): A procedure that uses a magnet, radio waves, and a computer to make a series of detailed pictures of areas inside the body, such as the bone marrow. This procedure is also called nuclear magnetic resonance imaging (NMRI).     -  Bone densitometry: A procedure that uses a special type of x-ray to measure bone density.
                
                
                    The stage of multiple myeloma is based on the levels of beta-2-microglobulin and albumin in the blood.
                    Beta-2-microglobulin and albumin are found in the blood. Beta-2-microglobulin is a protein found on plasma cells. Albumin makes up the biggest part of the blood plasma. It keeps fluid from leaking out of blood vessels. It also brings nutrients to tissues, and carries hormones, vitamins, drugs, and other substances, such as calcium, all through the body. In the blood of patients with multiple myeloma, the amount of beta-2-microglobulin is increased and the amount of albumin is decreased.
                
                
                    The following stages are used for multiple myeloma:
                    Stage I multiple myeloma    In stage I multiple myeloma, the blood levels are as follows:             -  beta-2-microglobulin level is lower than 3.5 mg/L; and     -  albumin level is 3.5 g/dL or higher.              Stage II multiple myeloma    In stage II multiple myeloma, the blood levels are in between the levels for stage I and stage III.       Stage III multiple myeloma    In stage III multiple myeloma, the blood level of beta-2-microglobulin is 5.5 mg/L or higher and the patient also has one of the following:            - high levels of lactate dehydrogenase (LDH); or     - certain changes in the chromosomes.",cancer,train,CancerQA.csv
What are the treatments for Plasma Cell Neoplasms (Including Multiple Myeloma) ?,"Key Points
                    - There are different types of treatment for patients with plasma cell neoplasms.    - Eight types of treatment are used:         - Chemotherapy     - Other drug therapy     - Targeted therapy     - High-dose chemotherapy with stem cell transplant     - Biologic therapy     - Radiation therapy     - Surgery     - Watchful waiting        - New types of treatment are being tested in clinical trials.          - New combinations of therapies         - Supportive care is given to lessen the problems caused by the disease or its treatment.     - Patients may want to think about taking part in a clinical trial.    - Patients can enter clinical trials before, during, or after starting their cancer treatment.    - Follow-up tests may be needed.
                
                
                    There are different types of treatment for patients with plasma cell neoplasms.
                    Different types of treatments are available for patients with plasma cell neoplasms. Some treatments are standard (the currently used treatment), and some are being tested in clinical trials. A treatment clinical trial is a research study meant to help improve current treatments or obtain information on new treatments for patients with cancer. When clinical trials show that a new treatment is better than the standard treatment, the new treatment may become the standard treatment. Patients may want to think about taking part in a clinical trial. Some clinical trials are open only to patients who have not started treatment.
                
                
                    Eight types of treatment are used:
                    Chemotherapy     Chemotherapy is a cancer treatment that uses drugs to stop the growth of cancer cells, either by killing the cells or by stopping them from dividing. When chemotherapy is taken by mouth or injected into a vein or muscle, the drugs enter the bloodstream and can reach cancer cells throughout the body (systemic chemotherapy). When chemotherapy is placed directly into the cerebrospinal fluid, an organ, or a body cavity such as the abdomen, the drugs mainly affect cancer cells in those areas (regional chemotherapy). The way the chemotherapy is given depends on the type and stage of the cancer being treated.    See Drugs Approved for Multiple Myeloma and Other Plasma Cell Neoplasms for more information.       Other drug therapy     Corticosteroids are steroids that have antitumor effects in multiple myeloma.        Targeted therapy     Targeted therapy is a treatment that uses drugs or other substances to identify and attack specific cancer cells without harming normal cells. Several types of targeted therapy may be used to treat multiple myeloma and other plasma cell neoplasms.     Proteasome inhibitor therapy is a type of targeted therapy that blocks the action of proteasomes in cancer cells and may prevent the growth of tumors. Bortezomib, carfilzomib, ixazomib, daratumumab, and elotuzumab are proteasome inhibitors used in the treatment of multiple myeloma and other plasma cell neoplasms.     Histone deacetylase (HDAC) inhibitor therapy is a type of targeted therapy that blocks enzymes needed for cell division and may stop the growth of cancer cells. Panobinostat is an HDAC inhibitor used in the treatment of multiple myeloma and other plasma cell neoplasms.    See Drugs Approved for Multiple Myeloma and Other Plasma Cell Neoplasms for more information.       High-dose chemotherapy with stem cell transplant    This treatment is a way of giving high doses of chemotherapy and replacing blood -forming cells destroyed by the cancer treatment. Stem cells (immature blood cells) are removed from the blood or bone marrow of the patient (autologous transplant) or a donor (allogeneic transplant) and are frozen and stored. After the chemotherapy is completed, the stored stem cells are thawed and given back to the patient through an infusion. These reinfused stem cells grow into (and restore) the body's blood cells.           Biologic therapy     Biologic therapy is a treatment that uses the patient's immune system to fight cancer. Substances made by the body or made in a laboratory are used to boost, direct, or restore the body's natural defenses against cancer. This type of cancer treatment is also called biotherapy or immunotherapy.     Immunomodulators are a type of biologic therapy. Thalidomide, lenalidomide, and pomalidomide are immunomodulators used to treat multiple myeloma and other plasma cell neoplasms.     Interferon is a type of biologic therapy. It affects the division of cancer cells and can slow tumor growth.     See Drugs Approved for Multiple Myeloma and Other Plasma Cell Neoplasms for more information.       Radiation therapy     Radiation therapy is a cancer treatment that uses high-energy x-rays or other types of radiation to kill cancer cells or keep them from growing. There are two types of radiation therapy:            -  External radiation therapy uses a machine outside the body to send radiation toward the cancer.     -  Internal radiation therapy uses a radioactive substance sealed in needles, seeds, wires, or catheters that are placed directly into or near the cancer.           The way the radiation therapy is given depends on the type and stage of the cancer being treated. External radiation therapy is used to treat plasma cell neoplasms.       Surgery     Surgery to remove the tumor may be done and is usually followed by radiation therapy. Treatment given after the surgery, to lower the risk that the cancer will come back, is called adjuvant therapy.       Watchful waiting     Watchful waiting is closely monitoring a patients condition without giving any treatment until signs or symptoms appear or change.
                
                
                    New types of treatment are being tested in clinical trials.
                    This summary section describes treatments that are being studied in clinical trials. It may not mention every new treatment being studied. Information about clinical trials is available from the NCI website.     New combinations of therapies     Clinical trials are studying different combinations of biologic therapy, chemotherapy, steroid therapy, and drugs. New treatment regimens using thalidomide or lenalidomide are also being studied.
                
                
                    Supportive care is given to lessen the problems caused by the disease or its treatment.
                    This therapy controls problems or side effects caused by the disease or its treatment, and improves quality of life. Supportive care is given to treat problems caused by multiple myeloma and other plasma cell neoplasms.     Supportive care may include the following:          -  Plasmapheresis: If the blood becomes thick with extra antibody proteins and interferes with circulation, plasmapheresis is done to remove extra plasma and antibody proteins from the blood. In this procedure blood is removed from the patient and sent through a machine that separates the plasma (the liquid part of the blood) from the blood cells. The patient's plasma contains the unneeded antibodies and is not returned to the patient. The normal blood cells are returned to the bloodstream along with donated plasma or a plasma replacement. Plasmapheresis does not keep new antibodies from forming.     -  High-dose chemotherapy with stem cell transplant: If amyloidosis occurs, treatment may include high-dose chemotherapy followed by stem cell transplant using the patient's own stem cells.    -  Biologic therapy: Biologic therapy with thalidomide, lenalidomide, or pomalidomide is given to treat amyloidosis.    -  Targeted therapy: Targeted therapy with proteasome inhibitors is given to treat amyloidosis.    -  Radiation therapy: Radiation therapy is given for bone lesions of the spine.    -  Chemotherapy: Chemotherapy is given to reduce back pain from osteoporosis or compression fractures of the spine.    -  Bisphosphonate therapy: Bisphosphonate therapy is given to slow bone loss and reduce bone pain. See the following PDQ summaries for more information on bisphosphonates and problems related to their use:               - Cancer Pain      - Oral Complications of Chemotherapy and Head/Neck Radiation
                
                
                    Patients may want to think about taking part in a clinical trial.
                    For some patients, taking part in a clinical trial may be the best treatment choice. Clinical trials are part of the cancer research process. Clinical trials are done to find out if new cancer treatments are safe and effective or better than the standard treatment.   Many of today's standard treatments for cancer are based on earlier clinical trials. Patients who take part in a clinical trial may receive the standard treatment or be among the first to receive a new treatment.   Patients who take part in clinical trials also help improve the way cancer will be treated in the future. Even when clinical trials do not lead to effective new treatments, they often answer important questions and help move research forward.
                
                
                    Patients can enter clinical trials before, during, or after starting their cancer treatment.
                    Some clinical trials only include patients who have not yet received treatment. Other trials test treatments for patients whose cancer has not gotten better. There are also clinical trials that test new ways to stop cancer from recurring (coming back) or reduce the side effects of cancer treatment.   Clinical trials are taking place in many parts of the country. See the Treatment Options section that follows for links to current treatment clinical trials. These have been retrieved from NCI's listing of clinical trials.
                
                
                    Follow-up tests may be needed.
                    Some of the tests that were done to diagnose the cancer or to find out the stage of the cancer may be repeated. Some tests will be repeated in order to see how well the treatment is working. Decisions about whether to continue, change, or stop treatment may be based on the results of these tests.   Some of the tests will continue to be done from time to time after treatment has ended. The results of these tests can show if your condition has changed or if the cancer has recurred (come back). These tests are sometimes called follow-up tests or check-ups.
                
		        
		            Treatment Options for Plasma Cell Neoplasms
		            
		                
		                    Monoclonal Gammopathy of Undetermined Significance
		                    Treatment of monoclonal gammopathy of undetermined significance (MGUS) is usually watchful waiting. Regular blood tests to check the level of M protein in the blood and physical exams to check for signs or symptoms of cancer will be done.   Check the list of NCI-supported cancer clinical trials that are now accepting patients with monoclonal gammopathy of undetermined significance. For more specific results, refine the search by using other search features, such as the location of the trial, the type of treatment, or the name of the drug. Talk with your doctor about clinical trials that may be right for you. General information about clinical trials is available from the NCI website.
		                
		                
		                    Isolated Plasmacytoma of Bone
		                    Treatment of isolated plasmacytoma of bone is usually radiation therapy to the bone lesion.   Check the list of NCI-supported cancer clinical trials that are now accepting patients with isolated plasmacytoma of bone. For more specific results, refine the search by using other search features, such as the location of the trial, the type of treatment, or the name of the drug. Talk with your doctor about clinical trials that may be right for you. General information about clinical trials is available from the NCI website.
		                
		                
		                    Extramedullary Plasmacytoma
		                    Treatment of extramedullary plasmacytoma may include the following:          -  Radiation therapy to the tumor and nearby lymph nodes.    -  Surgery, usually followed by radiation therapy.    -  Watchful waiting after initial treatment, followed by radiation therapy, surgery, or chemotherapy if the tumor grows or causes signs or symptoms.        Check the list of NCI-supported cancer clinical trials that are now accepting patients with extramedullary plasmacytoma. For more specific results, refine the search by using other search features, such as the location of the trial, the type of treatment, or the name of the drug. Talk with your doctor about clinical trials that may be right for you. General information about clinical trials is available from the NCI website.
		                
		                
		                    Multiple Myeloma
		                    Patients without signs or symptoms may not need treatment. When signs or symptoms appear, the treatment of multiple myeloma may be done in phases:         -   Induction therapy : This is the first phase of treatment. Its goal is to reduce the amount of disease, and may include one or more of the following:               -  Corticosteroid therapy.      -  Biologic therapy with lenalidomide, pomalidomide, or thalidomide therapy.      -  Targeted therapy with proteasome inhibitors (bortezomib, carfilzomib, ixazomib, daratumumab, and elotuzumab).      -  Chemotherapy.      -  Histone deacetylase inhibitor therapy with panobinostat.      - A clinical trial of different combinations of treatment.             -   Consolidation chemotherapy : This is the second phase of treatment. Treatment in the consolidation phase is to kill any remaining cancer cells. High-dose chemotherapy is followed by either:               - one autologous stem cell transplant, in which the patient's stem cells from the blood or bone marrow are used; or      - two autologous stem cell transplants followed by an autologous or allogeneic stem cell transplant, in which the patient receives stem cells from the blood or bone marrow of a donor; or      - one allogeneic stem cell transplant.             -   Maintenance therapy : After the initial treatment, maintenance therapy is often given to help keep the disease in remission for a longer time. Several types of treatment are being studied for this use, including the following:               - Chemotherapy.      -  Biologic therapy with interferon.      - Corticosteroid therapy.      - Lenalidomide therapy.      - Targeted therapy with a proteasome inhibitor (bortezomib).                 Check the list of NCI-supported cancer clinical trials that are now accepting patients with multiple myeloma. For more specific results, refine the search by using other search features, such as the location of the trial, the type of treatment, or the name of the drug. Talk with your doctor about clinical trials that may be right for you. General information about clinical trials is available from the NCI website.
		                
		                
		                    Refractory Multiple Myeloma
		                    Treatment of refractory multiple myeloma may include the following:         -  Watchful waiting for patients whose disease is stable.    - A different treatment than treatment already given, for patients whose tumor kept growing during treatment. (See Multiple Myeloma treatment options.)    - A clinical trial of a new therapy.        Check the list of NCI-supported cancer clinical trials that are now accepting patients with refractory multiple myeloma. For more specific results, refine the search by using other search features, such as the location of the trial, the type of treatment, or the name of the drug. Talk with your doctor about clinical trials that may be right for you. General information about clinical trials is available from the NCI website.",cancer,train,CancerQA.csv
what research (or clinical trials) is being done for Plasma Cell Neoplasms (Including Multiple Myeloma) ?,"New types of treatment are being tested in clinical trials.
                    This summary section describes treatments that are being studied in clinical trials. It may not mention every new treatment being studied. Information about clinical trials is available from the NCI website.     New combinations of therapies     Clinical trials are studying different combinations of biologic therapy, chemotherapy, steroid therapy, and drugs. New treatment regimens using thalidomide or lenalidomide are also being studied.
                
                
                    Supportive care is given to lessen the problems caused by the disease or its treatment.
                    This therapy controls problems or side effects caused by the disease or its treatment, and improves quality of life. Supportive care is given to treat problems caused by multiple myeloma and other plasma cell neoplasms.     Supportive care may include the following:          -  Plasmapheresis: If the blood becomes thick with extra antibody proteins and interferes with circulation, plasmapheresis is done to remove extra plasma and antibody proteins from the blood. In this procedure blood is removed from the patient and sent through a machine that separates the plasma (the liquid part of the blood) from the blood cells. The patient's plasma contains the unneeded antibodies and is not returned to the patient. The normal blood cells are returned to the bloodstream along with donated plasma or a plasma replacement. Plasmapheresis does not keep new antibodies from forming.     -  High-dose chemotherapy with stem cell transplant: If amyloidosis occurs, treatment may include high-dose chemotherapy followed by stem cell transplant using the patient's own stem cells.    -  Biologic therapy: Biologic therapy with thalidomide, lenalidomide, or pomalidomide is given to treat amyloidosis.    -  Targeted therapy: Targeted therapy with proteasome inhibitors is given to treat amyloidosis.    -  Radiation therapy: Radiation therapy is given for bone lesions of the spine.    -  Chemotherapy: Chemotherapy is given to reduce back pain from osteoporosis or compression fractures of the spine.    -  Bisphosphonate therapy: Bisphosphonate therapy is given to slow bone loss and reduce bone pain. See the following PDQ summaries for more information on bisphosphonates and problems related to their use:               - Cancer Pain      - Oral Complications of Chemotherapy and Head/Neck Radiation
                
                
                    Patients may want to think about taking part in a clinical trial.
                    For some patients, taking part in a clinical trial may be the best treatment choice. Clinical trials are part of the cancer research process. Clinical trials are done to find out if new cancer treatments are safe and effective or better than the standard treatment.   Many of today's standard treatments for cancer are based on earlier clinical trials. Patients who take part in a clinical trial may receive the standard treatment or be among the first to receive a new treatment.   Patients who take part in clinical trials also help improve the way cancer will be treated in the future. Even when clinical trials do not lead to effective new treatments, they often answer important questions and help move research forward.
                
                
                    Patients can enter clinical trials before, during, or after starting their cancer treatment.
                    Some clinical trials only include patients who have not yet received treatment. Other trials test treatments for patients whose cancer has not gotten better. There are also clinical trials that test new ways to stop cancer from recurring (coming back) or reduce the side effects of cancer treatment.   Clinical trials are taking place in many parts of the country. See the Treatment Options section that follows for links to current treatment clinical trials. These have been retrieved from NCI's listing of clinical trials.",cancer,test,CancerQA.csv
What is (are) Lung Cancer ?,"Key Points
                    - Lung cancer is a disease in which malignant (cancer) cells form in the tissues of the lung.    - Lung cancer is the leading cause of cancer death in both men and women.
                
                
                    Lung cancer is a disease in which malignant (cancer) cells form in the tissues of the lung.
                    The lungs are a pair of cone-shaped breathing organs in the chest. The lungs bring oxygen into the body as you breathe in. They release carbon dioxide, a waste product of the body's cells, as you breathe out. Each lung has sections called lobes. The left lung has two lobes. The right lung is slightly larger, and has three lobes. A thin membrane called the pleura surrounds the lungs. Two tubes called bronchi lead from the trachea (windpipe) to the right and left lungs. The bronchi are sometimes also involved in lung cancer. Tiny air sacs called alveoli and small tubes called bronchioles make up the inside of the lungs.      There are two types of lung cancer: small cell lung cancer and non-small cell lung cancer.   See the following PDQ summaries for more information about lung cancer:         -  Lung Cancer Screening     -  Non-Small Cell Lung Cancer Treatment     -  Small Cell Lung Cancer Treatment
                
                
                    Lung cancer is the leading cause of cancer death in both men and women.
                    More people die from lung cancer than from any other type of cancer. Lung cancer is the second most common cancer in the United States, after skin cancer.   The number of new cases and deaths from lung cancer is highest in black men.",cancer,train,CancerQA.csv
How to prevent Lung Cancer ?,"Key Points
                    - Avoiding risk factors and increasing protective factors may help prevent lung cancer.    - The following are risk factors for lung cancer:         - Cigarette, cigar, and pipe smoking      - Secondhand smoke     - Family history     - HIV infection     - Environmental risk factors     - Beta carotene supplements in heavy smokers        - The following are protective factors for lung cancer:         - Not smoking     - Quitting smoking     - Lower exposure to workplace risk factors      - Lower exposure to radon        - It is not clear if the following decrease the risk of lung cancer:         - Diet     - Physical activity        - The following do not decrease the risk of lung cancer:         - Beta carotene supplements in nonsmokers     - Vitamin E supplements         - Cancer prevention clinical trials are used to study ways to prevent cancer.    -  New ways to prevent lung cancer are being studied in clinical trials.
                
                
                    Avoiding risk factors and increasing protective factors may help prevent lung cancer.
                    Avoiding cancer risk factors may help prevent certain cancers. Risk factors include smoking, being overweight, and not getting enough exercise. Increasing protective factors such as quitting smoking and exercising may also help prevent some cancers. Talk to your doctor or other health care professional about how you might lower your risk of cancer.
                
                
                    The following are risk factors for lung cancer:
                    Cigarette, cigar, and pipe smoking      Tobacco smoking is the most important risk factor for lung cancer. Cigarette, cigar, and pipe smoking all increase the risk of lung cancer. Tobacco smoking causes about 9 out of 10 cases of lung cancer in men and about 8 out of 10 cases of lung cancer in women.    Studies have shown that smoking low tar or low nicotine cigarettes does not lower the risk of lung cancer.     Studies also show that the risk of lung cancer from smoking cigarettes increases with the number of cigarettes smoked per day and the number of years smoked. People who smoke have about 20 times the risk of lung cancer compared to those who do not smoke.       Secondhand smoke    Being exposed to secondhand tobacco smoke is also a risk factor for lung cancer. Secondhand smoke is the smoke that comes from a burning cigarette or other tobacco product, or that is exhaled by smokers. People who inhale secondhand smoke are exposed to the same cancer -causing agents as smokers, although in smaller amounts. Inhaling secondhand smoke is called involuntary or passive smoking.       Family history    Having a family history of lung cancer is a risk factor for lung cancer. People with a relative who has had lung cancer may be twice as likely to have lung cancer as people who do not have a relative who has had lung cancer. Because cigarette smoking tends to run in families and family members are exposed to secondhand smoke, it is hard to know whether the increased risk of lung cancer is from the family history of lung cancer or from being exposed to cigarette smoke.       HIV infection    Being infected with the human immunodeficiency virus (HIV), the cause of acquired immunodeficiency syndrome (AIDS), is linked with a higher risk of lung cancer. People infected with HIV may have more than twice the risk of lung cancer than those who are not infected. Since smoking rates are higher in those infected with HIV than in those not infected, it is not clear whether the increased risk of lung cancer is from HIV infection or from being exposed to cigarette smoke.        Environmental risk factors            -   Radiation exposure: Being exposed to radiation is a risk factor for lung cancer. Atomic bomb radiation, radiation therapy, imaging tests, and radon are sources of radiation exposure:                   - Atomic bomb radiation: Being exposed to radiation after an atomic bomb explosion increases the risk of lung cancer.       - Radiation therapy: Radiation therapy to the chest may be used to treat certain cancers, including breast cancer and Hodgkin lymphoma. Radiation therapy uses x-rays, gamma rays, or other types of radiation that may increase the risk of lung cancer. The higher the dose of radiation received, the higher the risk. The risk of lung cancer following radiation therapy is higher in patients who smoke than in nonsmokers.       - Imaging tests: Imaging tests, such as CT scans, expose patients to radiation. Low-dose spiral CT scans expose patients to less radiation than higher dose CT scans. In lung cancer screening, the use of low-dose spiral CT scans can lessen the harmful effects of radiation.       - Radon: Radon is a radioactive gas that comes from the breakdown of uranium in rocks and soil. It seeps up through the ground, and leaks into the air or water supply. Radon can enter homes through cracks in floors, walls, or the foundation, and levels of radon can build up over time.             Studies show that high levels of radon gas inside the home or workplace increase the number of new cases of lung cancer and the number of deaths caused by lung cancer. The risk of lung cancer is higher in smokers exposed to radon than in nonsmokers who are exposed to it. In people who have never smoked, about 30% of deaths caused by lung cancer have been linked to being exposed to radon.     -  Workplace exposure: Studies show that being exposed to the following substances increases the risk of lung cancer:                  -  Asbestos.       -  Arsenic.       - Chromium.       - Nickel.       - Beryllium.       -  Cadmium.       - Tar and soot.            These substances can cause lung cancer in people who are exposed to them in the workplace and have never smoked. As the level of exposure to these substances increases, the risk of lung cancer also increases. The risk of lung cancer is even higher in people who are exposed and also smoke.      -  Air pollution: Studies show that living in areas with higher levels of air pollution increases the risk of lung cancer.              Beta carotene supplements in heavy smokers    Taking beta carotene supplements (pills) increases the risk of lung cancer, especially in smokers who smoke one or more packs a day. The risk is higher in smokers who have at least one alcoholic drink every day.
                
                
                    The following are protective factors for lung cancer:
                    Not smoking    The best way to prevent lung cancer is to not smoke.       Quitting smoking    Smokers can decrease their risk of lung cancer by quitting. In smokers who have been treated for lung cancer, quitting smoking lowers the risk of new lung cancers. Counseling, the use of nicotine replacement products, and antidepressant therapy have helped smokers quit for good.    In a person who has quit smoking, the chance of preventing lung cancer depends on how many years and how much the person smoked and the length of time since quitting. After a person has quit smoking for 10 years, the risk of lung cancer decreases 30% to 50%.    See the following for more information on quitting smoking:            -  Tobacco (includes help with quitting)     -  Cigarette Smoking: Health Risks and How to Quit               Lower exposure to workplace risk factors     Laws that protect workers from being exposed to cancer-causing substances, such as asbestos, arsenic, nickel, and chromium, may help lower their risk of developing lung cancer. Laws that prevent smoking in the workplace help lower the risk of lung cancer caused by secondhand smoke.       Lower exposure to radon     Lowering radon levels may lower the risk of lung cancer, especially among cigarette smokers. High levels of radon in homes may be reduced by taking steps to prevent radon leakage, such as sealing basements.
                
                
                    It is not clear if the following decrease the risk of lung cancer:
                    Diet     Some studies show that people who eat high amounts of fruits or vegetables have a lower risk of lung cancer than those who eat low amounts. However, since smokers tend to have less healthy diets than nonsmokers, it is hard to know whether the decreased risk is from having a healthy diet or from not smoking.       Physical activity    Some studies show that people who are physically active have a lower risk of lung cancer than people who are not. However, since smokers tend to have different levels of physical activity than nonsmokers, it is hard to know if physical activity affects the risk of lung cancer.
                
                
                    The following do not decrease the risk of lung cancer:
                    Beta carotene supplements in nonsmokers    Studies of nonsmokers show that taking beta carotene supplements does not lower their risk of lung cancer.       Vitamin E supplements      Studies show that taking vitamin E supplements does not affect the risk of lung cancer.
                
                
                    Cancer prevention clinical trials are used to study ways to prevent cancer.
                    Cancer prevention clinical trials are used to study ways to lower the risk of developing certain types of cancer. Some cancer prevention trials are conducted with healthy people who have not had cancer but who have an increased risk for cancer. Other prevention trials are conducted with people who have had cancer and are trying to prevent another cancer of the same type or to lower their chance of developing a new type of cancer. Other trials are done with healthy volunteers who are not known to have any risk factors for cancer.    The purpose of some cancer prevention clinical trials is to find out whether actions people take can prevent cancer. These may include eating fruits and vegetables, exercising, quitting smoking, or taking certain medicines, vitamins, minerals, or food supplements.
                
                
                    New ways to prevent lung cancer are being studied in clinical trials.
                    Clinical trials are taking place in many parts of the country. Information about clinical trials can be found in the Clinical Trials section of the NCI website. Check the list of NCI-supported cancer clinical trials for prevention trials for non-small cell lung cancer and small cell lung cancer that are now accepting patients. These include trials for quitting smoking.",cancer,train,CancerQA.csv
Who is at risk for Lung Cancer? ?,"Key Points
                    - Avoiding risk factors and increasing protective factors may help prevent lung cancer.    - The following are risk factors for lung cancer:         - Cigarette, cigar, and pipe smoking      - Secondhand smoke     - Family history     - HIV infection     - Environmental risk factors     - Beta carotene supplements in heavy smokers        - The following are protective factors for lung cancer:         - Not smoking     - Quitting smoking     - Lower exposure to workplace risk factors      - Lower exposure to radon        - It is not clear if the following decrease the risk of lung cancer:         - Diet     - Physical activity        - The following do not decrease the risk of lung cancer:         - Beta carotene supplements in nonsmokers     - Vitamin E supplements         - Cancer prevention clinical trials are used to study ways to prevent cancer.    -  New ways to prevent lung cancer are being studied in clinical trials.
                
                
                    Avoiding risk factors and increasing protective factors may help prevent lung cancer.
                    Avoiding cancer risk factors may help prevent certain cancers. Risk factors include smoking, being overweight, and not getting enough exercise. Increasing protective factors such as quitting smoking and exercising may also help prevent some cancers. Talk to your doctor or other health care professional about how you might lower your risk of cancer.
                
                
                    The following are risk factors for lung cancer:
                    Cigarette, cigar, and pipe smoking      Tobacco smoking is the most important risk factor for lung cancer. Cigarette, cigar, and pipe smoking all increase the risk of lung cancer. Tobacco smoking causes about 9 out of 10 cases of lung cancer in men and about 8 out of 10 cases of lung cancer in women.    Studies have shown that smoking low tar or low nicotine cigarettes does not lower the risk of lung cancer.     Studies also show that the risk of lung cancer from smoking cigarettes increases with the number of cigarettes smoked per day and the number of years smoked. People who smoke have about 20 times the risk of lung cancer compared to those who do not smoke.       Secondhand smoke    Being exposed to secondhand tobacco smoke is also a risk factor for lung cancer. Secondhand smoke is the smoke that comes from a burning cigarette or other tobacco product, or that is exhaled by smokers. People who inhale secondhand smoke are exposed to the same cancer -causing agents as smokers, although in smaller amounts. Inhaling secondhand smoke is called involuntary or passive smoking.       Family history    Having a family history of lung cancer is a risk factor for lung cancer. People with a relative who has had lung cancer may be twice as likely to have lung cancer as people who do not have a relative who has had lung cancer. Because cigarette smoking tends to run in families and family members are exposed to secondhand smoke, it is hard to know whether the increased risk of lung cancer is from the family history of lung cancer or from being exposed to cigarette smoke.       HIV infection    Being infected with the human immunodeficiency virus (HIV), the cause of acquired immunodeficiency syndrome (AIDS), is linked with a higher risk of lung cancer. People infected with HIV may have more than twice the risk of lung cancer than those who are not infected. Since smoking rates are higher in those infected with HIV than in those not infected, it is not clear whether the increased risk of lung cancer is from HIV infection or from being exposed to cigarette smoke.        Environmental risk factors            -   Radiation exposure: Being exposed to radiation is a risk factor for lung cancer. Atomic bomb radiation, radiation therapy, imaging tests, and radon are sources of radiation exposure:                   - Atomic bomb radiation: Being exposed to radiation after an atomic bomb explosion increases the risk of lung cancer.       - Radiation therapy: Radiation therapy to the chest may be used to treat certain cancers, including breast cancer and Hodgkin lymphoma. Radiation therapy uses x-rays, gamma rays, or other types of radiation that may increase the risk of lung cancer. The higher the dose of radiation received, the higher the risk. The risk of lung cancer following radiation therapy is higher in patients who smoke than in nonsmokers.       - Imaging tests: Imaging tests, such as CT scans, expose patients to radiation. Low-dose spiral CT scans expose patients to less radiation than higher dose CT scans. In lung cancer screening, the use of low-dose spiral CT scans can lessen the harmful effects of radiation.       - Radon: Radon is a radioactive gas that comes from the breakdown of uranium in rocks and soil. It seeps up through the ground, and leaks into the air or water supply. Radon can enter homes through cracks in floors, walls, or the foundation, and levels of radon can build up over time.             Studies show that high levels of radon gas inside the home or workplace increase the number of new cases of lung cancer and the number of deaths caused by lung cancer. The risk of lung cancer is higher in smokers exposed to radon than in nonsmokers who are exposed to it. In people who have never smoked, about 30% of deaths caused by lung cancer have been linked to being exposed to radon.     -  Workplace exposure: Studies show that being exposed to the following substances increases the risk of lung cancer:                  -  Asbestos.       -  Arsenic.       - Chromium.       - Nickel.       - Beryllium.       -  Cadmium.       - Tar and soot.            These substances can cause lung cancer in people who are exposed to them in the workplace and have never smoked. As the level of exposure to these substances increases, the risk of lung cancer also increases. The risk of lung cancer is even higher in people who are exposed and also smoke.      -  Air pollution: Studies show that living in areas with higher levels of air pollution increases the risk of lung cancer.              Beta carotene supplements in heavy smokers    Taking beta carotene supplements (pills) increases the risk of lung cancer, especially in smokers who smoke one or more packs a day. The risk is higher in smokers who have at least one alcoholic drink every day.
                
                
                    The following are protective factors for lung cancer:
                    Not smoking    The best way to prevent lung cancer is to not smoke.       Quitting smoking    Smokers can decrease their risk of lung cancer by quitting. In smokers who have been treated for lung cancer, quitting smoking lowers the risk of new lung cancers. Counseling, the use of nicotine replacement products, and antidepressant therapy have helped smokers quit for good.    In a person who has quit smoking, the chance of preventing lung cancer depends on how many years and how much the person smoked and the length of time since quitting. After a person has quit smoking for 10 years, the risk of lung cancer decreases 30% to 50%.    See the following for more information on quitting smoking:            -  Tobacco (includes help with quitting)     -  Cigarette Smoking: Health Risks and How to Quit               Lower exposure to workplace risk factors     Laws that protect workers from being exposed to cancer-causing substances, such as asbestos, arsenic, nickel, and chromium, may help lower their risk of developing lung cancer. Laws that prevent smoking in the workplace help lower the risk of lung cancer caused by secondhand smoke.       Lower exposure to radon     Lowering radon levels may lower the risk of lung cancer, especially among cigarette smokers. High levels of radon in homes may be reduced by taking steps to prevent radon leakage, such as sealing basements.
                
                
                    It is not clear if the following decrease the risk of lung cancer:
                    Diet     Some studies show that people who eat high amounts of fruits or vegetables have a lower risk of lung cancer than those who eat low amounts. However, since smokers tend to have less healthy diets than nonsmokers, it is hard to know whether the decreased risk is from having a healthy diet or from not smoking.       Physical activity    Some studies show that people who are physically active have a lower risk of lung cancer than people who are not. However, since smokers tend to have different levels of physical activity than nonsmokers, it is hard to know if physical activity affects the risk of lung cancer.
                
                
                    The following do not decrease the risk of lung cancer:
                    Beta carotene supplements in nonsmokers    Studies of nonsmokers show that taking beta carotene supplements does not lower their risk of lung cancer.       Vitamin E supplements      Studies show that taking vitamin E supplements does not affect the risk of lung cancer.
                
                
                    Cancer prevention clinical trials are used to study ways to prevent cancer.
                    Cancer prevention clinical trials are used to study ways to lower the risk of developing certain types of cancer. Some cancer prevention trials are conducted with healthy people who have not had cancer but who have an increased risk for cancer. Other prevention trials are conducted with people who have had cancer and are trying to prevent another cancer of the same type or to lower their chance of developing a new type of cancer. Other trials are done with healthy volunteers who are not known to have any risk factors for cancer.    The purpose of some cancer prevention clinical trials is to find out whether actions people take can prevent cancer. These may include eating fruits and vegetables, exercising, quitting smoking, or taking certain medicines, vitamins, minerals, or food supplements.
                
                
                    New ways to prevent lung cancer are being studied in clinical trials.
                    Clinical trials are taking place in many parts of the country. Information about clinical trials can be found in the Clinical Trials section of the NCI website. Check the list of NCI-supported cancer clinical trials for prevention trials for non-small cell lung cancer and small cell lung cancer that are now accepting patients. These include trials for quitting smoking.",cancer,train,CancerQA.csv
What is (are) Prostate Cancer ?,"Key Points
                    - Prostate cancer is a disease in which malignant (cancer) cells form in the tissues of the prostate.    - Prostate cancer is the most common nonskin cancer among men in the United States.    - Different factors increase or decrease the risk of developing prostate cancer.
                
                
                    Prostate cancer is a disease in which malignant (cancer) cells form in the tissues of the prostate.
                    The prostate is a gland in the male reproductive system located just below the bladder (the organ that collects and empties urine) and in front of the rectum (the lower part of the intestine). It is about the size of a walnut and surrounds part of the urethra (the tube that empties urine from the bladder). The prostate gland produces fluid that makes up part of semen.      As men age, the prostate may get bigger. A bigger prostate may block the flow of urine from the bladder and cause problems with sexual function. This condition is called benign prostatic hyperplasia (BPH), and although it is not cancer, surgery may be needed to correct it. The symptoms of benign prostatic hyperplasia or of other problems in the prostate may be similar to symptoms of prostate cancer.      See the following PDQ summaries for more information about prostate cancer:         -   Prostate Cancer Prevention     -  Prostate Cancer Treatment",cancer,train,CancerQA.csv
Who is at risk for Prostate Cancer? ?,"Prostate cancer is the most common nonskin cancer among men in the United States. Prostate cancer is found mainly in older men. Although the number of men with prostate cancer is large, most men diagnosed with this disease do not die from it. Prostate cancer causes more deaths in men than any other cancer except lung cancer and colorectal cancer. Prostate cancer occurs more often in African-American men than in white men. African-American men with prostate cancer are more likely to die from the disease than white men with prostate cancer.",cancer,test,CancerQA.csv
Who is at risk for Prostate Cancer? ?,"Different factors increase or decrease the risk of developing prostate cancer. Anything that increases a person's chance of developing a disease is called a risk factor. Anything that decreases your chance of getting a disease is called a protective factor.   For information about risk factors and protective factors for prostate cancer, see the PDQ summary on Prostate Cancer Prevention.",cancer,test,CancerQA.csv
What is (are) Penile Cancer ?,"Key Points
                    - Penile cancer is a disease in which malignant (cancer) cells form in the tissues of the penis.    - Human papillomavirus infection may increase the risk of developing penile cancer.    - Signs of penile cancer include sores, discharge, and bleeding.    - Tests that examine the penis are used to detect (find) and diagnose penile cancer.    - Certain factors affect prognosis (chance of recovery) and treatment options.
                
                
                    Penile cancer is a disease in which malignant (cancer) cells form in the tissues of the penis.
                    The penis is a rod-shaped male reproductive organ that passes sperm and urine from the body. It contains two types of erectile tissue (spongy tissue with blood vessels that fill with blood to make an erection):          - Corpora cavernosa: The two columns of erectile tissue that form most of the penis.    -  Corpus spongiosum: The single column of erectile tissue that forms a small portion of the penis. The corpus spongiosum surrounds the urethra (the tube through which urine and sperm pass from the body).        The erectile tissue is wrapped in connective tissue and covered with skin. The glans (head of the penis) is covered with loose skin called the foreskin.",cancer,train,CancerQA.csv
Who is at risk for Penile Cancer? ?,Human papillomavirus infection may increase the risk of developing penile cancer. Anything that increases your chance of getting a disease is called a risk factor. Having a risk factor does not mean that you will get cancer; not having risk factors doesn't mean that you will not get cancer. Talk with your doctor if you think you may be at risk. Risk factors for penile cancer include the following:    Circumcision may help prevent infection with the human papillomavirus (HPV). A circumcision is an operation in which the doctor removes part or all of the foreskin from the penis. Many boys are circumcised shortly after birth. Men who were not circumcised at birth may have a higher risk of developing penile cancer.    Other risk factors for penile cancer include the following:         - Being age 60 or older.    - Having phimosis (a condition in which the foreskin of the penis cannot be pulled back over the glans).    - Having poor personal hygiene.    - Having many sexual partners.    - Using tobacco products.,cancer,train,CancerQA.csv
What are the symptoms of Penile Cancer ?,"Signs of penile cancer include sores, discharge, and bleeding. These and other signs may be caused by penile cancer or by other conditions. Check with your doctor if you have any of the following:         - Redness, irritation, or a sore on the penis.    - A lump on the penis.",cancer,train,CancerQA.csv
How to diagnose Penile Cancer ?,"Tests that examine the penis are used to detect (find) and diagnose penile cancer. The following tests and procedures may be used:         -   Physical exam and history : An exam of the body to check general signs of health, including checking the penis for signs of disease, such as lumps or anything else that seems unusual. A history of the patients health habits and past illnesses and treatments will also be taken.    -   Biopsy : The removal of cells or tissues so they can be viewed under a microscope by a pathologist to check for signs of cancer. The tissue sample is removed during one of the following procedures:                -  Fine-needle aspiration (FNA) biopsy : The removal of tissue or fluid using a thin needle.      -  Incisional biopsy : The removal of part of a lump or a sample of tissue that doesn't look normal.      -  Excisional biopsy : The removal of an entire lump or area of tissue that doesnt look normal.",cancer,train,CancerQA.csv
What is the outlook for Penile Cancer ?,Certain factors affect prognosis (chance of recovery) and treatment options. The prognosis (chance of recovery) and treatment options depend on the following:         - The stage of the cancer.    - The location and size of the tumor.    - Whether the cancer has just been diagnosed or has recurred (come back).,cancer,test,CancerQA.csv
What are the stages of Penile Cancer ?,"Key Points
                    - After penile cancer has been diagnosed, tests are done to find out if cancer cells have spread within the penis or to other parts of the body.    - There are three ways that cancer spreads in the body.    - Cancer may spread from where it began to other parts of the body.    - The following stages are used for penile cancer:          - Stage 0 (Carcinoma in Situ)     - Stage I     - Stage II     - Stage III     - Stage IV
                
                
                    After penile cancer has been diagnosed, tests are done to find out if cancer cells have spread within the penis or to other parts of the body.
                    The process used to find out if cancer has spread within the penis or to other parts of the body is called staging. The information gathered from the staging process determines the stage of the disease. It is important to know the stage in order to plan treatment.    The following tests and procedures may be used in the staging process:         -   CT scan (CAT scan): A procedure that makes a series of detailed pictures of areas inside the body, taken from different angles. The pictures are made by a computer linked to an x-ray machine. A dye may be injected into a vein or swallowed to help the organs or tissues show up more clearly. This procedure is also called computed tomography, computerized tomography, or computerized axial tomography.    -   MRI (magnetic resonance imaging): A procedure that uses a magnet, radio waves, and a computer to make a series of detailed pictures of areas inside the body. A substance called gadolinium is injected into a vein. The gadolinium collects around the cancer cells so they show up brighter in the picture. This procedure is also called nuclear magnetic resonance imaging (NMRI).    -   Ultrasound exam: A procedure in which high-energy sound waves (ultrasound) are bounced off internal tissues or organs and make echoes. The echoes form a picture of body tissues called a sonogram.    -   Chest x-ray : An x-ray of the organs and bones inside the chest. An x-ray is a type of energy beam that can go through the body and onto film, making a picture of areas inside the body.    -   Biopsy : The removal of cells or tissues so they can be viewed under a microscope by a pathologist to check for signs of cancer. The tissue sample is removed during one of the following procedures:                -  Sentinel lymph node biopsy : The removal of the sentinel lymph node during surgery. The sentinel lymph node is the first lymph node to receive lymphatic drainage from a tumor. It is the first lymph node the cancer is likely to spread to from the tumor. A radioactive substance and/or blue dye is injected near the tumor. The substance or dye flows through the lymph ducts to the lymph nodes. The first lymph node to receive the substance or dye is removed. A pathologist views the tissue under a microscope to look for cancer cells. If cancer cells are not found, it may not be necessary to remove more lymph nodes.      -  Lymph node dissection : A procedure to remove one or more lymph nodes during surgery. A sample of tissue is checked under a microscope for signs of cancer. This procedure is also called a lymphadenectomy.
                
                
                    There are three ways that cancer spreads in the body.
                    Cancer can spread through tissue, the lymph system, and the blood:         - Tissue. The cancer spreads from where it began by growing into nearby areas.     - Lymph system. The cancer spreads from where it began by getting into the lymph system. The cancer travels through the lymph vessels to other parts of the body.     - Blood. The cancer spreads from where it began by getting into the blood. The cancer travels through the blood vessels to other parts of the body.
                
                
                    Cancer may spread from where it began to other parts of the body.
                    When cancer spreads to another part of the body, it is called metastasis. Cancer cells break away from where they began (the primary tumor) and travel through the lymph system or blood.         - Lymph system. The cancer gets into the lymph system, travels through the lymph vessels, and forms a tumor (metastatic tumor) in another part of the body.    - Blood. The cancer gets into the blood, travels through the blood vessels, and forms a tumor (metastatic tumor) in another part of the body.        The metastatic tumor is the same type of cancer as the primary tumor. For example, if penile cancer spreads to the lung, the cancer cells in the lung are actually penile cancer cells. The disease is metastatic penile cancer, not lung cancer.
                
                
                    The following stages are used for penile cancer:
                    Stage 0 (Carcinoma in Situ)    In stage 0, abnormal cells or growths that look like warts are found on the surface of the skin of the penis. These abnormal cells or growths may become cancer and spread into nearby normal tissue. Stage 0 is also called carcinoma in situ.       Stage I    In stage I, cancer has formed and spread to connective tissue just under the skin of the penis. Cancer has not spread to lymph vessels or blood vessels. The tumor cells look a lot like normal cells under a microscope.       Stage II    In stage II, cancer has spread:            - to connective tissue just under the skin of the penis. Also, cancer has spread to lymph vessels or blood vessels or the tumor cells may look very different from normal cells under a microscope; or     - through connective tissue to erectile tissue (spongy tissue that fills with blood to make an erection); or     - beyond erectile tissue to the urethra.              Stage III     Stage III is divided into stage IIIa and stage IIIb.     In stage IIIa, cancer has spread to one lymph node in the groin. Cancer has also spread:            - to connective tissue just under the skin of the penis. Also, cancer may have spread to lymph vessels or blood vessels or the tumor cells may look very different from normal cells under a microscope; or     - through connective tissue to erectile tissue (spongy tissue that fills with blood to make an erection); or     - beyond erectile tissue to the urethra.           In stage IIIb, cancer has spread to more than one lymph node on one side of the groin or to lymph nodes on both sides of the groin. Cancer has also spread:            - to connective tissue just under the skin of the penis. Also, cancer may have spread to lymph vessels or blood vessels or the tumor cells may look very different from normal cells under a microscope; or      - through connective tissue to erectile tissue (spongy tissue that fills with blood to make an erection); or     - beyond erectile tissue to the urethra.              Stage IV    In stage IV, cancer has spread:            - to tissues near the penis such as the prostate, and may have spread to lymph nodes in the groin or pelvis; or      - to one or more lymph nodes in the pelvis, or cancer has spread from the lymph nodes to the tissues around the lymph nodes; or     - to distant parts of the body.",cancer,train,CancerQA.csv
What are the treatments for Penile Cancer ?,"Key Points
                    - There are different types of treatment for patients with penile cancer.    - Four types of standard treatment are used:         - Surgery     - Radiation therapy     - Chemotherapy     - Biologic therapy        - New types of treatment are being tested in clinical trials.         - Radiosensitizers     - Sentinel lymph node biopsy followed by surgery        - Patients may want to think about taking part in a clinical trial.    - Patients can enter clinical trials before, during, or after starting their cancer treatment.    - Follow-up tests may be needed.
                
                
                    There are different types of treatment for patients with penile cancer.
                    Different types of treatments are available for patients with penile cancer. Some treatments are standard (the currently used treatment), and some are being tested in clinical trials. A treatment clinical trial is a research study meant to help improve current treatments or obtain information on new treatments for patients with cancer. When clinical trials show that a new treatment is better than the standard treatment, the new treatment may become the standard treatment. Patients may want to think about taking part in a clinical trial. Some clinical trials are open only to patients who have not started treatment.
                
                
                    Four types of standard treatment are used:
                    Surgery     Surgery is the most common treatment for all stages of penile cancer. A doctor may remove the cancer using one of the following operations:             -  Mohs microsurgery: A procedure in which the tumor is cut from the skin in thin layers. During the surgery, the edges of the tumor and each layer of tumor removed are viewed through a microscope to check for cancer cells. Layers continue to be removed until no more cancer cells are seen. This type of surgery removes as little normal tissue as possible and is often used to remove cancer on the skin. It is also called Mohs surgery.     -  Laser surgery: A surgical procedure that uses a laser beam (a narrow beam of intense light) as a knife to make bloodless cuts in tissue or to remove a surface lesion such as a tumor.      -  Cryosurgery: A treatment that uses an instrument to freeze and destroy abnormal tissue. This type of treatment is also called cryotherapy.      -  Circumcision: Surgery to remove part or all of the foreskin of the penis.     -  Wide local excision: Surgery to remove only the cancer and some normal tissue around it.      -  Amputation of the penis: Surgery to remove part or all of the penis. If part of the penis is removed, it is a partial penectomy. If all of the penis is removed, it is a total penectomy.             Lymph nodes in the groin may be taken out during surgery.     Even if the doctor removes all the cancer that can be seen at the time of the surgery, some patients may be given chemotherapy or radiation therapy after surgery to kill any cancer cells that are left. Treatment given after the surgery, to lower the risk that the cancer will come back, is called adjuvant therapy.       Radiation therapy    Radiation therapy is a cancer treatment that uses high-energy x-rays or other types of radiation to kill cancer cells or keep them from growing. There are two types of radiation therapy:            -  External radiation therapy uses a machine outside the body to send radiation toward the cancer.     -  Internal radiation therapy uses a radioactive substance sealed in needles, seeds, wires, or catheters that are placed directly into or near the cancer.           The way the radiation therapy is given depends on the type and stage of the cancer being treated. External and internal radiation therapy are used to treat penile cancer.       Chemotherapy    Chemotherapy is a cancer treatment that uses drugs to stop the growth of cancer cells, either by killing the cells or by stopping them from dividing. When chemotherapy is taken by mouth or injected into a vein or muscle, the drugs enter the bloodstream and can reach cancer cells throughout the body (systemic chemotherapy). When chemotherapy is placed directly onto the skin (topical chemotherapy) or into the cerebrospinal fluid, an organ, or a body cavity such as the abdomen, the drugs mainly affect cancer cells in those areas (regional chemotherapy). The way the chemotherapy is given depends on the type and stage of the cancer being treated.    Topical chemotherapy may be used to treat stage 0 penile cancer.    See Drugs Approved for Penile Cancer for more information.       Biologic therapy     Biologic therapy is a treatment that uses the patient's immune system to fight cancer. Substances made by the body or made in a laboratory are used to boost, direct, or restore the body's natural defenses against cancer. This type of cancer treatment is also called biotherapy or immunotherapy. Topical biologic therapy with imiquimod may be used to treat stage 0 penile cancer.
                
                
                    New types of treatment are being tested in clinical trials.
                    This summary section describes treatments that are being studied in clinical trials. It may not mention every new treatment being studied. Information about clinical trials is available from the NCI website.     Radiosensitizers     Radiosensitizers are drugs that make tumor cells more sensitive to radiation therapy. Combining radiation therapy with radiosensitizers helps kill more tumor cells.       Sentinel lymph node biopsy followed by surgery     Sentinel lymph node biopsy is the removal of the sentinel lymph node during surgery. The sentinel lymph node is the first lymph node to receive lymphatic drainage from a tumor. It is the first lymph node the cancer is likely to spread to from the tumor. A radioactive substance and/or blue dye is injected near the tumor. The substance or dye flows through the lymph ducts to the lymph nodes. The first lymph node to receive the substance or dye is removed. A pathologist views the tissue under a microscope to look for cancer cells. If cancer cells are not found, it may not be necessary to remove more lymph nodes. After the sentinel lymph node biopsy, the surgeon removes the cancer.
                
                
                    Patients may want to think about taking part in a clinical trial.
                    For some patients, taking part in a clinical trial may be the best treatment choice. Clinical trials are part of the cancer research process. Clinical trials are done to find out if new cancer treatments are safe and effective or better than the standard treatment.   Many of today's standard treatments for cancer are based on earlier clinical trials. Patients who take part in a clinical trial may receive the standard treatment or be among the first to receive a new treatment.   Patients who take part in clinical trials also help improve the way cancer will be treated in the future. Even when clinical trials do not lead to effective new treatments, they often answer important questions and help move research forward.
                
                
                    Patients can enter clinical trials before, during, or after starting their cancer treatment.
                    Some clinical trials only include patients who have not yet received treatment. Other trials test treatments for patients whose cancer has not gotten better. There are also clinical trials that test new ways to stop cancer from recurring (coming back) or reduce the side effects of cancer treatment.   Clinical trials are taking place in many parts of the country. See the Treatment Options section that follows for links to current treatment clinical trials. These have been retrieved from NCI's listing of clinical trials.
                
                
                    Follow-up tests may be needed.
                    Some of the tests that were done to diagnose the cancer or to find out the stage of the cancer may be repeated. Some tests will be repeated in order to see how well the treatment is working. Decisions about whether to continue, change, or stop treatment may be based on the results of these tests.   Some of the tests will continue to be done from time to time after treatment has ended. The results of these tests can show if your condition has changed or if the cancer has recurred (come back). These tests are sometimes called follow-up tests or check-ups.
                
			        
			            Treatment Options by Stage
			            
			                
			                    Stage 0 (Carcinoma in Situ)
			                    Treatment of stage 0 may be one of the following:          -  Mohs microsurgery.     -  Topical chemotherapy.     -  Topical biologic therapy with imiquimod.    -  Laser surgery.     -  Cryosurgery.         Check the list of NCI-supported cancer clinical trials that are now accepting patients with stage 0 penile cancer. For more specific results, refine the search by using other search features, such as the location of the trial, the type of treatment, or the name of the drug. Talk with your doctor about clinical trials that may be right for you. General information about clinical trials is available from the NCI website.
			                
			                
			                    Stage I Penile Cancer
			                    If the cancer is only in the foreskin, wide local excision and circumcision may be the only treatment needed.   Treatment of stage I penile cancer may include the following:         -  Surgery (partial or total penectomy with or without removal of lymph nodes in the groin.    -  External or internal radiation therapy.    -  Mohs microsurgery.    - A clinical trial of laser therapy.        Check the list of NCI-supported cancer clinical trials that are now accepting patients with stage I penile cancer. For more specific results, refine the search by using other search features, such as the location of the trial, the type of treatment, or the name of the drug. Talk with your doctor about clinical trials that may be right for you. General information about clinical trials is available from the NCI website.
			                
			                
			                    Stage II Penile Cancer
			                    Treatment of stage II penile cancer may include the following:         -  Surgery (partial or total penectomy, with or without removal of lymph nodes in the groin).     -  External or internal radiation therapy followed by surgery.    - A clinical trial of sentinel lymph node biopsy followed by surgery.    - A clinical trial of laser surgery.        Check the list of NCI-supported cancer clinical trials that are now accepting patients with stage II penile cancer. For more specific results, refine the search by using other search features, such as the location of the trial, the type of treatment, or the name of the drug. Talk with your doctor about clinical trials that may be right for you. General information about clinical trials is available from the NCI website.
			                
			                
			                    Stage III Penile Cancer
			                    Treatment of stage III penile cancer may include the following:         -  Surgery (penectomy and removal of lymph nodes in the groin) with or without radiation therapy.    - Radiation therapy.     - A clinical trial of sentinel lymph node biopsy followed by surgery.    - A clinical trial of radiosensitizers.    - A clinical trial of chemotherapy before or after surgery.    - A clinical trial of new drugs, biologic therapy, or new kinds of surgery.        Check the list of NCI-supported cancer clinical trials that are now accepting patients with stage III penile cancer. For more specific results, refine the search by using other search features, such as the location of the trial, the type of treatment, or the name of the drug. Talk with your doctor about clinical trials that may be right for you. General information about clinical trials is available from the NCI website.
			                
			                
			                    Stage IV Penile Cancer
			                    Treatment of stage IV penile cancer is usually palliative (to relieve symptoms and improve the quality of life). Treatment may include the following:         -  Surgery (wide local excision and removal of lymph nodes in the groin).    -  Radiation therapy.    - A clinical trial of chemotherapy before or after surgery.    - A clinical trial of new drugs, biologic therapy, or new kinds of surgery.        Check the list of NCI-supported cancer clinical trials that are now accepting patients with stage IV penile cancer. For more specific results, refine the search by using other search features, such as the location of the trial, the type of treatment, or the name of the drug. Talk with your doctor about clinical trials that may be right for you. General information about clinical trials is available from the NCI website.",cancer,train,CancerQA.csv
what research (or clinical trials) is being done for Penile Cancer ?,"New types of treatment are being tested in clinical trials.
                    This summary section describes treatments that are being studied in clinical trials. It may not mention every new treatment being studied. Information about clinical trials is available from the NCI website.     Radiosensitizers     Radiosensitizers are drugs that make tumor cells more sensitive to radiation therapy. Combining radiation therapy with radiosensitizers helps kill more tumor cells.       Sentinel lymph node biopsy followed by surgery     Sentinel lymph node biopsy is the removal of the sentinel lymph node during surgery. The sentinel lymph node is the first lymph node to receive lymphatic drainage from a tumor. It is the first lymph node the cancer is likely to spread to from the tumor. A radioactive substance and/or blue dye is injected near the tumor. The substance or dye flows through the lymph ducts to the lymph nodes. The first lymph node to receive the substance or dye is removed. A pathologist views the tissue under a microscope to look for cancer cells. If cancer cells are not found, it may not be necessary to remove more lymph nodes. After the sentinel lymph node biopsy, the surgeon removes the cancer.
                
                
                    Patients may want to think about taking part in a clinical trial.
                    For some patients, taking part in a clinical trial may be the best treatment choice. Clinical trials are part of the cancer research process. Clinical trials are done to find out if new cancer treatments are safe and effective or better than the standard treatment.   Many of today's standard treatments for cancer are based on earlier clinical trials. Patients who take part in a clinical trial may receive the standard treatment or be among the first to receive a new treatment.   Patients who take part in clinical trials also help improve the way cancer will be treated in the future. Even when clinical trials do not lead to effective new treatments, they often answer important questions and help move research forward.
                
                
                    Patients can enter clinical trials before, during, or after starting their cancer treatment.
                    Some clinical trials only include patients who have not yet received treatment. Other trials test treatments for patients whose cancer has not gotten better. There are also clinical trials that test new ways to stop cancer from recurring (coming back) or reduce the side effects of cancer treatment.   Clinical trials are taking place in many parts of the country. See the Treatment Options section that follows for links to current treatment clinical trials. These have been retrieved from NCI's listing of clinical trials.",cancer,test,CancerQA.csv
What is (are) Endometrial Cancer ?,"Key Points
                    - Endometrial cancer is a disease in which malignant (cancer) cells form in the tissues of the endometrium.     - In the United States, endometrial cancer is the most common invasive cancer of the female reproductive system.    -  Health history and certain medicines can affect the risk of developing endometrial cancer.
                
                
                    Endometrial cancer is a disease in which malignant (cancer) cells form in the tissues of the endometrium.
                    The endometrium is the innermost lining of the uterus. The uterus is a hollow, muscular organ in a woman's pelvis. The uterus is where a fetus grows. In most nonpregnant women, the uterus is about 3 inches long.     Cancer of the endometrium is different from cancer of the muscle of the uterus, which is called uterine sarcoma. See the PDQ summary on Uterine Sarcoma Treatment for more information.   See the following PDQ summaries for more information about endometrial cancer:         -  Endometrial Cancer Treatment     -  Endometrial Cancer Prevention
                
                
                    In the United States, endometrial cancer is the most common invasive cancer of the female reproductive system.
                    Endometrial cancer is diagnosed most often in postmenopausal women at an average age of 60 years.   From 2004 to 2013, the number of new cases of endometrial cancer increased slightly in white and black women. From 2005 to 2014, the number of deaths from endometrial cancer increased slightly in white and black women. When endometrial cancer is diagnosed in black women, it is usually more advanced and less likely to be cured.",cancer,train,CancerQA.csv
Who is at risk for Endometrial Cancer? ?,Health history and certain medicines can affect the risk of developing endometrial cancer. Anything that increases your chance of getting a disease is called a risk factor. Having a risk factor does not mean that you will get cancer; not having risk factors doesnt mean that you will not get cancer. People who think they may be at risk should discuss this with their doctor. Risk factors for endometrial cancer include the following:         - Taking tamoxifen for treatment or prevention of breast cancer.    - Taking estrogen alone. (Taking estrogen in combination with progestin does not appear to increase the risk of endometrial cancer.)    - Being overweight.    - Eating a high-fat diet.    -  Never giving birth.    - Beginning menstruation at an early age.    - Reaching menopause at an older age.    - Having the gene for hereditary non-polyposis colon cancer (HNPCC).     - Being white.,cancer,test,CancerQA.csv
What is (are) Ewing Sarcoma ?,"Key Points
                    - Ewing sarcoma is a type of tumor that forms in bone or soft tissue.    - Signs and symptoms of Ewing sarcoma include swelling and pain near the tumor.     - Tests that examine the bone and soft tissue are used to diagnose and stage Ewing sarcoma.    - A biopsy is done to diagnose Ewing sarcoma.     - Certain factors affect prognosis (chance of recovery).
                
                
                    Ewing sarcoma is a type of tumor that forms in bone or soft tissue.
                    Ewing sarcoma is a type of tumor that forms from a certain kind of cell in bone or soft tissue. Ewing sarcoma may be found in the bones of the legs, arms, feet, hands, chest, pelvis, spine, or skull. Ewing sarcoma also may be found in the soft tissue of the trunk, arms, legs, head and neck, abdominal cavity, or other areas.   Ewing sarcoma is most common in adolescents and young adults.   Ewing sarcoma has also been called peripheral primitive neuroectodermal tumor, Askin tumor (Ewing sarcoma of the chest wall), extraosseous Ewing sarcoma (Ewing sarcoma in tissue other than bone), and Ewing sarcoma family of tumors.",cancer,train,CancerQA.csv
How to diagnose Ewing Sarcoma ?,"Tests that examine the bone and soft tissue are used to diagnose and stage Ewing sarcoma.
                    Procedures that make pictures of the bones and soft tissues and nearby areas help diagnose Ewing sarcoma and show how far the cancer has spread. The process used to find out if cancer cells have spread within and around the bones and soft tissues is called staging.   In order to plan treatment, it is important to know if the cancer is in the area where it first formed or if it has spread to other parts of the body. Tests and procedures to detect, diagnose, and stage Ewing sarcoma are usually done at the same time.   The following tests and procedures may be used to diagnose or stage Ewing sarcoma:         -   Physical exam and history : An exam of the body to check general signs of health, including checking for signs of disease, such as lumps or anything else that seems unusual. A history of the patients health habits and past illnesses and treatments will also be taken.    -   MRI (magnetic resonance imaging): A procedure that uses a magnet, radio waves, and a computer to make a series of detailed pictures of areas inside the body, such as the area where the tumor formed. This procedure is also called nuclear magnetic resonance imaging (NMRI).    -   CT scan (CAT scan): A procedure that makes a series of detailed pictures of areas inside the body, such as the area where the tumor formed or the chest, taken from different angles. The pictures are made by a computer linked to an x-ray machine. A dye may be injected into a vein or swallowed to help the organs or tissues show up more clearly. This procedure is also called computed tomography, computerized tomography, or computerized axial tomography.    -   PET scan (positron emission tomography scan): A procedure to find malignant tumor cells in the body. A small amount of radioactive glucose (sugar) is injected into a vein. The PET scanner rotates around the body and makes a picture of where glucose is being used in the body. Malignant tumor cells show up brighter in the picture because they are more active and take up more glucose than normal cells do. A PET scan and a CT scan are often done at the same time. If there is any cancer, this increases the chance that it will be found.    -   Bone scan : A procedure to check if there are rapidly dividing cells, such as cancer cells, in the bone. A very small amount of radioactive material is injected into a vein and travels through the bloodstream. The radioactive material collects in the bones with cancer and is detected by a scanner.    -   Bone marrow aspiration and biopsy : The removal of bone marrow and a small piece of bone by inserting a hollow needle into the hipbone. Samples are removed from both hipbones. A pathologist views the bone marrow and bone under a microscope to see if the cancer has spread.    -  X-ray: An x-ray is a type of energy beam that can go through the body and onto film, making a picture of areas inside the body, such as the chest or the area where the tumor formed.    -   Complete blood count (CBC): A procedure in which a sample of blood is drawn and checked for the following:               - The number of red blood cells, white blood cells, and platelets.      - The amount of hemoglobin (the protein that carries oxygen) in the red blood cells.      - The portion of the blood sample made up of red blood cells.              -   Blood chemistry studies : A procedure in which a blood sample is checked to measure the amounts of certain substances, such as lactate dehydrogenase (LDH), released into the blood by organs and tissues in the body. An unusual (higher or lower than normal) amount of a substance can be a sign of disease.
                
                
                    A biopsy is done to diagnose Ewing sarcoma.
                    Tissue samples are removed during a biopsy so they can be viewed under a microscope by a pathologist to check for signs of cancer. It is helpful if the biopsy is done at the same center where treatment will be given.         -   Needle biopsy : For a needle biopsy, tissue is removed using a needle. This type of needle biopsy may be done if its possible to remove tissue samples large enough to be used for testing.    -   Incisional biopsy : For an incisional biopsy, a sample of tissue is removed through an incision in the skin.     -   Excisional biopsy : The removal of an entire lump or area of tissue that doesnt look normal.        The specialists (pathologist, radiation oncologist, and surgeon) who will treat the patient usually work together to decide where the needle should be placed or the biopsy incision should be made. This is done so that the biopsy doesn't affect later treatment such as surgery to remove the tumor or radiation therapy.   If there is a chance that the cancer has spread to nearby lymph nodes, one or more lymph nodes may be removed and checked for signs of cancer.   The following tests may be done on the tissue that is removed:         -   Cytogenetic analysis : A laboratory test in which cells in a sample of tissue are viewed under a microscope to look for certain changes in the chromosomes.    -   Immunohistochemistry : A test that uses antibodies to check for certain antigens in a sample of tissue. The antibody is usually linked to a radioactive substance or a dye that causes the tissue to light up under a microscope. This type of test may be used to tell the difference between different types of cancer.    -   Flow cytometry : A laboratory test that measures the number of cells in a sample, the percentage of live cells in a sample, and certain characteristics of cells, such as size, shape, and the presence of tumor markers on the cell surface. The cells are stained with a light-sensitive dye, placed in a fluid, and passed in a stream before a laser or other type of light. The measurements are based on how the light-sensitive dye reacts to the light.",cancer,train,CancerQA.csv
What are the symptoms of Ewing Sarcoma ?,"Signs and symptoms of Ewing sarcoma include swelling and pain near the tumor. These and other signs and symptoms may be caused by Ewing sarcoma or by other conditions. Check with your childs doctor if your child has any of the following:          - Pain and/or swelling, usually in the arms, legs, chest, back, or pelvis.    - A lump (which may feel soft and warm) in the arms, legs, chest, or pelvis.    -  Fever for no known reason.    - A bone that breaks for no known reason.",cancer,train,CancerQA.csv
What is the outlook for Ewing Sarcoma ?,"Certain factors affect prognosis (chance of recovery). The factors that affect prognosis (chance of recovery) are different before and after treatment.    Before treatment, prognosis depends on:         - Whether the tumor has spread to lymph nodes or distant parts of the body.     - Where in the body the tumor started.    - Whether the tumor formed in the bone or in soft tissue.    - How large the tumor is at when the tumor is diagnosed.    - Whether the LDH level in the blood is higher than normal.    - Whether the tumor has certain gene changes.     - Whether the child is younger than 15 years.     - The patient's gender.     - Whether the child has had treatment for a different cancer before Ewing sarcoma.    - Whether the tumor has just been diagnosed or has recurred (come back).        After treatment, prognosis is affected by:         - Whether the tumor was completely removed by surgery.    - Whether the tumor responds to chemotherapy or radiation therapy.        If the cancer recurs after initial treatment, prognosis depends on:         - Whether the cancer came back more than two years after the initial treatment.    - Where in the body the tumor came back.    - The type of initial treatment given.",cancer,test,CancerQA.csv
What are the stages of Ewing Sarcoma ?,"Key Points
                    - The results of diagnostic and staging tests are used to find out if cancer cells have spread.    - Ewing sarcoma is described based on whether the cancer has spread from the bone or soft tissue in which the cancer began.          - Localized Ewing sarcoma     - Metastatic Ewing sarcoma        - There are three ways that cancer spreads in the body.    - Cancer may spread from where it began to other parts of the body.
                
                
                    The results of diagnostic and staging tests are used to find out if cancer cells have spread.
                    The process used to find out if cancer has spread from where it began to other parts of the body is called staging. There is no standard staging system for Ewing sarcoma. The results of the tests and procedures done to diagnose and stage Ewing sarcoma are used to group the tumors into localized or metastatic.
                
                
                    Ewing sarcoma is described based on whether the cancer has spread from the bone or soft tissue in which the cancer began.
                    Ewing sarcoma is described as either localized or metastatic.      Localized Ewing sarcoma    The cancer is found in the bone or soft tissue in which it began and may have spread to nearby tissue, including nearby lymph nodes.       Metastatic Ewing sarcoma     The cancer has spread from the bone or soft tissue in which it began to other parts of the body. In Ewing tumor of bone, the cancer most often spreads to the lung, other bones, and bone marrow.
                
                
                    There are three ways that cancer spreads in the body.
                    Cancer can spread through tissue, the lymph system, and the blood:         - Tissue. The cancer spreads from where it began by growing into nearby areas.     - Lymph system. The cancer spreads from where it began by getting into the lymph system. The cancer travels through the lymph vessels to other parts of the body.     - Blood. The cancer spreads from where it began by getting into the blood. The cancer travels through the blood vessels to other parts of the body.
                
                
                    Cancer may spread from where it began to other parts of the body.
                    When cancer spreads to another part of the body, it is called metastasis. Cancer cells break away from where they began (the primary tumor) and travel through the lymph system or blood.         - Lymph system. The cancer gets into the lymph system, travels through the lymph vessels, and forms a tumor (metastatic tumor) in another part of the body.    - Blood. The cancer gets into the blood, travels through the blood vessels, and forms a tumor (metastatic tumor) in another part of the body.        The metastatic tumor is the same type of cancer as the primary tumor. For example, if Ewing sarcoma spreads to the lung, the cancer cells in the lung are actually Ewing sarcoma cells. The disease is metastatic Ewing sarcoma, not lung cancer.",cancer,test,CancerQA.csv
What are the treatments for Ewing Sarcoma ?,"Key Points
                    - There are different types of treatment for children with Ewing sarcoma.    - Children with Ewing sarcoma should have their treatment planned by a team of health care providers who are experts in treating cancer in children.    - Treatment for Ewing sarcoma may cause side effects.    - Five types of standard treatment are used:         - Chemotherapy     - Radiation therapy     - Surgery     - Targeted therapy     - High-dose chemotherapy with stem cell rescue        - New types of treatment are being tested in clinical trials.          - Chimeric antigen receptor (CAR) T-cell therapy        - Patients may want to think about taking part in a clinical trial.    - Patients can enter clinical trials before, during, or after starting their cancer treatment.    - Follow-up tests may be needed.
                
                
                    There are different types of treatment for children with Ewing sarcoma.
                    Different types of treatments are available for children with Ewing sarcoma. Some treatments are standard (the currently used treatment), and some are being tested in clinical trials. A treatment clinical trial is a research study meant to help improve current treatments or obtain information on new treatments for patients with cancer. When clinical trials show that a new treatment is better than the standard treatment, the new treatment may become the standard treatment.   Because cancer in children is rare, taking part in a clinical trial should be considered. Some clinical trials are open only to patients who have not started treatment.
                
                
                    Children with Ewing sarcoma should have their treatment planned by a team of health care providers who are experts in treating cancer in children.
                    Treatment will be overseen by a pediatric oncologist, a doctor who specializes in treating children with cancer. The pediatric oncologist works with other health care providers who are experts in treating children with Ewing sarcoma and who specialize in certain areas of medicine. These may include the following specialists:         -  Pediatrician.    -  Surgical oncologist or orthopedic oncologist.    -  Radiation oncologist.    -  Pediatric nurse specialist.    -  Social worker.    -  Rehabilitation specialist.    -  Psychologist.
                
                
                    Treatment for Ewing sarcoma may cause side effects.
                    For information about side effects that begin during treatment for cancer, see our Side Effects page.    Side effects from cancer treatment that begin after treatment and continue for months or years are called late effects. Late effects of cancer treatment may include the following:          - Physical problems.    - Changes in mood, feelings, thinking, learning, or memory.    -  Second cancers (new types of cancer). Patients treated for Ewing sarcoma have an increased risk of acute myeloid leukemia and myelodysplastic syndrome. There is also an increased risk of sarcoma in the area treated with radiation therapy.        Some late effects may be treated or controlled. It is important to talk with your child's doctors about the effects cancer treatment can have on your child. (See the PDQ summary on Late Effects of Treatment for Childhood Cancer for more information.)
                
                
                    Five types of standard treatment are used:
                    Chemotherapy     Chemotherapy is a cancer treatment that uses drugs to stop the growth of cancer cells, either by killing the cells or by stopping them from dividing. When chemotherapy is taken by mouth or injected into a vein or muscle, the drugs enter the bloodstream and can reach cancer cells throughout the body (systemic chemotherapy). When chemotherapy is placed directly into the cerebrospinal fluid, an organ, or a body cavity such as the abdomen, the drugs mainly affect cancer cells in those areas (regional chemotherapy). Combination chemotherapy is treatment using more than one anticancer drug.    Systemic chemotherapy is part of the treatment for all patients with Ewing tumors. It is often the first treatment given and lasts for about 6 to 12 months. Chemotherapy is often given to shrink the tumor before surgery or radiation therapy and to kill any tumor cells that may have spread to other parts of the body.    See Drugs Approved for Soft Tissue Sarcoma for more information.       Radiation therapy    Radiation therapy is a cancer treatment that uses high-energy x-rays or other types of radiation to kill cancer cells or keep them from growing. There are two types of radiation therapy:            -  External radiation therapy uses a machine outside the body to send radiation toward the cancer.     -  Internal radiation therapy uses a radioactive substance sealed in needles, seeds, wires, or catheters that are placed directly into or near the cancer.           External radiation therapy is used to treat Ewing sarcoma.    Radiation therapy is used when the tumor cannot be removed by surgery or when surgery to remove the tumor will affect important body functions or the way the child will look. It may be used to make the tumor smaller and decrease the amount of tissue that needs to be removed during surgery. It may also be used to treat any tumor that remains after surgery and tumors that have spread to other parts of the body.       Surgery    Surgery is usually done to remove cancer that is left after chemotherapy or radiation therapy. When possible, the whole tumor is removed by surgery. Tissue and bone that are removed may be replaced with a graft, which uses tissue and bone taken from another part of the patient's body or a donor. Sometimes an implant, such as artificial bone, is used.    Even if the doctor removes all of the cancer that can be seen at the time of the operation, chemotherapy or radiation therapy may be given after surgery to kill any cancer cells that are left. Chemotherapy or radiation therapy given after surgery to lower the risk that the cancer will come back is called adjuvant therapy.        Targeted therapy     Targeted therapy is a type of treatment that uses drugs or other substances to identify and attack specific cancer cells without harming normal cells.     Monoclonal antibody therapy is a type of targeted therapy used in the treatment of recurrent Ewing sarcoma. It is being studied for the treatment of metastatic Ewing sarcoma. Monoclonal antibodies are made in the laboratory from a single type of immune system cell. These antibodies can identify substances on cancer cells or normal substances that may help cancer cells grow. The antibodies attach to the substances and kill the cancer cells, block their growth, or keep them from spreading. Monoclonal antibodies are given by infusion. They may be used alone or to carry drugs, toxins, or radioactive material directly to cancer cells.     New types of targeted therapy are being studied.            -  Kinase inhibitor therapy is another type of targeted therapy. Kinase inhibitors are drugs that block a protein needed for cancer cells to divide. They are being studied in the treatment of recurrent Ewing sarcoma.      -  PARP inhibitor therapy is another type of targeted therapy. PARP inhibitors are drugs that block DNA repair and may cause cancer cells to die. They are being studied in the treatment of recurrent Ewing sarcoma.              High-dose chemotherapy with stem cell rescue     High-dose chemotherapy with stem cell rescue is a way of giving high doses of chemotherapy to treat Ewing sarcoma and then replacing blood -forming cells destroyed by cancer treatment. Stem cells (immature blood cells) are removed from the blood or bone marrow of the patient and are frozen and stored. After chemotherapy is completed, the stored stem cells are thawed and given back to the patient through an infusion. These reinfused stem cells grow into (and restore) the body's blood cells. Chemotherapy with stem cell rescue is used to treat recurrent Ewing sarcoma.
                
                
                    New types of treatment are being tested in clinical trials.
                    This summary section describes treatments that are being studied in clinical trials. It may not mention every new treatment being studied. Information about clinical trials is available from the NCI website.     Chimeric antigen receptor (CAR) T-cell therapy     CAR T-cell therapy is a type of immunotherapy that changes the patient's T cells (a type of immune system cell) so they will attack certain proteins on the surface of cancer cells. T cells are taken from the patient and special receptors are added to their surface in the laboratory. The changed cells are called chimeric antigen receptor (CAR) T cells. The CAR T cells are grown in the laboratory and given to the patient by infusion. The CAR T cells multiply in the patient's blood and attack cancer cells. CAR T-cell therapy is being studied in the treatment of Ewing sarcoma that has recurred.
                
                
                    Patients may want to think about taking part in a clinical trial.
                    For some patients, taking part in a clinical trial may be the best treatment choice. Clinical trials are part of the cancer research process. Clinical trials are done to find out if new cancer treatments are safe and effective or better than the standard treatment.   Many of today's standard treatments for cancer are based on earlier clinical trials. Patients who take part in a clinical trial may receive the standard treatment or be among the first to receive a new treatment.   Patients who take part in clinical trials also help improve the way cancer will be treated in the future. Even when clinical trials do not lead to effective new treatments, they often answer important questions and help move research forward.
                
                
                    Patients can enter clinical trials before, during, or after starting their cancer treatment.
                    Some clinical trials only include patients who have not yet received treatment. Other trials test treatments for patients whose cancer has not gotten better. There are also clinical trials that test new ways to stop cancer from recurring (coming back) or reduce the side effects of cancer treatment.   Clinical trials are taking place in many parts of the country. See the Treatment Options section that follows for links to current treatment clinical trials. These have been retrieved from NCI's listing of clinical trials.
                
                
                    Follow-up tests may be needed.
                    Some of the tests that were done to diagnose the cancer or to find out the stage of the cancer may be repeated. Some tests will be repeated in order to see how well the treatment is working. Decisions about whether to continue, change, or stop treatment may be based on the results of these tests.   Some of the tests will continue to be done from time to time after treatment has ended. The results of these tests can show if your child's condition has changed or if the cancer has recurred (come back). These tests are sometimes called follow-up tests or check-ups.
                
            
		        
		            Treatment Options for Ewing Sarcoma
		            
		                
		                    Localized Ewing Sarcoma
		                    Standard treatments for localized Ewing sarcoma include:         -  Chemotherapy.    -  Surgery and/or radiation therapy.         These treatments and the order they are given depend on the following:         - Where in the body the tumor started.    - How large the tumor is when the cancer is diagnosed.    - Whether the tumor was completely removed by surgery.    - The child's age and general health.    - Whether the treatment will affect important body functions or the way the child will look.         Treatments being studied for localized Ewing sarcoma include:         -  High-dose chemotherapy with stem cell rescue.        Check the list of NCI-supported cancer clinical trials that are now accepting patients with localized Ewing sarcoma/peripheral primitive neuroectodermal tumor. For more specific results, refine the search by using other search features, such as the location of the trial, the type of treatment, or the name of the drug. Talk with your child's doctor about clinical trials that may be right for your child. General information about clinical trials is available from the NCI website.
		                
		                
		                    Metastatic Ewing Sarcoma
		                    Standard treatments for metastatic Ewing sarcoma include:          -  Chemotherapy.    -  Surgery.    -  Radiation therapy.        These treatments and the order they are given depend on the following:          - Where in the body the tumor started.    - Where the tumor has spread.    - How large the tumor is.    - Whether the treatment will affect important body functions or the way the child will look.    - The child's age and general health.        Treatments being studied for metastatic Ewing sarcoma include the following:         -  Combination chemotherapy with or without targeted therapy. Radiation therapy is given to areas of bone where cancer has spread.    -  High-dose chemotherapy with stem cell rescue.        Check the list of NCI-supported cancer clinical trials that are now accepting patients with metastatic Ewing sarcoma/peripheral primitive neuroectodermal tumor. For more specific results, refine the search by using other search features, such as the location of the trial, the type of treatment, or the name of the drug. Talk with your child's doctor about clinical trials that may be right for your child. General information about clinical trials is available from the NCI website.
		                
		                
		                    Recurrent Ewing Sarcoma
		                    There is no standard treatment for recurrent Ewing sarcoma but treatment options may include the following:         -  Combination chemotherapy.    -  Radiation therapy to bone tumors, as palliative therapy to relieve symptoms and improve the quality of life.    -  Radiation therapy that may be followed by surgery to remove tumors that have spread to the lungs.     -  High-dose chemotherapy with stem cell rescue.    -  Targeted therapy with a monoclonal antibody.        These treatments and the order they are given depend on the following:         - Where in the body the tumor came back.    - The initial treatment given.        Treatment options being studied for recurrent Ewing sarcoma include the following:         -  Targeted therapy with a monoclonal antibody.     -  Chimeric antigen receptor (CAR) T-cell therapy.    - Targeted therapy with a PARP inhibitor and chemotherapy.        Check the list of NCI-supported cancer clinical trials that are now accepting patients with recurrent Ewing sarcoma/peripheral primitive neuroectodermal tumor. For more specific results, refine the search by using other search features, such as the location of the trial, the type of treatment, or the name of the drug. Talk with your child's doctor about clinical trials that may be right for your child. General information about clinical trials is available from the NCI website.",cancer,train,CancerQA.csv
what research (or clinical trials) is being done for Ewing Sarcoma ?,"New types of treatment are being tested in clinical trials.
                    This summary section describes treatments that are being studied in clinical trials. It may not mention every new treatment being studied. Information about clinical trials is available from the NCI website.     Chimeric antigen receptor (CAR) T-cell therapy     CAR T-cell therapy is a type of immunotherapy that changes the patient's T cells (a type of immune system cell) so they will attack certain proteins on the surface of cancer cells. T cells are taken from the patient and special receptors are added to their surface in the laboratory. The changed cells are called chimeric antigen receptor (CAR) T cells. The CAR T cells are grown in the laboratory and given to the patient by infusion. The CAR T cells multiply in the patient's blood and attack cancer cells. CAR T-cell therapy is being studied in the treatment of Ewing sarcoma that has recurred.
                
                
                    Patients may want to think about taking part in a clinical trial.
                    For some patients, taking part in a clinical trial may be the best treatment choice. Clinical trials are part of the cancer research process. Clinical trials are done to find out if new cancer treatments are safe and effective or better than the standard treatment.   Many of today's standard treatments for cancer are based on earlier clinical trials. Patients who take part in a clinical trial may receive the standard treatment or be among the first to receive a new treatment.   Patients who take part in clinical trials also help improve the way cancer will be treated in the future. Even when clinical trials do not lead to effective new treatments, they often answer important questions and help move research forward.
                
                
                    Patients can enter clinical trials before, during, or after starting their cancer treatment.
                    Some clinical trials only include patients who have not yet received treatment. Other trials test treatments for patients whose cancer has not gotten better. There are also clinical trials that test new ways to stop cancer from recurring (coming back) or reduce the side effects of cancer treatment.   Clinical trials are taking place in many parts of the country. See the Treatment Options section that follows for links to current treatment clinical trials. These have been retrieved from NCI's listing of clinical trials.",cancer,test,CancerQA.csv
What is (are) Gastrointestinal Carcinoid Tumors ?,"Key Points
                    - A gastrointestinal carcinoid tumor is cancer that forms in the lining of the gastrointestinal tract.     -  Health history can affect the risk of gastrointestinal carcinoid tumors.     - Some gastrointestinal carcinoid tumors have no signs or symptoms in the early stages.     -  Carcinoid syndrome may occur if the tumor spreads to the liver or other parts of the body.     - Imaging studies and tests that examine the blood and urine are used to detect (find) and diagnose gastrointestinal carcinoid tumors.    - Certain factors affect prognosis (chance of recovery) and treatment options.
                
                
                    A gastrointestinal carcinoid tumor is cancer that forms in the lining of the gastrointestinal tract.
                    The gastrointestinal (GI) tract is part of the body's digestive system. It helps to digest food, takes nutrients (vitamins, minerals, carbohydrates, fats, proteins, and water) from food to be used by the body and helps pass waste material out of the body. The GI tract is made up of these and other organs:         -  Stomach.    -  Small intestine (duodenum, jejunum, and ileum).    -  Colon.    -  Rectum.          Gastrointestinal carcinoid tumors form from a certain type of neuroendocrine cell (a type of cell that is like a nerve cell and a hormone -making cell). These cells are scattered throughout the chest and abdomen but most are found in the GI tract. Neuroendocrine cells make hormones that help control digestive juices and the muscles used in moving food through the stomach and intestines. A GI carcinoid tumor may also make hormones and release them into the body.   GI carcinoid tumors are rare and most grow very slowly. Most of them occur in the small intestine, rectum, and appendix. Sometimes more than one tumor will form.    See the following PDQ summaries for more information related to GI and other types of carcinoid tumors:         -  Non-Small Cell Lung Cancer Treatment.    -  Pancreatic Neuroendocrine Tumors (Islet Cell Tumors) Treatment.     -  Rectal Cancer Treatment.    -  Small Intestine Cancer Treatment.    -  Unusual Cancers of Childhood Treatment
                
                
                    Carcinoid syndrome may occur if the tumor spreads to the liver or other parts of the body.
                    The hormones made by gastrointestinal carcinoid tumors are usually destroyed by liver enzymes in the blood. If the tumor has spread to the liver and the liver enzymes cannot destroy the extra hormones made by the tumor, high amounts of these hormones may remain in the body and cause carcinoid syndrome. This can also happen if tumor cells enter the blood. Signs and symptoms of carcinoid syndrome include the following:         - Redness or a feeling of warmth in the face and neck.     - Abdominal pain.    - Feeling bloated.    - Diarrhea.    - Wheezing or other trouble breathing.    - Fast heartbeat.        These signs and symptoms may be caused by gastrointestinal carcinoid tumors or by other conditions. Talk to your doctor if you have any of these signs or symptoms.",cancer,train,CancerQA.csv
Who is at risk for Gastrointestinal Carcinoid Tumors? ?,"Health history can affect the risk of gastrointestinal carcinoid tumors. Anything that increases a person's chance of developing a disease is called a risk factor. Having a risk factor does not mean that you will get cancer; not having risk factors doesnt mean that you will not get cancer. Talk to your doctor if you think you may be at risk.    Risk factors for GI carcinoid tumors include the following:         - Having a family history of multiple endocrine neoplasia type 1 (MEN1) syndrome or neurofibromatosis type 1 (NF1) syndrome.     - Having certain conditions that affect the stomach's ability to make stomach acid, such as atrophic gastritis, pernicious anemia, or Zollinger-Ellison syndrome.",cancer,train,CancerQA.csv
What are the symptoms of Gastrointestinal Carcinoid Tumors ?,"Some gastrointestinal carcinoid tumors have no signs or symptoms in the early stages.Signs and symptoms may be caused by the growth of the tumor and/or the hormones the tumor makes. Some tumors, especially tumors of the stomach or appendix, may not cause signs or symptoms. Carcinoid tumors are often found during tests or treatments for other conditions.    Carcinoid tumors in the small intestine (duodenum, jejunum, and ileum), colon, and rectum sometimes cause signs or symptoms as they grow or because of the hormones they make. Other conditions may cause the same signs or symptoms. Check with your doctor if you have any of the following:         -  Duodenum  Signs and symptoms of GI carcinoid tumors in the duodenum (first part of the small intestine, that connects to the stomach) may include the following:                  -  Abdominal pain.       -  Constipation.       -  Diarrhea.       - Change in stool color.       -  Nausea.       -  Vomiting.       -  Jaundice (yellowing of the skin and whites of the eyes).       - Heartburn.                -  Jejunum and ileum  Signs and symptoms of GI carcinoid tumors in the jejunum (middle part of the small intestine) and ileum (last part of the small intestine, that connects to the colon) may include the following:                  -  Abdominal pain.       - Weight loss for no known reason.       - Feeling very tired.       - Feeling bloated       -  Diarrhea.       -  Nausea.       - Vomiting.                -  Colon  Signs and symptoms of GI carcinoid tumors in the colon may include the following:                  - Abdominal pain.       - Weight loss for no known reason.                -  Rectum  Signs and symptoms of GI carcinoid tumors in the rectum may include the following:                  -  Blood in the stool.       - Pain in the rectum.       -  Constipation.",cancer,train,CancerQA.csv
How to diagnose Gastrointestinal Carcinoid Tumors ?,"Imaging studies and tests that examine the blood and urine are used to detect (find) and diagnose gastrointestinal carcinoid tumors. The following tests and procedures may be used:         -   Physical exam and history : An exam of the body to check general signs of health, including checking for signs of disease, such as lumps or anything else that seems unusual. A history of the patients health habits and past illnesses and treatments will also be taken.     -   Blood chemistry studies : A procedure in which a blood sample is checked to measure the amounts of certain substances, such as hormones, released into the blood by organs and tissues in the body. An unusual (higher or lower than normal) amount of a substance can be a sign of disease. The blood sample is checked to see if it contains a hormone produced by carcinoid tumors. This test is used to help diagnose carcinoid syndrome.     -   Tumor marker test : A procedure in which a sample of blood, urine, or tissue is checked to measure the amounts of certain substances, such as chromogranin A, made by organs, tissues, or tumor cells in the body. Chromogranin A is a tumor marker. It has been linked to neuroendocrine tumors when found in increased levels in the body.     -  Twenty-four-hour urine test: A test in which urine is collected for 24 hours to measure the amounts of certain substances, such as 5-HIAA or serotonin (hormone). An unusual (higher or lower than normal) amount of a substance can be a sign of disease in the organ or tissue that makes it. This test is used to help diagnose carcinoid syndrome.    -  MIBG scan : A procedure used to find neuroendocrine tumors, such as carcinoid tumors. A very small amount of radioactive material called MIBG (metaiodobenzylguanidine) is injected into a vein and travels through the bloodstream. Carcinoid tumors take up the radioactive material and are detected by a device that measures radiation.    -   CT scan (CAT scan): A procedure that makes a series of detailed pictures of areas inside the body, taken from different angles. The pictures are made by a computer linked to an x-ray machine. A dye may be injected into a vein or swallowed to help the organs or tissues show up more clearly. This procedure is also called computed tomography, computerized tomography, or computerized axial tomography.     -   MRI (magnetic resonance imaging): A procedure that uses a magnet, radio waves, and a computer to make a series of detailed pictures of areas inside the body. This procedure is also called nuclear magnetic resonance imaging     -   PET scan (positron emission tomography scan): A procedure to find malignant tumor cells in the body. A small amount of radioactive glucose (sugar) is injected into a vein. The PET scanner rotates around the body and makes a picture of where glucose is being used in the body. Malignant tumor cells show up brighter in the picture because they are more active and take up more glucose than normal cells.    -   Endoscopic ultrasound (EUS): A procedure in which an endoscope is inserted into the body, usually through the mouth or rectum. An endoscope is a thin, tube-like instrument with a light and a lens for viewing. A probe at the end of the endoscope is used to bounce high-energy sound waves (ultrasound) off internal tissues or organs, such as the stomach, small intestine, colon, or rectum, and make echoes. The echoes form a picture of body tissues called a sonogram. This procedure is also called endosonography.     -   Upper endoscopy : A procedure to look at organs and tissues inside the body to check for abnormal areas. An endoscope is inserted through the mouth and passed through the esophagus into the stomach. Sometimes the endoscope also is passed from the stomach into the small intestine. An endoscope is a thin, tube-like instrument with a light and a lens for viewing. It may also have a tool to remove tissue or lymph node samples, which are checked under a microscope for signs of disease.     -   Colonoscopy : A procedure to look inside the rectum and colon for polyps, abnormal areas, or cancer. A colonoscope is inserted through the rectum into the colon. A colonoscope is a thin, tube-like instrument with a light and a lens for viewing. It may also have a tool to remove polyps or tissue samples, which are checked under a microscope for signs of cancer.    -   Capsule endoscopy : A procedure used to see all of the small intestine. The patient swallows a capsule that contains a tiny camera. As the capsule moves through the gastrointestinal tract, the camera takes pictures and sends them to a receiver worn on the outside of the body.     -   Biopsy : The removal of cells or tissues so they can be viewed under a microscope to check for signs of cancer. Tissue samples may be taken during endoscopy and colonoscopy.",cancer,test,CancerQA.csv
What is the outlook for Gastrointestinal Carcinoid Tumors ?,"Certain factors affect prognosis (chance of recovery) and treatment options. The prognosis (chance of recovery) and treatment options depend on the following:         - Where the tumor is in the gastrointestinal tract.    - The size of the tumor.     - Whether the cancer has spread from the stomach and intestines to other parts of the body, such as the liver or lymph nodes.    - Whether the patient has carcinoid syndrome or has carcinoid heart syndrome.    - Whether the cancer can be completely removed by surgery.     - Whether the cancer is newly diagnosed or has recurred.",cancer,test,CancerQA.csv
What are the stages of Gastrointestinal Carcinoid Tumors ?,"Key Points
                    - After a gastrointestinal carcinoid tumor has been diagnosed, tests are done to find out if cancer cells have spread within the stomach and intestines or to other parts of the body.     - There are three ways that cancer spreads in the body.    - Cancer may spread from where it began to other parts of the body.    - The plan for cancer treatment depends on where the carcinoid tumor is found and whether it can be removed by surgery.
                
                
                    After a gastrointestinal carcinoid tumor has been diagnosed, tests are done to find out if cancer cells have spread within the stomach and intestines or to other parts of the body.
                    Staging is the process used to find out how far the cancer has spread. The information gathered from the staging process determines the stage of the disease. The results of tests and procedures used to diagnose gastrointestinal (GI) carcinoid tumors may also be used for staging. See the General Information section for a description of these tests and procedures. A bone scan may be done to check if there are rapidly dividing cells, such as cancer cells, in the bone. A very small amount of radioactive material is injected into a vein and travels through the bloodstream. The radioactive material collects in the bones and is detected by a scanner.
                
                
                    There are three ways that cancer spreads in the body.
                    Cancer can spread through tissue, the lymph system, and the blood:         - Tissue. The cancer spreads from where it began by growing into nearby areas.     - Lymph system. The cancer spreads from where it began by getting into the lymph system. The cancer travels through the lymph vessels to other parts of the body.     - Blood. The cancer spreads from where it began by getting into the blood. The cancer travels through the blood vessels to other parts of the body.
                
                
                    Cancer may spread from where it began to other parts of the body.
                    When cancer spreads to another part of the body, it is called metastasis. Cancer cells break away from where they began (the primary tumor) and travel through the lymph system or blood.         - Lymph system. The cancer gets into the lymph system, travels through the lymph vessels, and forms a tumor (metastatic tumor) in another part of the body.    - Blood. The cancer gets into the blood, travels through the blood vessels, and forms a tumor (metastatic tumor) in another part of the body.        The metastatic tumor is the same type of tumor as the primary tumor. For example, if a gastrointestinal (GI) carcinoid tumor spreads to the liver, the tumor cells in the liver are actually GI carcinoid tumor cells. The disease is metastatic GI carcinoid tumor, not liver cancer.
                
                
                    The plan for cancer treatment depends on where the carcinoid tumor is found and whether it can be removed by surgery.
                    For many cancers it is important to know the stage of the cancer in order to plan treatment. However, the treatment of gastrointestinal carcinoid tumors is not based on the stage of the cancer. Treatment depends mainly on whether the tumor can be removed by surgery and if the tumor has spread.   Treatment is based on whether the tumor:         - Can be completely removed by surgery.    - Has spread to other parts of the body.    - Has come back after treatment. The tumor may come back in the stomach or intestines or in other parts of the body.    - Has not gotten better with treatment.",cancer,test,CancerQA.csv
What are the treatments for Gastrointestinal Carcinoid Tumors ?,"Key Points
                    - There are different types of treatment for patients with gastrointestinal carcinoid tumors.     - Four types of standard treatment are used:         - Surgery      - Radiation therapy      - Chemotherapy      - Hormone therapy         - Treatment for carcinoid syndrome may also be needed.    - New types of treatment are being tested in clinical trials.          - Targeted therapy         - Patients may want to think about taking part in a clinical trial.    - Patients can enter clinical trials before, during, or after starting their cancer treatment.    - Follow-up tests may be needed.
                
                
                    There are different types of treatment for patients with gastrointestinal carcinoid tumors.
                    Different types of treatment are available for patients with gastrointestinal carcinoid tumor. Some treatments are standard (the currently used treatment), and some are being tested in clinical trials. A treatment clinical trial is a research study meant to help improve current treatments or obtain information on new treatments for patients with cancer. When clinical trials show that a new treatment is better than the standard treatment, the new treatment may become the standard treatment. Patients may want to think about taking part in a clinical trial. Some clinical trials are open only to patients who have not started treatment.
                
                
                    Four types of standard treatment are used:
                    Surgery     Treatment of GI carcinoid tumors usually includes surgery. One of the following surgical procedures may be used:             -  Endoscopic resection: Surgery to remove a small tumor that is on the inside lining of the GI tract. An endoscope is inserted through the mouth and passed through the esophagus to the stomach and sometimes, the duodenum. An endoscope is a thin, tube-like instrument with a light, a lens for viewing, and a tool for removing tumor tissue.     -  Local excision: Surgery to remove the tumor and a small amount of normal tissue around it.      -  Resection: Surgery to remove part or all of the organ that contains cancer. Nearby lymph nodes may also be removed.     -  Cryosurgery: A treatment that uses an instrument to freeze and destroy carcinoid tumor tissue. This type of treatment is also called cryotherapy. The doctor may use ultrasound to guide the instrument.      -  Radiofrequency ablation: The use of a special probe with tiny electrodes that release high-energy radio waves (similar to microwaves) that kill cancer cells. The probe may be inserted through the skin or through an incision (cut) in the abdomen.     -  Liver transplant: Surgery to remove the whole liver and replace it with a healthy donated liver.     -  Hepatic artery embolization: A procedure to embolize (block) the hepatic artery, which is the main blood vessel that brings blood into the liver. Blocking the flow of blood to the liver helps kill cancer cells growing there.               Radiation therapy      Radiation therapy is a cancer treatment that uses high-energy x-rays or other types of radiation to kill cancer cells or keep them from growing. There are two types of radiation therapy:            -  External radiation therapy uses a machine outside the body to send radiation toward the cancer.     -  Internal radiation therapy uses a radioactive substance sealed in needles, seeds, wires, or catheters that are placed directly into or near the cancer.            Radiopharmaceutical therapy is a type of internal radiation therapy. Radiation is given to the tumor using a drug that has a radioactive substance, such as iodine I 131, attached to it. The radioactive substance kills the tumor cells.     External and internal radiation therapy are used to treat gastrointestinal carcinoid tumors that have spread to other parts of the body.        Chemotherapy      Chemotherapy is a cancer treatment that uses drugs to stop the growth of cancer cells, either by killing the cells or by stopping the cells from dividing. When chemotherapy is taken by mouth or injected into a vein or muscle, the drugs enter the bloodstream and can reach cancer cells throughout the body (systemic chemotherapy). When chemotherapy is placed directly into the cerebrospinal fluid, an organ, or a body cavity such as the abdomen, the drugs mainly affect cancer cells in those areas (regional chemotherapy).      Chemoembolization of the hepatic artery is a type of regional chemotherapy that may be used to treat a gastrointestinal carcinoid tumor that has spread to the liver. The anticancer drug is injected into the hepatic artery through a catheter (thin tube). The drug is mixed with a substance that embolizes (blocks) the artery, and cuts off blood flow to the tumor. Most of the anticancer drug is trapped near the tumor and only a small amount of the drug reaches other parts of the body. The blockage may be temporary or permanent, depending on the substance used to block the artery. The tumor is prevented from getting the oxygen and nutrients it needs to grow. The liver continues to receive blood from the hepatic portal vein, which carries blood from the stomach and intestine.     The way the chemotherapy is given depends on the type and stage of the cancer being treated.       Hormone therapy      Hormone therapy with a somatostatin analogue is a treatment that stops extra hormones from being made. GI carcinoid tumors are treated with octreotide or lanreotide which are injected under the skin or into the muscle. Octreotide and lanreotide may also have a small effect on stopping tumor growth.
                
                
                    Treatment for carcinoid syndrome may also be needed.
                    Treatment of carcinoid syndrome may include the following:          - Hormone therapy with a somatostatin analogue stops extra hormones from being made. Carcinoid syndrome is treated with octreotide or lanreotide to lessen flushing and diarrhea. Octreotide and lanreotide may also help slow tumor growth.     -  Interferon therapy stimulates the bodys immune system to work better and lessens flushing and diarrhea. Interferon may also help slow tumor growth.    - Taking medicine for diarrhea.    - Taking medicine for skin rashes.    - Taking medicine to breathe easier.    - Taking medicine before having anesthesia for a medical procedure.        Other ways to help treat carcinoid syndrome include avoiding things that cause flushing or difficulty breathing such as alcohol, nuts, certain cheeses and foods with capsaicin, such as chili peppers. Avoiding stressful situations and certain types of physical activity can also help treat carcinoid syndrome.   For some patients with carcinoid heart syndrome, a heart valve replacement may be done.
                
                
                    New types of treatment are being tested in clinical trials.
                    This summary section describes treatments that are being studied in clinical trials. It may not mention every new treatment being studied. Information about clinical trials is available from the NCI website.     Targeted therapy      Targeted therapy is a type of treatment that uses drugs or other substances to identify and attack specific cancer cells without harming normal cells. Several types of targeted therapy are being studied in the treatment of GI carcinoid tumors.
                
                
                    Patients may want to think about taking part in a clinical trial.
                    For some patients, taking part in a clinical trial may be the best treatment choice. Clinical trials are part of the cancer research process. Clinical trials are done to find out if new cancer treatments are safe and effective or better than the standard treatment.   Many of today's standard treatments for cancer are based on earlier clinical trials. Patients who take part in a clinical trial may receive the standard treatment or be among the first to receive a new treatment.   Patients who take part in clinical trials also help improve the way cancer will be treated in the future. Even when clinical trials do not lead to effective new treatments, they often answer important questions and help move research forward.
                
                
                    Patients can enter clinical trials before, during, or after starting their cancer treatment.
                    Some clinical trials only include patients who have not yet received treatment. Other trials test treatments for patients whose cancer has not gotten better. There are also clinical trials that test new ways to stop cancer from recurring (coming back) or reduce the side effects of cancer treatment.   Clinical trials are taking place in many parts of the country. See the Treatment Options section that follows for links to current treatment clinical trials. These have been retrieved from NCI's listing of clinical trials.
                
                
                    Follow-up tests may be needed.
                    Some of the tests that were done to diagnose the cancer or to find out the stage of the cancer may be repeated. Some tests will be repeated in order to see how well the treatment is working. Decisions about whether to continue, change, or stop treatment may be based on the results of these tests.   Some of the tests will continue to be done from time to time after treatment has ended. The results of these tests can show if your condition has changed or if the cancer has recurred (come back). These tests are sometimes called follow-up tests or check-ups.
                
            
		        
		            Treatment Options for Gastrointestinal Carcinoid Tumors
		            
		                
		                    Carcinoid Tumors in the Stomach
		                    Treatment of gastrointestinal (GI) carcinoid tumors in the stomach may include the following:         -  Endoscopic surgery (resection) for small tumors.    - Surgery (resection) to remove part or all of the stomach. Nearby lymph nodes for larger tumors, tumors that grow deep into the stomach wall, or tumors that are growing and spreading quickly may also be removed.        For patients with GI carcinoid tumors in the stomach and MEN1 syndrome, treatment may also include:         - Surgery (resection) to remove tumors in the duodenum (first part of the small intestine, that connects to the stomach).    -  Hormone therapy.        Check the list of NCI-supported cancer clinical trials that are now accepting patients with localized gastrointestinal carcinoid tumor and regional gastrointestinal carcinoid tumor. For more specific results, refine the search by using other search features, such as the location of the trial, the type of treatment, or the name of the drug. Talk with your doctor about clinical trials that may be right for you. General information about clinical trials is available from the NCI website.
		                
		                
		                    Carcinoid Tumors in the Small Intestine
		                    It is not clear what the best treatment is for GI carcinoid tumors in the duodenum (first part of the small intestine, that connects to the stomach). Treatment may include the following:         -  Endoscopic surgery (resection) for small tumors.    - Surgery (local excision) to remove slightly larger tumors.    - Surgery (resection) to remove the tumor and nearby lymph nodes.        Treatment of GI carcinoid tumors in the jejunum (middle part of the small intestine) and ileum (last part of the small intestine, that connects to the colon) may include the following:         -  Surgery (resection) to remove the tumor and the membrane that connects the intestines to the back of the abdominal wall. Nearby lymph nodes are also removed.    - A second surgery to remove the membrane that connects the intestines to the back of the abdominal wall, if any tumor remains or the tumor continues to grow.    -  Hormone therapy.         Check the list of NCI-supported cancer clinical trials that are now accepting patients with localized gastrointestinal carcinoid tumor and regional gastrointestinal carcinoid tumor. For more specific results, refine the search by using other search features, such as the location of the trial, the type of treatment, or the name of the drug. Talk with your doctor about clinical trials that may be right for you. General information about clinical trials is available from the NCI website.
		                
		                
		                    Carcinoid Tumors in the Appendix
		                    Treatment of GI carcinoid tumors in the appendix may include the following:         -  Surgery (resection) to remove the appendix.    - Surgery (resection) to remove the right side of the colon including the appendix. Nearby lymph nodes are also removed.        Check the list of NCI-supported cancer clinical trials that are now accepting patients with localized gastrointestinal carcinoid tumor and regional gastrointestinal carcinoid tumor. For more specific results, refine the search by using other search features, such as the location of the trial, the type of treatment, or the name of the drug. Talk with your doctor about clinical trials that may be right for you. General information about clinical trials is available from the NCI website.
		                
		                
		                    Carcinoid Tumors in the Colon
		                    Treatment of GI carcinoid tumors in the colon may include the following:         -  Surgery (resection) to remove part of the colon and nearby  lymph nodes, in order to remove as much of the cancer as possible.        Check the list of NCI-supported cancer clinical trials that are now accepting patients with localized gastrointestinal carcinoid tumor and regional gastrointestinal carcinoid tumor. For more specific results, refine the search by using other search features, such as the location of the trial, the type of treatment, or the name of the drug. Talk with your doctor about clinical trials that may be right for you. General information about clinical trials is available from the NCI website.
		                
		                
		                    Carcinoid Tumors in the Rectum
		                    Treatment of GI carcinoid tumors in the rectum may include the following:         -  Endoscopic surgery (resection) for tumors that are smaller than 1 centimeter.    - Surgery (resection) for tumors that are larger than 2 centimeters or that have spread to the muscle layer of the rectal wall. This may be either:               - surgery to remove part of the rectum; or      -  surgery to remove the anus, the rectum, and part of the colon through an incision made in the abdomen.                 It is not clear what the best treatment is for tumors that are 1 to 2 centimeters. Treatment may include the following:         - Endoscopic surgery (resection).    - Surgery (resection) to remove part of the rectum.    - Surgery (resection) to remove the anus, the rectum, and part of the colon through an incision made in the abdomen.        Check the list of NCI-supported cancer clinical trials that are now accepting patients with localized gastrointestinal carcinoid tumor and regional gastrointestinal carcinoid tumor. For more specific results, refine the search by using other search features, such as the location of the trial, the type of treatment, or the name of the drug. Talk with your doctor about clinical trials that may be right for you. General information about clinical trials is available from the NCI website.
		                
		                
		                    Metastatic Gastrointestinal Carcinoid Tumors
		                    Distant metastases    Treatment of distant metastases of GI carcinoid tumors is usually palliative therapy to relieve symptoms and improve quality of life. Treatment may include the following:          -  Surgery (resection) to remove as much of the tumor as possible.    -  Hormone therapy.    -  Radiopharmaceutical therapy.    -  External radiation therapy for cancer that has spread to the bone, brain, or spinal cord.    - A clinical trial of a new treatment.         Liver metastases    Treatment of cancer that has spread to the liver may include the following:          - Surgery (local excision) to remove the tumor from the liver.    -  Hepatic artery embolization.    -  Cryosurgery.    -  Radiofrequency ablation.    - Liver transplant.        Check the list of NCI-supported cancer clinical trials that are now accepting patients with metastatic gastrointestinal carcinoid tumor. For more specific results, refine the search by using other search features, such as the location of the trial, the type of treatment, or the name of the drug. Talk with your doctor about clinical trials that may be right for you. General information about clinical trials is available from the NCI website.
		                
		                
		                    Recurrent Gastrointestinal Carcinoid Tumors
		                    Treatment of recurrent GI carcinoid tumors may include the following:          -  Surgery (local excision) to remove part or all of the tumor.    - A clinical trial of a new treatment.        Check the list of NCI-supported cancer clinical trials that are now accepting patients with recurrent gastrointestinal carcinoid tumor. For more specific results, refine the search by using other search features, such as the location of the trial, the type of treatment, or the name of the drug. Talk with your doctor about clinical trials that may be right for you. General information about clinical trials is available from the NCI website.",cancer,test,CancerQA.csv
what research (or clinical trials) is being done for Gastrointestinal Carcinoid Tumors ?,"New types of treatment are being tested in clinical trials.
                    This summary section describes treatments that are being studied in clinical trials. It may not mention every new treatment being studied. Information about clinical trials is available from the NCI website.     Targeted therapy      Targeted therapy is a type of treatment that uses drugs or other substances to identify and attack specific cancer cells without harming normal cells. Several types of targeted therapy are being studied in the treatment of GI carcinoid tumors.
                
                
                    Patients may want to think about taking part in a clinical trial.
                    For some patients, taking part in a clinical trial may be the best treatment choice. Clinical trials are part of the cancer research process. Clinical trials are done to find out if new cancer treatments are safe and effective or better than the standard treatment.   Many of today's standard treatments for cancer are based on earlier clinical trials. Patients who take part in a clinical trial may receive the standard treatment or be among the first to receive a new treatment.   Patients who take part in clinical trials also help improve the way cancer will be treated in the future. Even when clinical trials do not lead to effective new treatments, they often answer important questions and help move research forward.
                
                
                    Patients can enter clinical trials before, during, or after starting their cancer treatment.
                    Some clinical trials only include patients who have not yet received treatment. Other trials test treatments for patients whose cancer has not gotten better. There are also clinical trials that test new ways to stop cancer from recurring (coming back) or reduce the side effects of cancer treatment.   Clinical trials are taking place in many parts of the country. See the Treatment Options section that follows for links to current treatment clinical trials. These have been retrieved from NCI's listing of clinical trials.",cancer,train,CancerQA.csv
What is (are) Prostate Cancer ?,"Key Points
                    - Prostate cancer is a disease in which malignant (cancer) cells form in the tissues of the prostate.    - Prostate cancer is the second most common cancer among men in the United States.
                
                
                    Prostate cancer is a disease in which malignant (cancer) cells form in the tissues of the prostate.
                    The prostate is a gland in the male reproductive system. The prostate is just below the bladder (the organ that collects and empties urine) and in front of the rectum (the lower part of the intestine). It is about the size of a walnut and surrounds part of the urethra (the tube that empties urine from the bladder). The prostate gland produces fluid that makes up part of the semen.       As men age, the prostate may get bigger. A bigger prostate may block the flow of urine from the bladder and cause problems with sexual function. This condition is called benign prostatic hyperplasia (BPH). BPH is not cancer, but surgery may be needed to correct it. The symptoms of BPH or of other problems in the prostate may be like symptoms of prostate cancer.",cancer,test,CancerQA.csv
Who is at risk for Prostate Cancer? ?,"Prostate cancer is most common in older men. In the U.S., about one out of five men will be diagnosed with prostate cancer. Most men diagnosed with prostate cancer do not die of it.    See the following PDQ summaries for more information about prostate cancer:         -  Prostate Cancer Screening     -  Prostate Cancer Treatment",cancer,train,CancerQA.csv
How to prevent Prostate Cancer ?,"Key Points
                    - Avoiding risk factors and increasing protective factors may help prevent cancer.    - The following risk factors may increase the risk of prostate cancer:         - Age      - Family history of prostate cancer      - Race      - Hormones     - Vitamin E     - Folic acid     - Dairy and calcium        - The following protective factors may decrease the risk of prostate cancer:         - Folate     - Finasteride and Dutasteride        - The following have been proven not to affect the risk of prostate cancer, or their effects on prostate cancer risk are not known:         -  Selenium and vitamin E     - Diet     - Multivitamins     - Lycopene        - Cancer prevention clinical trials are used to study ways to prevent cancer.    -  New ways to prevent prostate cancer are being studied in clinical trials.
                
                
                    Avoiding risk factors and increasing protective factors may help prevent cancer.
                    Avoiding cancer risk factors may help prevent certain cancers. Risk factors include smoking, being overweight, and not getting enough exercise. Increasing protective factors such as quitting smoking and exercising may also help prevent some cancers. Talk to your doctor or other health care professional about how you might lower your risk of cancer.
                
                
                    The following risk factors may increase the risk of prostate cancer:
                    Age      Prostate cancer is rare in men younger than 50 years of age. The chance of developing prostate cancer increases as men get older.       Family history of prostate cancer     A man whose father, brother, or son has had prostate cancer has a higher-than-average risk of prostate cancer.       Race     Prostate cancer occurs more often in African-American men than in white men. African-American men with prostate cancer are more likely to die from the disease than white men with prostate cancer.       Hormones    The prostate needs male hormones to work the way it should. The main male sex hormone is testosterone. Testosterone helps the body develop and maintain male sex characteristics.    Testosterone is changed into dihydrotestosterone (DHT) by an enzyme in the body. DHT is important for normal prostate growth but can also cause the prostate to get bigger and may play a part in the development of prostate cancer.       Vitamin E    The Selenium and Vitamin E Cancer Prevention Trial (SELECT) found that vitamin E taken alone increased the risk of prostate cancer. The risk continued even after the men stopped taking vitamin E.       Folic acid    Folate is a kind of vitamin B that occurs naturally in some foods, such as green vegetables, beans and orange juice. Folic acid is a man-made form of folate that is found in vitamin supplements and fortified foods, such as whole-grain breads and cereals. A 10-year study showed that the risk of prostate cancer was increased in men who took 1 milligram (mg) supplements of folic acid. However, the risk of prostate cancer was lower in men who had enough folate in their diets.       Dairy and calcium    A diet high in dairy foods and calcium may cause a small increase in the risk of prostate cancer.
                
                
                    The following protective factors may decrease the risk of prostate cancer:
                    Folate    Folate is a kind of vitamin B that occurs naturally in some foods, such as green vegetables, beans and orange juice. Folic acid is a man-made form of folate that is found in vitamin supplements and fortified foods, such as whole-grain breads and cereals. A 10-year study showed that the risk of prostate cancer was lower in men who had enough folate in their diets. However, the risk of prostate cancer was increased in men who took 1 milligram (mg) supplements of folic acid.       Finasteride and Dutasteride     Finasteride and dutasteride are drugs used to lower the amount of male sex hormones made by the body. These drugs block the enzyme that changes testosterone into dihydrotestosterone (DHT). Higher than normal levels of DHT may play a part in developing prostate cancer. Taking finasteride or dutasteride has been shown to lower the risk for prostate cancer, but it is not known if these drugs lower the risk of death from prostate cancer.    The Prostate Cancer Prevention Trial (PCPT) studied whether the drug finasteride can prevent prostate cancer in healthy men 55 years of age and older. This prevention study showed there were fewer prostate cancers in the group of men that took finasteride compared with the group of men that did not. Also, the men who took finasteride who did have prostate cancer had more aggressive tumors. The number of deaths from prostate cancer was the same in both groups. Men who took finasteride reported more side effects compared with the group of men that did not, including erectile dysfunction, loss of desire for sex, and enlarged breasts.    The Reduction by Dutasteride of Prostate Cancer Events Trial (REDUCE) studied whether the drug dutasteride can prevent prostate cancer in men aged 50 to 75 years at higher risk for the disease. This prevention study showed there were fewer prostate cancers in the group of men who took dutasteride compared with the group of men that did not. The number of less aggressive prostate cancers was lower, but the number of more aggressive prostate cancers was not. Men who took dutasteride reported more side effects than men who did not, including erectile dysfunction, loss of desire for sex, less semen, and gynecomastia (enlarged breasts).
                
                
                    The following have been proven not to affect the risk of prostate cancer, or their effects on prostate cancer risk are not known:
                    Selenium and vitamin E    The Selenium and Vitamin E Cancer Prevention Trial (SELECT) studied whether taking vitamin E and selenium (a mineral) will prevent prostate cancer. The selenium and vitamin E were taken separately or together by healthy men 55 years of age and older (50 years of age and older for African-American men). The study showed that taking selenium alone or selenium and vitamin E together did not decrease the risk of prostate cancer.       Diet    It is not known if decreasing fat or increasing fruits and vegetables in the diet helps decrease the risk of prostate cancer or death from prostate cancer. In the PCPT trial, certain fatty acids increased the risk of high-grade prostate cancer while others decreased the risk of high-grade prostate cancer.       Multivitamins    Regular use of multivitamins has not been proven to increase the risk of early or localized prostate cancer. However, a large study showed an increased risk of advanced prostate cancer among men who took multivitamins more than seven times a week.       Lycopene    Some studies have shown that a diet high in lycopene may be linked to a decreased risk of prostate cancer, but other studies have not. It has not been proven that taking lycopene supplements decreases the risk of prostate cancer.
                
                
                    Cancer prevention clinical trials are used to study ways to prevent cancer.
                    Cancer prevention clinical trials are used to study ways to lower the risk of developing certain types of cancer. Some cancer prevention trials are conducted with healthy people who have not had cancer but who have an increased risk for cancer. Other prevention trials are conducted with people who have had cancer and are trying to prevent another cancer of the same type or to lower their chance of developing a new type of cancer. Other trials are done with healthy volunteers who are not known to have any risk factors for cancer.    The purpose of some cancer prevention clinical trials is to find out whether actions people take can prevent cancer. These may include eating fruits and vegetables, exercising, quitting smoking, or taking certain medicines, vitamins, minerals, or food supplements.
                
                
                    New ways to prevent prostate cancer are being studied in clinical trials.
                    Clinical trials are taking place in many parts of the country. Information about clinical trials can be found in the Clinical Trials section of the NCI website. Check NCI's list of cancer clinical trials for prostate cancer prevention trials that are accepting patients.",cancer,train,CancerQA.csv
Who is at risk for Prostate Cancer? ?,"Avoiding risk factors and increasing protective factors may help prevent cancer.
                    Avoiding cancer risk factors may help prevent certain cancers. Risk factors include smoking, being overweight, and not getting enough exercise. Increasing protective factors such as quitting smoking and exercising may also help prevent some cancers. Talk to your doctor or other health care professional about how you might lower your risk of cancer.
                
                
                    The following risk factors may increase the risk of prostate cancer:
                    Age      Prostate cancer is rare in men younger than 50 years of age. The chance of developing prostate cancer increases as men get older.       Family history of prostate cancer     A man whose father, brother, or son has had prostate cancer has a higher-than-average risk of prostate cancer.       Race     Prostate cancer occurs more often in African-American men than in white men. African-American men with prostate cancer are more likely to die from the disease than white men with prostate cancer.       Hormones    The prostate needs male hormones to work the way it should. The main male sex hormone is testosterone. Testosterone helps the body develop and maintain male sex characteristics.    Testosterone is changed into dihydrotestosterone (DHT) by an enzyme in the body. DHT is important for normal prostate growth but can also cause the prostate to get bigger and may play a part in the development of prostate cancer.       Vitamin E    The Selenium and Vitamin E Cancer Prevention Trial (SELECT) found that vitamin E taken alone increased the risk of prostate cancer. The risk continued even after the men stopped taking vitamin E.       Folic acid    Folate is a kind of vitamin B that occurs naturally in some foods, such as green vegetables, beans and orange juice. Folic acid is a man-made form of folate that is found in vitamin supplements and fortified foods, such as whole-grain breads and cereals. A 10-year study showed that the risk of prostate cancer was increased in men who took 1 milligram (mg) supplements of folic acid. However, the risk of prostate cancer was lower in men who had enough folate in their diets.       Dairy and calcium    A diet high in dairy foods and calcium may cause a small increase in the risk of prostate cancer.
                
                
                    The following protective factors may decrease the risk of prostate cancer:
                    Folate    Folate is a kind of vitamin B that occurs naturally in some foods, such as green vegetables, beans and orange juice. Folic acid is a man-made form of folate that is found in vitamin supplements and fortified foods, such as whole-grain breads and cereals. A 10-year study showed that the risk of prostate cancer was lower in men who had enough folate in their diets. However, the risk of prostate cancer was increased in men who took 1 milligram (mg) supplements of folic acid.       Finasteride and Dutasteride     Finasteride and dutasteride are drugs used to lower the amount of male sex hormones made by the body. These drugs block the enzyme that changes testosterone into dihydrotestosterone (DHT). Higher than normal levels of DHT may play a part in developing prostate cancer. Taking finasteride or dutasteride has been shown to lower the risk for prostate cancer, but it is not known if these drugs lower the risk of death from prostate cancer.    The Prostate Cancer Prevention Trial (PCPT) studied whether the drug finasteride can prevent prostate cancer in healthy men 55 years of age and older. This prevention study showed there were fewer prostate cancers in the group of men that took finasteride compared with the group of men that did not. Also, the men who took finasteride who did have prostate cancer had more aggressive tumors. The number of deaths from prostate cancer was the same in both groups. Men who took finasteride reported more side effects compared with the group of men that did not, including erectile dysfunction, loss of desire for sex, and enlarged breasts.    The Reduction by Dutasteride of Prostate Cancer Events Trial (REDUCE) studied whether the drug dutasteride can prevent prostate cancer in men aged 50 to 75 years at higher risk for the disease. This prevention study showed there were fewer prostate cancers in the group of men who took dutasteride compared with the group of men that did not. The number of less aggressive prostate cancers was lower, but the number of more aggressive prostate cancers was not. Men who took dutasteride reported more side effects than men who did not, including erectile dysfunction, loss of desire for sex, less semen, and gynecomastia (enlarged breasts).
                
                
                    The following have been proven not to affect the risk of prostate cancer, or their effects on prostate cancer risk are not known:
                    Selenium and vitamin E    The Selenium and Vitamin E Cancer Prevention Trial (SELECT) studied whether taking vitamin E and selenium (a mineral) will prevent prostate cancer. The selenium and vitamin E were taken separately or together by healthy men 55 years of age and older (50 years of age and older for African-American men). The study showed that taking selenium alone or selenium and vitamin E together did not decrease the risk of prostate cancer.       Diet    It is not known if decreasing fat or increasing fruits and vegetables in the diet helps decrease the risk of prostate cancer or death from prostate cancer. In the PCPT trial, certain fatty acids increased the risk of high-grade prostate cancer while others decreased the risk of high-grade prostate cancer.       Multivitamins    Regular use of multivitamins has not been proven to increase the risk of early or localized prostate cancer. However, a large study showed an increased risk of advanced prostate cancer among men who took multivitamins more than seven times a week.       Lycopene    Some studies have shown that a diet high in lycopene may be linked to a decreased risk of prostate cancer, but other studies have not. It has not been proven that taking lycopene supplements decreases the risk of prostate cancer.",cancer,test,CancerQA.csv
what research (or clinical trials) is being done for Prostate Cancer ?,"Cancer prevention clinical trials are used to study ways to prevent cancer.
                    Cancer prevention clinical trials are used to study ways to lower the risk of developing certain types of cancer. Some cancer prevention trials are conducted with healthy people who have not had cancer but who have an increased risk for cancer. Other prevention trials are conducted with people who have had cancer and are trying to prevent another cancer of the same type or to lower their chance of developing a new type of cancer. Other trials are done with healthy volunteers who are not known to have any risk factors for cancer.    The purpose of some cancer prevention clinical trials is to find out whether actions people take can prevent cancer. These may include eating fruits and vegetables, exercising, quitting smoking, or taking certain medicines, vitamins, minerals, or food supplements.
                
                
                    New ways to prevent prostate cancer are being studied in clinical trials.
                    Clinical trials are taking place in many parts of the country. Information about clinical trials can be found in the Clinical Trials section of the NCI website. Check NCI's list of cancer clinical trials for prostate cancer prevention trials that are accepting patients.",cancer,train,CancerQA.csv
What is (are) Lung Cancer ?,"Key Points
                    - Lung cancer is a disease in which malignant (cancer) cells form in the tissues of the lung.    - Lung cancer is the leading cause of cancer death in the United States.    - Different factors increase or decrease the risk of lung cancer.
                
                
                    Lung cancer is a disease in which malignant (cancer) cells form in the tissues of the lung.
                    The lungs are a pair of cone-shaped breathing organs inside the chest. The lungs bring oxygen into the body when breathing in and send carbon dioxide out of the body when breathing out. Each lung has sections called lobes. The left lung has two lobes. The right lung, which is slightly larger, has three. A thin membrane called the pleura surrounds the lungs. Two tubes called bronchi lead from the trachea (windpipe) to the right and left lungs. The bronchi are sometimes involved in lung cancer. Small tubes called bronchioles and tiny air sacs called alveoli make up the inside of the lungs.      There are two types of lung cancer: small cell lung cancer and non-small cell lung cancer.    See the following PDQ summaries for more information about lung cancer:         -   Lung Cancer Prevention     -  Non-Small Cell Lung Cancer Treatment     -  Small Cell Lung Cancer Treatment
                
                
                    Lung cancer is the leading cause of cancer death in the United States.
                    Lung cancer is the third most common type of non-skin cancer in the United States. Lung cancer is the leading cause of cancer death in men and in women.",cancer,test,CancerQA.csv
Who is at risk for Lung Cancer? ?,"Different factors increase or decrease the risk of lung cancer.
                    		Anything that increases your chance of getting a disease is called a risk factor. Anything that decreases your chance of getting a disease is called a protective factor.   For information about risk factors and protective factors for lung cancer, see the PDQ summary on Lung Cancer Prevention.
        				
        				
		                    Key Points
		                    - Screening tests have risks.    - The risks of lung cancer screening tests include the following:          - Finding lung cancer may not improve health or help you live longer.     - False-negative test results can occur.     - False-positive test results can occur.     - Chest x-rays and low-dose spiral CT scans expose the chest to radiation.     -  Talk to your doctor about your risk for lung cancer and your need for screening tests.
		                
		                
		                    Screening tests have risks.
		                    Decisions about screening tests can be difficult. Not all screening tests are helpful and most have risks. Before having any screening test, you may want to discuss the test with your doctor. It is important to know the risks of the test and whether it has been proven to reduce the risk of dying from cancer.
		                
		                
		                    The risks of lung cancer screening tests include the following:
		                    Finding lung cancer may not improve health or help you live longer.    Screening may not improve your health or help you live longer if you have lung cancer that has already spread to other places in your body.     When a screening test result leads to the diagnosis and treatment of a disease that may never have caused symptoms or become life-threatening, it is called overdiagnosis. It is not known if treatment of these cancers would help you live longer than if no treatment were given, and treatments for cancer may have serious side effects. Harms of treatment may happen more often in people who have medical problems caused by heavy or long-term smoking.       False-negative test results can occur.    Screening test results may appear to be normal even though lung cancer is present. A person who receives a false-negative test result (one that shows there is no cancer when there really is) may delay seeking medical care even if there are symptoms.       False-positive test results can occur.    Screening test results may appear to be abnormal even though no cancer is present. A false-positive test result (one that shows there is cancer when there really isn't) can cause anxiety and is usually followed by more tests (such as biopsy), which also have risks. A biopsy to diagnose lung cancer can cause part of the lung to collapse. Sometimes surgery is needed to reinflate the lung. Harms of diagnostic tests may happen more often in patients who have medical problems caused by heavy or long-term smoking.        Chest x-rays and low-dose spiral CT scans expose the chest to radiation.     Radiation exposure from chest x-rays and low-dose spiral CT scans may increase the risk of cancer. Younger people and people at low risk for lung cancer are more likely to develop lung cancer caused by radiation exposure. .        Talk to your doctor about your risk for lung cancer and your need for screening tests.    Talk to your doctor or other health care provider about your risk for lung cancer, whether a screening test is right for you, and about the benefits and harms of the screening test. You should take part in the decision about whether a screening test is right for you. (See the PDQ summary on Cancer Screening Overview for more information.)",cancer,train,CancerQA.csv
What is (are) Osteosarcoma and Malignant Fibrous Histiocytoma of Bone ?,"Key Points
                    - Osteosarcoma and malignant fibrous histiocytoma (MFH) of the bone are diseases in which malignant (cancer) cells form in bone.    - Having past treatment with radiation can increase the risk of osteosarcoma.    - Signs and symptoms of osteosarcoma and MFH include swelling over a bone or a bony part of the body and joint pain.     - Imaging tests are used to detect (find) osteosarcoma and MFH.    - A biopsy is done to diagnose osteosarcoma.    - Certain factors affect prognosis (chance of recovery) and treatment options.
                
                
                    Osteosarcoma and malignant fibrous histiocytoma (MFH) of the bone are diseases in which malignant (cancer) cells form in bone.
                    Osteosarcoma usually starts in osteoblasts, which are a type of bone cell that becomes new bone tissue. Osteosarcoma is most common in adolescents. It commonly forms in the ends of the long bones of the body, which include bones of the arms and legs. In children and adolescents, it often forms in the bones near the knee. Rarely, osteosarcoma may be found in soft tissue or organs in the chest or abdomen.   Osteosarcoma is the most common type of bone cancer. Malignant fibrous histiocytoma (MFH) of bone is a rare tumor of the bone. It is treated like osteosarcoma.     Ewing sarcoma is another kind of bone cancer, but it is not covered in this summary. See the PDQ summary about Ewing Sarcoma Treatment for more information.",cancer,train,CancerQA.csv
Who is at risk for Osteosarcoma and Malignant Fibrous Histiocytoma of Bone? ?,"Having past treatment with radiation can increase the risk of osteosarcoma. Anything that increases your risk of getting a disease is called a risk factor. Having a risk factor does not mean that you will get cancer; not having risk factors doesnt mean that you will not get cancer. Talk with your child's doctor if you think your child may be at risk. Risk factors for osteosarcoma include the following:         - Past treatment with radiation therapy.    - Past treatment with anticancer drugs called alkylating agents.    - Having a certain change in the retinoblastoma gene.    - Having certain conditions, such as the following:               -  Bloom syndrome.      -  Diamond-Blackfan anemia.      -  Li-Fraumeni syndrome.      -  Paget disease.      -  Hereditary retinoblastoma.      -  Rothmund-Thomson syndrome.      -  Werner syndrome.",cancer,train,CancerQA.csv
What are the symptoms of Osteosarcoma and Malignant Fibrous Histiocytoma of Bone ?,Signs and symptoms of osteosarcoma and MFH include swelling over a bone or a bony part of the body and joint pain. These and other signs and symptoms may be caused by osteosarcoma or MFH or by other conditions. Check with a doctor if your child has any of the following:         - Swelling over a bone or bony part of the body.    - Pain in a bone or joint.    - A bone that breaks for no known reason.,cancer,test,CancerQA.csv
How to diagnose Osteosarcoma and Malignant Fibrous Histiocytoma of Bone ?,"Imaging tests are used to detect (find) osteosarcoma and MFH.
	                        Imaging tests are done before the biopsy. The following tests and procedures may be used:         -   Physical exam and history : An exam of the body to check general signs of health, including checking for signs of disease, such as lumps or anything else that seems unusual. A history of the patients health habits and past illnesses and treatments will also be taken.    -   X-ray : An x-ray of the organs and bones inside the body. An x-ray is a type of energy beam that can go through the body and onto film, making a picture of areas inside the body.     -   CT scan (CAT scan): A procedure that makes a series of detailed pictures of areas inside the body, taken from different angles. The pictures are made by a computer linked to an x-ray machine. A dye may be injected into a vein or swallowed to help the organs or tissues show up more clearly. This procedure is also called computed tomography, computerized tomography, or computerized axial tomography.    -   MRI (magnetic resonance imaging): A procedure that uses a magnet, radio waves, and a computer to make a series of detailed pictures of areas inside the body. This procedure is also called nuclear magnetic resonance imaging (NMRI).
	                    
	                    
	                    	A biopsy is done to diagnose osteosarcoma.
	                   		Cells and tissues are removed during a biopsy so they can be viewed under a microscope by a pathologist to check for signs of cancer. It is important that the biopsy be done by a surgeon who is an expert in treating cancer of the bone. It is best if that surgeon is also the one who removes the tumor. The biopsy and the surgery to remove the tumor are planned together. The way the biopsy is done affects which type of surgery can be done later.    The type of biopsy that is done will be based on the size of the tumor and where it is in the body. There are two types of biopsy that may be used:         -   Core biopsy : The removal of tissue using a wide needle.    -   Incisional biopsy : The removal of part of a lump or a sample of tissue that doesn't look normal.         The following test may be done on the tissue that is removed:          -   Light and electron microscopy : A laboratory test in which cells in a sample of tissue are viewed under regular and high-powered microscopes to look for certain changes in the cells.",cancer,train,CancerQA.csv
What is the outlook for Osteosarcoma and Malignant Fibrous Histiocytoma of Bone ?,"Certain factors affect prognosis (chance of recovery) and treatment options. The prognosis (chance of recovery) is affected by certain factors before and after treatment.    The prognosis of untreated osteosarcoma and MFH depends on the following:         - Where the tumor is in the body and whether tumors formed in more than one bone.    - The size of the tumor.    - Whether the cancer has spread to other parts of the body and where it has spread.    - The type of tumor (based on how the cancer cells look under a microscope).    - The patient's age and weight at diagnosis.    - Whether the tumor has caused a break in the bone.     - Whether the patient has certain genetic diseases.        After osteosarcoma or MFH is treated, prognosis also depends on the following:         - How much of the cancer was killed by chemotherapy.    - How much of the tumor was taken out by surgery.    - Whether chemotherapy is delayed for more than 3 weeks after surgery takes place.    - Whether the cancer has recurred (come back) within 2 years of diagnosis.        Treatment options for osteosarcoma and MFH depend on the following:         - Where the tumor is in the body.    - The size of the tumor.    - The stage of the cancer.    - Whether the bones are still growing.    - The patient's age and general health.    - The desire of the patient and family for the patient to be able to participate in activities such as sports or have a certain appearance.    - Whether the cancer is newly diagnosed or has recurred after treatment.",cancer,train,CancerQA.csv
What are the stages of Osteosarcoma and Malignant Fibrous Histiocytoma of Bone ?,"Key Points
                    - After osteosarcoma or malignant fibrous histiocytoma (MFH) has been diagnosed, tests are done to find out if cancer cells have spread to other parts of the body.     - There are three ways that cancer spreads in the body.    - Cancer may spread from where it began to other parts of the body.    - Osteosarcoma and MFH are described as either localized or metastatic.
                
                
                    After osteosarcoma or malignant fibrous histiocytoma (MFH) has been diagnosed, tests are done to find out if cancer cells have spread to other parts of the body.
                    The process used to find out if cancer has spread to other parts of the body is called staging. For osteosarcoma and malignant fibrous histiocytoma (MFH), most patients are grouped according to whether cancer is found in only one part of the body or has spread.    The following tests and procedures may be used:         -   X-ray : An x-ray of the organs, such as the chest, and bones inside the body. An x-ray is a type of energy beam that can go through the body and onto film, making a picture of areas inside the body. X-rays will be taken of the chest and the area where the tumor formed.    -   CT scan (CAT scan): A procedure that makes a series of detailed pictures of areas inside the body, such as the chest, taken from different angles. The pictures are made by a computer linked to an x-ray machine. A dye may be injected into a vein or swallowed to help the organs or tissues show up more clearly. This procedure is also called computed tomography, computerized tomography, or computerized axial tomography. Pictures will be taken of the chest and the area where the tumor formed.    -   PET-CT scan : A procedure that combines the pictures from a positron emission tomography (PET) scan and a computed tomography (CT) scan. The PET and CT scans are done at the same time on the same machine. The pictures from both scans are combined to make a more detailed picture than either test would make by itself. A PET scan is a procedure to find malignant tumor cells in the body. A small amount of radioactive glucose (sugar) is injected into a vein. The PET scanner rotates around the body and makes a picture of where glucose is being used in the body. Malignant tumor cells show up brighter in the picture because they are more active and take up more glucose than normal cells do.    -   MRI (magnetic resonance imaging): A procedure that uses a magnet, radio waves, and a computer to make a series of detailed pictures of areas inside the body. This procedure is also called nuclear magnetic resonance imaging (NMRI).    -   Bone scan : A procedure to check if there are rapidly dividing cells, such as cancer cells, in the bone. A very small amount of radioactive material is injected into a vein and travels through the bloodstream. The radioactive material collects in the bones and is detected by a scanner.
                
                
                    There are three ways that cancer spreads in the body.
                    Cancer can spread through tissue, the lymph system, and the blood:         - Tissue. The cancer spreads from where it began by growing into nearby areas.     - Lymph system. The cancer spreads from where it began by getting into the lymph system. The cancer travels through the lymph vessels to other parts of the body.     - Blood. The cancer spreads from where it began by getting into the blood. The cancer travels through the blood vessels to other parts of the body.
                
                
                    Cancer may spread from where it began to other parts of the body.
                    When cancer spreads to another part of the body, it is called metastasis. Cancer cells break away from where they began (the primary tumor) and travel through the lymph system or blood.         - Lymph system. The cancer gets into the lymph system, travels through the lymph vessels, and forms a tumor (metastatic tumor) in another part of the body.    - Blood. The cancer gets into the blood, travels through the blood vessels, and forms a tumor (metastatic tumor) in another part of the body.        The metastatic tumor is the same type of cancer as the primary tumor. For example, if osteosarcoma spreads to the lung, the cancer cells in the lung are actually osteosarcoma cells. The disease is metastatic osteosarcoma, not lung cancer.
                
                
                    Osteosarcoma and MFH are described as either localized or metastatic.
                    -  Localized osteosarcoma or MFH has not spread out of the bone where the cancer started. There may be one or more areas of cancer in the bone that can be removed during surgery.    - Metastatic osteosarcoma or MFH has spread from the bone in which the cancer began to other parts of the body. The cancer most often spreads to the lungs. It may also spread to other bones.",cancer,train,CancerQA.csv
What are the treatments for Osteosarcoma and Malignant Fibrous Histiocytoma of Bone ?,"Key Points
                    - There are different types of treatment for patients with osteosarcoma or malignant fibrous histiocytoma (MFH) of bone.    - Children with osteosarcoma or MFH should have their treatment planned by a team of health care providers who are experts in treating cancer in children.     - Treatment for osteosarcoma or malignant fibrous histiocytoma may cause side effects.    - Four types of standard treatment are used:         - Surgery     - Chemotherapy     - Radiation therapy     - Samarium        - New types of treatment are being tested in clinical trials.          - Targeted therapy         - Patients may want to think about taking part in a clinical trial.    - Patients can enter clinical trials before, during, or after starting their cancer treatment.    - Follow-up tests may be needed.
                
                
                    There are different types of treatment for patients with osteosarcoma or malignant fibrous histiocytoma (MFH) of bone.
                    Different types of treatment are available for children with osteosarcoma or malignant fibrous histiocytoma (MFH) of bone. Some treatments are standard (the currently used treatment), and some are being tested in clinical trials. A treatment clinical trial is a research study meant to help improve current treatments or obtain information on new treatments for patients with cancer. When clinical trials show that a new treatment is better than the standard treatment, the new treatment may become the standard treatment.   Because cancer in children is rare, taking part in a clinical trial should be considered. Some clinical trials are open only to patients who have not started treatment.
                
                
                    Children with osteosarcoma or MFH should have their treatment planned by a team of health care providers who are experts in treating cancer in children.
                    Treatment will be overseen by a pediatric oncologist, a doctor who specializes in treating children with cancer. The pediatric oncologist works with other pediatric health care providers who are experts in treating osteosarcoma and MFH and who specialize in certain areas of medicine. These may include the following specialists:         -  Pediatrician.    - Orthopedic surgeon.    -  Radiation oncologist.    -  Rehabilitation specialist.    -  Pediatric nurse specialist.    -  Social worker.    -  Psychologist.
                
                
                    Treatment for osteosarcoma or malignant fibrous histiocytoma may cause side effects.
                    For information about side effects that begin during treatment for cancer, see our Side Effects page.   Side effects from cancer treatment that begin after treatment and continue for months or years are called late effects. Late effects of cancer treatment may include the following:         - Physical problems.    - Changes in mood, feelings, thinking, learning, or memory.    -  Second cancers (new types of cancer).        Some late effects may be treated or controlled. It is important to talk with your child's doctors about the effects cancer treatment can have on your child. (See the PDQ summary on Late Effects of Treatment for Childhood Cancer for more information).
                
                
                    Four types of standard treatment are used:
                    Surgery     Surgery to remove the entire tumor will be done when possible. Chemotherapy may be given before surgery to make the tumor smaller. This is called neoadjuvant chemotherapy. Chemotherapy is given so less bone tissue needs to be removed and there are fewer problems after surgery.     The following types of surgery may be done:            -  Wide local excision: Surgery to remove the cancer and some healthy tissue around it.     -  Limb-sparing surgery: Removal of the tumor in a limb (arm or leg) without amputation, so the use and appearance of the limb is saved. Most patients with osteosarcoma in a limb can be treated with limb-sparing surgery. The tumor is removed by wide local excision. Tissue and bone that are removed may be replaced with a graft using tissue and bone taken from another part of the patient's body, or with an implant such as artificial bone. If a fracture is found at diagnosis or during chemotherapy before surgery, limb-sparing surgery may still be possible in some cases. If the surgeon is not able to remove all of the tumor and enough healthy tissue around it, an amputation may be done.     -  Amputation: Surgery to remove part or all of an arm or leg. This may be done when it is not possible to remove all of the tumor in limb-sparing surgery. The patient may be fitted with a prosthesis (artificial limb) after amputation.     -  Rotationplasty: Surgery to remove the tumor and the knee joint. The part of the leg that remains below the knee is then attached to the part of the leg that remains above the knee, with the foot facing backward and the ankle acting as a knee. A prosthesis may then be attached to the foot.           Studies have shown that survival is the same whether the first surgery done is a limb-sparing surgery or an amputation.    Even if the doctor removes all the cancer that can be seen at the time of the surgery, patients are also given chemotherapy after surgery to kill any cancer cells that are left in the area where the tumor was removed or that have spread to other parts of the body. Treatment given after the surgery, to lower the risk that the cancer will come back, is called adjuvant therapy.       Chemotherapy    Chemotherapy is a cancer treatment that uses drugs to stop the growth of cancer cells, either by killing the cells or by stopping them from dividing. When chemotherapy is taken by mouth or injected into a vein or muscle, the drugs enter the bloodstream and can reach cancer cells throughout the body (systemic chemotherapy). When chemotherapy is placed directly into the cerebrospinal fluid, an organ, or a body cavity such as the abdomen, the drugs mainly affect cancer cells in those areas (regional chemotherapy). Combination chemotherapy is the use of more than one anticancer drug. The way the chemotherapy is given depends on the type and stage of the cancer being treated.    In the treatment of osteosarcoma and malignant fibrous histiocytosis of bone, chemotherapy is usually given before and after surgery to remove the primary tumor.    See Drugs Approved for Bone Cancer for more information.       Radiation therapy     Radiation therapy is a cancer treatment that uses high-energy x-rays or other types of radiation to kill cancer cells or keep them from growing. There are two types of radiation therapy:            -  External radiation therapy uses a machine outside the body to send radiation toward the cancer.     -  Internal radiation therapy uses a radioactive substance sealed in needles, seeds, wires, or catheters that are placed directly into or near the cancer.           The way the radiation therapy is given depends on the type and stage of the cancer being treated.    Osteosarcoma and MFH cells are not killed easily by external radiation therapy. It may be used when a small amount of cancer is left after surgery or used together with other treatments.       Samarium     Samarium is a radioactive drug that targets areas where bone cells are growing, such as tumor cells in bone. It helps relieve pain caused by cancer in the bone and it also kills blood cells in the bone marrow. It also is used to treat osteosarcoma that has come back after treatment in a different bone.    Treatment with samarium may be followed by stem cell transplant. Before treatment with samarium, stem cells (immature blood cells) are removed from the blood or bone marrow of the patient and are frozen and stored. After treatment with samarium is complete, the stored stem cells are thawed and given back to the patient through an infusion. These reinfused stem cells grow into (and restore) the body's blood cells.
                
                
                    New types of treatment are being tested in clinical trials.
                    This summary section describes treatments that are being studied in clinical trials. It may not mention every new treatment being studied. Information about ongoing clinical trials is available from the NCI website.     Targeted therapy      Targeted therapy is a treatment that uses drugs or other substances to find and attack specific cancer cells without harming normal cells. Kinase inhibitor therapy and monoclonal antibody therapy are types of targeted therapy being studied in clinical trials for osteosarcoma.     Kinase inhibitor therapy blocks a protein needed for cancer cells to divide. Sorafenib is a type of kinase inhibitor therapy being studied for the treatment of recurrent osteosarcoma.     Monoclonal antibody therapy is a cancer treatment that uses antibodies made in the laboratory, from a single type of immune system cell. These antibodies can identify substances on cancer cells or normal substances that may help cancer cells grow. The antibodies attach to the substances and kill the cancer cells, block their growth, or keep them from spreading. Monoclonal antibodies are given by infusion. They may be used alone or to carry drugs, toxins, or radioactive material directly to cancer cells. Denosumab, dinutuximab, and glembatumumab are monoclonal antibodies being studied for the treatment of recurrent osteosarcoma.
                
                
                    Patients may want to think about taking part in a clinical trial.
                    For some patients, taking part in a clinical trial may be the best treatment choice. Clinical trials are part of the cancer research process. Clinical trials are done to find out if new cancer treatments are safe and effective or better than the standard treatment.   Many of today's standard treatments for cancer are based on earlier clinical trials. Patients who take part in a clinical trial may receive the standard treatment or be among the first to receive a new treatment.   Patients who take part in clinical trials also help improve the way cancer will be treated in the future. Even when clinical trials do not lead to effective new treatments, they often answer important questions and help move research forward.
                
                
                    Patients can enter clinical trials before, during, or after starting their cancer treatment.
                    Some clinical trials only include patients who have not yet received treatment. Other trials test treatments for patients whose cancer has not gotten better. There are also clinical trials that test new ways to stop cancer from recurring (coming back) or reduce the side effects of cancer treatment.   Clinical trials are taking place in many parts of the country. See the Treatment Options section that follows for links to current treatment clinical trials. These have been retrieved from NCI's listing of clinical trials.
                
                
                    Follow-up tests may be needed.
                    Some of the tests that were done to diagnose the cancer or to find out the stage of the cancer may be repeated. Some tests will be repeated in order to see how well the treatment is working. Decisions about whether to continue, change, or stop treatment may be based on the results of these tests.   Some of the tests will continue to be done from time to time after treatment has ended. The results of these tests can show if your child's condition has changed or if the cancer has recurred (come back). These tests are sometimes called follow-up tests or check-ups.
                
		        
		            Treatment Options for Osteosarcoma and Malignant Fibrous Histiocytoma of Bone
		            
		                
		                    Localized Osteosarcoma and Malignant Fibrous Histiocytoma of Bone
		                    Treatment may include the following:         -  Surgery. Combination chemotherapy is usually given before and after surgery.    - Surgery followed by radiation therapy when the tumor cannot be completely removed by surgery.        Check the list of NCI-supported cancer clinical trials that are now accepting patients with localized osteosarcoma and localized childhood malignant fibrous histiocytoma of bone. For more specific results, refine the search by using other search features, such as the location of the trial, the type of treatment, or the name of the drug. Talk with your child's doctor about clinical trials that may be right for your child. General information about clinical trials is available from the NCI website.
		                
		                
		                    Metastatic Osteosarcoma and Malignant Fibrous Histiocytoma of Bone
		                    Lung Metastasis    When osteosarcoma or malignant fibrous histiocytoma (MFH) spreads, it usually spreads to the lung. Treatment of osteosarcoma and MFH with lung metastasis may include the following:         -  Combination chemotherapy followed by surgery to remove the primary cancer and the cancer that has spread to the lung.         Bone Metastasis or Bone with Lung Metastasis    Osteosarcoma and malignant fibrous histiocytoma may spread to a distant bone and/or the lung. Treatment may include the following:         - Combination chemotherapy followed by surgery to remove the primary tumor and the cancer that has spread to other parts of the body. More chemotherapy is given after surgery.    - Surgery to remove the primary tumor followed by chemotherapy and surgery to remove cancer that has spread to other parts of the body.        Check the list of NCI-supported cancer clinical trials that are now accepting patients with metastatic osteosarcoma and metastatic childhood malignant fibrous histiocytoma of bone. For more specific results, refine the search by using other search features, such as the location of the trial, the type of treatment, or the name of the drug. Talk with your child's doctor about clinical trials that may be right for your child. General information about clinical trials is available from the NCI website.
		                
		                
		                    Recurrent Osteosarcoma and Malignant Fibrous Histiocytoma of Bone
		                    Treatment of recurrent osteosarcoma and malignant fibrous histiocytoma of bone may include the following:         -  Surgery to remove the tumor with or without chemotherapy.    -  Samarium with or without stem cell transplant using the patient's own stem cells, as palliative treatment to relieve pain and improve the quality of life.    - A clinical trial of new types of treatment for patients whose cancer cannot be removed by surgery. These may include targeted therapy such as kinase inhibitor therapy or monoclonal antibody therapy.        Check the list of NCI-supported cancer clinical trials that are now accepting patients with recurrent osteosarcoma and recurrent childhood malignant fibrous histiocytoma of bone. For more specific results, refine the search by using other search features, such as the location of the trial, the type of treatment, or the name of the drug. Talk with your child's doctor about clinical trials that may be right for your child. General information about clinical trials is available from the NCI website.",cancer,train,CancerQA.csv
what research (or clinical trials) is being done for Osteosarcoma and Malignant Fibrous Histiocytoma of Bone ?,"New types of treatment are being tested in clinical trials.
	                    This summary section describes treatments that are being studied in clinical trials. It may not mention every new treatment being studied. Information about ongoing clinical trials is available from the NCI website.     Targeted therapy      Targeted therapy is a treatment that uses drugs or other substances to find and attack specific cancer cells without harming normal cells. Kinase inhibitor therapy and monoclonal antibody therapy are types of targeted therapy being studied in clinical trials for osteosarcoma.     Kinase inhibitor therapy blocks a protein needed for cancer cells to divide. Sorafenib is a type of kinase inhibitor therapy being studied for the treatment of recurrent osteosarcoma.     Monoclonal antibody therapy is a cancer treatment that uses antibodies made in the laboratory, from a single type of immune system cell. These antibodies can identify substances on cancer cells or normal substances that may help cancer cells grow. The antibodies attach to the substances and kill the cancer cells, block their growth, or keep them from spreading. Monoclonal antibodies are given by infusion. They may be used alone or to carry drugs, toxins, or radioactive material directly to cancer cells. Denosumab, dinutuximab, and glembatumumab are monoclonal antibodies being studied for the treatment of recurrent osteosarcoma.
	                
	                
	                    Patients may want to think about taking part in a clinical trial.
	                    For some patients, taking part in a clinical trial may be the best treatment choice. Clinical trials are part of the cancer research process. Clinical trials are done to find out if new cancer treatments are safe and effective or better than the standard treatment.   Many of today's standard treatments for cancer are based on earlier clinical trials. Patients who take part in a clinical trial may receive the standard treatment or be among the first to receive a new treatment.   Patients who take part in clinical trials also help improve the way cancer will be treated in the future. Even when clinical trials do not lead to effective new treatments, they often answer important questions and help move research forward.
	                
	                
	                    Patients can enter clinical trials before, during, or after starting their cancer treatment.
	                    Some clinical trials only include patients who have not yet received treatment. Other trials test treatments for patients whose cancer has not gotten better. There are also clinical trials that test new ways to stop cancer from recurring (coming back) or reduce the side effects of cancer treatment.   Clinical trials are taking place in many parts of the country. See the Treatment Options section that follows for links to current treatment clinical trials. These have been retrieved from NCI's listing of clinical trials.
	                
	                
	                    Follow-up tests may be needed.
	                    Some of the tests that were done to diagnose the cancer or to find out the stage of the cancer may be repeated. Some tests will be repeated in order to see how well the treatment is working. Decisions about whether to continue, change, or stop treatment may be based on the results of these tests.   Some of the tests will continue to be done from time to time after treatment has ended. The results of these tests can show if your child's condition has changed or if the cancer has recurred (come back). These tests are sometimes called follow-up tests or check-ups.",cancer,train,CancerQA.csv
What is (are) Prostate Cancer ?,"Key Points
                    - Prostate cancer is a disease in which malignant (cancer) cells form in the tissues of the prostate.    - Signs of prostate cancer include a weak flow of urine or frequent urination.     - Tests that examine the prostate and blood are used to detect (find) and diagnose prostate cancer.    - Certain factors affect prognosis (chance of recovery) and treatment options.
                
                
                    Prostate cancer is a disease in which malignant (cancer) cells form in the tissues of the prostate.
                    The prostate is a gland in the male reproductive system. It lies just below the bladder (the organ that collects and empties urine) and in front of the rectum (the lower part of the intestine). It is about the size of a walnut and surrounds part of the urethra (the tube that empties urine from the bladder). The prostate gland makes fluid that is part of the semen.      Prostate cancer is most common in older men. In the U.S., about 1 out of 5 men will be diagnosed with prostate cancer.",cancer,train,CancerQA.csv
What are the symptoms of Prostate Cancer ?,"Signs of prostate cancer include a weak flow of urine or frequent urination. These and other signs and symptoms may be caused by prostate cancer or by other conditions. Check with your doctor if you have any of the following:         - Weak or interrupted (""stop-and-go"") flow of urine.    - Sudden urge to urinate.    - Frequent urination (especially at night).    - Trouble starting the flow of urine.    - Trouble emptying the bladder completely.    - Pain or burning while urinating.    -  Blood in the urine or semen.    - A pain in the back, hips, or pelvis that doesn't go away.    - Shortness of breath, feeling very tired, fast heartbeat, dizziness, or pale skin caused by anemia.        Other conditions may cause the same symptoms. As men age, the prostate may get bigger and block the urethra or bladder. This may cause trouble urinating or sexual problems. The condition is called benign prostatic hyperplasia (BPH), and although it is not cancer, surgery may be needed. The symptoms of benign prostatic hyperplasia or of other problems in the prostate may be like symptoms of prostate cancer.",cancer,test,CancerQA.csv
How to diagnose Prostate Cancer ?,"Tests that examine the prostate and blood are used to detect (find) and diagnose prostate cancer. The following tests and procedures may be used:         -   Physical exam and history : An exam of the body to check general signs of health, including checking for signs of disease, such as lumps or anything else that seems unusual. A history of the patients health habits and past illnesses and treatments will also be taken.    -   Digital rectal exam (DRE): An exam of the rectum. The doctor or nurse inserts a lubricated, gloved finger into the rectum and feels the prostate through the rectal wall for lumps or abnormal areas.     -   Prostate-specific antigen (PSA) test : A test that measures the level of PSA in the blood. PSA is a substance made by the prostate that may be found in an increased amount in the blood of men who have prostate cancer. PSA levels may also be high in men who have an infection or inflammation of the prostate or BPH (an enlarged, but noncancerous, prostate).    -   Transrectal ultrasound : A procedure in which a probe that is about the size of a finger is inserted into the rectum to check the prostate. The probe is used to bounce high-energy sound waves (ultrasound) off internal tissues or organs and make echoes. The echoes form a picture of body tissues called a sonogram. Transrectal ultrasound may be used during a biopsy procedure.    -  Transrectal magnetic resonance imaging (MRI): A procedure that uses a strong magnet, radio waves, and a computer to make a series of detailed pictures of areas inside the body. A probe that gives off radio waves is inserted into the rectum near the prostate. This helps the MRI machine make clearer pictures of the prostate and nearby tissue. A transrectal MRI is done to find out if the cancer has spread outside the prostate into nearby tissues. This procedure is also called nuclear magnetic resonance imaging (NMRI).    -  Biopsy: The removal of cells or tissues so they can be viewed under a microscope by a pathologist. The pathologist will check the tissue sample to see if there are cancer cells and find out the Gleason score. The Gleason score ranges from 2-10 and describes how likely it is that a tumor will spread. The lower the number, the less likely the tumor is to spread.  A transrectal biopsy is used to diagnose prostate cancer. A transrectal biopsy is the removal of tissue from the prostate by inserting a thin needle through the rectum and into the prostate. This procedure is usually done using transrectal ultrasound to help guide where samples of tissue are taken from. A pathologist views the tissue under a microscope to look for cancer cells.",cancer,train,CancerQA.csv
What is the outlook for Prostate Cancer ?,"Certain factors affect prognosis (chance of recovery) and treatment options. The prognosis (chance of recovery) and treatment options depend on the following:         - The stage of the cancer (level of PSA, Gleason score, grade of the tumor, how much of the prostate is affected by the cancer, and whether the cancer has spread to other places in the body).    - The patients age.    - Whether the cancer has just been diagnosed or has recurred (come back).        Treatment options also may depend on the following:         - Whether the patient has other health problems.    - The expected side effects of treatment.    - Past treatment for prostate cancer.    - The wishes of the patient.        Most men diagnosed with prostate cancer do not die of it.",cancer,train,CancerQA.csv
What are the stages of Prostate Cancer ?,"Key Points
                    - After prostate cancer has been diagnosed, tests are done to find out if cancer cells have spread within the prostate or to other parts of the body.     - There are three ways that cancer spreads in the body.    - Cancer may spread from where it began to other parts of the body.    - The following stages are used for prostate cancer:         - Stage I     - Stage II     - Stage III     - Stage IV
                
                
                    After prostate cancer has been diagnosed, tests are done to find out if cancer cells have spread within the prostate or to other parts of the body.
                    The process used to find out if cancer has spread within the prostate or to other parts of the body is called staging. The information gathered from the staging process determines the stage of the disease. It is important to know the stage in order to plan treatment. The results of the tests used to diagnose prostate cancer are often also used to stage the disease. (See the General Information section.) In prostate cancer, staging tests may not be done unless the patient has symptoms or signs that the cancer has spread, such as bone pain, a high PSA level, or a high Gleason score.   The following tests and procedures also may be used in the staging process:         -   Bone scan : A procedure to check if there are rapidly dividing cells, such as cancer cells, in the bone. A very small amount of radioactive material is injected into a vein and travels through the bloodstream. The radioactive material collects in the bones and is detected by a scanner.     -   MRI (magnetic resonance imaging): A procedure that uses a magnet, radio waves, and a computer to make a series of detailed pictures of areas inside the body. This procedure is also called nuclear magnetic resonance imaging (NMRI).    -   CT scan (CAT scan): A procedure that makes a series of detailed pictures of areas inside the body, taken from different angles. The pictures are made by a computer linked to an x-ray machine. A dye may be injected into a vein or swallowed to help the organs or tissues show up more clearly. This procedure is also called computed tomography, computerized tomography, or computerized axial tomography.    -   Pelvic lymphadenectomy : A surgical procedure to remove the lymph nodes in the pelvis. A pathologist views the tissue under a microscope to look for cancer cells.    -   Seminal vesicle biopsy : The removal of fluid from the seminal vesicles (glands that make semen) using a needle. A pathologist views the fluid under a microscope to look for cancer cells.    -   ProstaScint scan : A procedure to check for cancer that has spread from the prostate to other parts of the body, such as the lymph nodes. A very small amount of radioactive material is injected into a vein and travels through the bloodstream. The radioactive material attaches to prostate cancer cells and is detected by a scanner. The radioactive material shows up as a bright spot on the picture in areas where there are a lot of prostate cancer cells.        The stage of the cancer is based on the results of the staging and diagnostic tests, including the prostate-specific antigen (PSA) test and the Gleason score. The tissue samples removed during the biopsy are used to find out the Gleason score. The Gleason score ranges from 2-10 and describes how different the cancer cells look from normal cells and how likely it is that the tumor will spread. The lower the number, the less likely the tumor is to spread.
                
                
                    There are three ways that cancer spreads in the body.
                    Cancer can spread through tissue, the lymph system, and the blood:         - Tissue. The cancer spreads from where it began by growing into nearby areas.     - Lymph system. The cancer spreads from where it began by getting into the lymph system. The cancer travels through the lymph vessels to other parts of the body.     - Blood. The cancer spreads from where it began by getting into the blood. The cancer travels through the blood vessels to other parts of the body.
                
                
                    Cancer may spread from where it began to other parts of the body.
                    When cancer spreads to another part of the body, it is called metastasis. Cancer cells break away from where they began (the primary tumor) and travel through the lymph system or blood.         - Lymph system. The cancer gets into the lymph system, travels through the lymph vessels, and forms a tumor (metastatic tumor) in another part of the body.    - Blood. The cancer gets into the blood, travels through the blood vessels, and forms a tumor (metastatic tumor) in another part of the body.        The metastatic tumor is the same type of cancer as the primary tumor. For example, if prostate cancer spreads to the bone, the cancer cells in the bone are actually prostate cancer cells. The disease is metastatic prostate cancer, not bone cancer.    Denosumab, a monoclonal antibody, may be used to prevent bone metastases.
                
                
                    The following stages are used for prostate cancer:
                    Stage I    In stage I, cancer is found in the prostate only. The cancer:             - is found by needle biopsy (done for a high PSA level) or in a small amount of tissue during surgery for other reasons (such as benign prostatic hyperplasia). The PSA level is lower than 10 and the Gleason score is 6 or lower; or     - is found in one-half or less of one lobe of the prostate. The PSA level is lower than 10 and the Gleason score is 6 or lower; or     - cannot be felt during a digital rectal exam and cannot be seen in imaging tests. Cancer is found in one-half or less of one lobe of the prostate. The PSA level and the Gleason score are not known.               Stage II    In stage II, cancer is more advanced than in stage I, but has not spread outside the prostate. Stage II is divided into stages IIA and IIB.    In stage IIA, cancer:            -  is found by needle biopsy (done for a high PSA level) or in a small amount of tissue during surgery for other reasons (such as benign prostatic hyperplasia). The PSA level is lower than 20 and the Gleason score is 7; or     -  is found by needle biopsy (done for a high PSA level) or in a small amount of tissue during surgery for other reasons (such as benign prostatic hyperplasia). The PSA level is at least 10 but lower than 20 and the Gleason score is 6 or lower; or     - is found in one-half or less of one lobe of the prostate. The PSA level is at least 10 but lower than 20 and the Gleason score is 6 or lower; or     - is found in one-half or less of one lobe of the prostate. The PSA level is lower than 20 and the Gleason score is 7; or     - is found in more than one-half of one lobe of the prostate.            In stage IIB, cancer:            - is found in opposite sides of the prostate. The PSA can be any level and the Gleason score can range from 2 to 10; or     - cannot be felt during a digital rectal exam and cannot be seen in imaging tests. The PSA level is 20 or higher and the Gleason score can range from 2 to 10; or     - cannot be felt during a digital rectal exam and cannot be seen in imaging tests. The PSA can be any level and the Gleason score is 8 or higher.              Stage III    In stage III, cancer has spread beyond the outer layer of the prostate and may have spread to the seminal vesicles. The PSA can be any level and the Gleason score can range from 2 to 10.       Stage IV    In stage IV, the PSA can be any level and the Gleason score can range from 2 to 10. Also, cancer:            - has spread beyond the seminal vesicles to nearby tissue or organs, such as the rectum, bladder, or pelvic wall; or      - may have spread to the seminal vesicles or to nearby tissue or organs, such as the rectum, bladder, or pelvic wall. Cancer has spread to nearby lymph nodes; or     - has spread to distant parts of the body, which may include lymph nodes or bones. Prostate cancer often spreads to the bones.",cancer,train,CancerQA.csv
What are the treatments for Prostate Cancer ?,"Key Points
                    - There are different types of treatment for patients with prostate cancer.     - Seven types of standard treatment are used:         - Watchful waiting or active surveillance     - Surgery      - Radiation therapy and radiopharmaceutical therapy      - Hormone therapy     - Chemotherapy     - Biologic therapy     - Bisphosphonate therapy        - There are treatments for bone pain caused by bone metastases or hormone therapy.     - New types of treatment are being tested in clinical trials.         - Cryosurgery     - High-intensityfocused ultrasound therapy     - Proton beam radiation therapy        - Patients may want to think about taking part in a clinical trial.    - Patients can enter clinical trials before, during, or after starting their cancer treatment.    - Follow-up tests may be needed.
                
                
                    There are different types of treatment for patients with prostate cancer.
                    Different types of treatment are available for patients with prostate cancer. Some treatments are standard (the currently used treatment), and some are being tested in clinical trials. A treatment clinical trial is a research study meant to help improve current treatments or obtain information on new treatments for patients with cancer. When clinical trials show that a new treatment is better than the standard treatment, the new treatment may become the standard treatment. Patients may want to think about taking part in a clinical trial. Some clinical trials are open only to patients who have not started treatment.
                
                
                    Seven types of standard treatment are used:
                    Watchful waiting or active surveillance     Watchful waiting and active surveillance are treatments used for older men who do not have signs or symptoms or have other medical conditions and for men whose prostate cancer is found during a screening test.    Watchful waiting is closely monitoring a patients condition without giving any treatment until signs or symptoms appear or change. Treatment is given to relieve symptoms and improve quality of life.    Active surveillance is closely following a patient's condition without giving any treatment unless there are changes in test results. It is used to find early signs that the condition is getting worse. In active surveillance, patients are given certain exams and tests, including digital rectal exam, PSA test, transrectal ultrasound, and transrectal needle biopsy, to check if the cancer is growing. When the cancer begins to grow, treatment is given to cure the cancer.    Other terms that are used to describe not giving treatment to cure prostate cancer right after diagnosis are observation, watch and wait, and expectant management.       Surgery     Patients in good health whose tumor is in the prostate gland only may be treated with surgery to remove the tumor. The following types of surgery are used:             -  Radical prostatectomy: A surgical procedure to remove the prostate, surrounding tissue, and seminal vesicles. There are two types of radical prostatectomy:                   -  Retropubic prostatectomy: A surgical procedure to remove the prostate through an incision (cut) in the abdominal wall. Removal of nearby lymph nodes may be done at the same time.       -  Perineal prostatectomy: A surgical procedure to remove the prostate through an incision (cut) made in the perineum (area between the scrotum and anus). Nearby lymph nodes may also be removed through a separate incision in the abdomen.                -  Pelvic lymphadenectomy: A surgical procedure to remove the lymph nodes in the pelvis. A pathologist views the tissue under a microscope to look for cancer cells. If the lymph nodes contain cancer, the doctor will not remove the prostate and may recommend other treatment.     -  Transurethral resection of the prostate (TURP): A surgical procedure to remove tissue from the prostate using a resectoscope (a thin, lighted tube with a cutting tool) inserted through the urethra. This procedure is done to treat benign prostatic hypertrophy and it is sometimes done to relieve symptoms caused by a tumor before other cancer treatment is given. TURP may also be done in men whose tumor is in the prostate only and who cannot have a radical prostatectomy.           In some cases, nerve-sparing surgery can be done. This type of surgery may save the nerves that control erection. However, men with large tumors or tumors that are very close to the nerves may not be able to have this surgery.     Possible problems after prostate cancer surgery include the following:            -  Impotence.     - Leakage of urine from the bladder or stool from the rectum.      - Shortening of the penis (1 to 2 centimeters). The exact reason for this is not known.     - Inguinal hernia (bulging of fat or part of the small intestine through weak muscles into the groin). Inguinal hernia may occur more often in men treated with radical prostatectomy than in men who have some other types of prostate surgery, radiation therapy, or prostate biopsy alone. It is most likely to occur within the first 2 years after radical prostatectomy.              Radiation therapy and radiopharmaceutical therapy     Radiation therapy is a cancer treatment that uses high-energy x-rays or other types of radiation to kill cancer cells or keep them from growing. There are different types of radiation therapy:             -  External radiation therapy uses a machine outside the body to send radiation toward the cancer. Conformal radiation is a type of external radiation therapy that uses a computer to make a 3-dimensional (3-D) picture of the tumor and shapes the radiation beams to fit the tumor. This allows a high dose of radiation to reach the tumor and causes less damage to nearby healthy tissue.  Hypofractionated radiation therapy may be given because it has a more convenient treatment schedule. Hypofractionated radiation therapy is radiation treatment in which a larger than usual total dose of radiation is given once a day over a shorter period of time (fewer days) compared to standard radiation therapy. Hypofractionated radiation therapy may have worse side effects than standard radiation therapy, depending on the schedules used.     -  Internal radiation therapy uses a radioactive substance sealed in needles, seeds, wires, or catheters that are placed directly into or near the cancer. In early-stage prostate cancer, the radioactive seeds are placed in the prostate using needles that are inserted through the skin between the scrotum and rectum. The placement of the radioactive seeds in the prostate is guided by images from transrectal ultrasound or computed tomography (CT). The needles are removed after the radioactive seeds are placed in the prostate.     -  Radiopharmaceutical therapy uses a radioactive substance to treat cancer. Radiopharmaceutical therapy includes the following:                  -  Alpha emitter radiation therapy uses a radioactive substance to treat prostate cancer that has spread to the bone. A radioactive substance called radium-223 is injected into a vein and travels through the bloodstream. The radium-223 collects in areas of bone with cancer and kills the cancer cells.                      The way the radiation therapy is given depends on the type and stage of the cancer being treated. External radiation therapy, internal radiation therapy, and radiopharmaceutical therapy are used to treat prostate cancer.    Men treated with radiation therapy for prostate cancer have an increased risk of having bladder and/or gastrointestinal cancer.    Radiation therapy can cause impotence and urinary problems.       Hormone therapy     Hormone therapy is a cancer treatment that removes hormones or blocks their action and stops cancer cells from growing. Hormones are substances made by glands in the body and circulated in the bloodstream. In prostate cancer, male sex hormones can cause prostate cancer to grow. Drugs, surgery, or other hormones are used to reduce the amount of male hormones or block them from working.     Hormone therapy for prostate cancer may include the following:            -  Luteinizing hormone-releasing hormone agonists can stop the testicles from making testosterone. Examples are leuprolide, goserelin, and buserelin.     -  Antiandrogens can block the action of androgens (hormones that promote male sex characteristics), such as testosterone. Examples are flutamide, bicalutamide, enzalutamide, and nilutamide.     - Drugs that can prevent the adrenal glands from making androgens include ketoconazole and aminoglutethimide.     -  Orchiectomy is a surgical procedure to remove one or both testicles, the main source of male hormones, such as testosterone, to decrease the amount of hormone being made.      -  Estrogens (hormones that promote female sex characteristics) can prevent the testicles from making testosterone. However, estrogens are seldom used today in the treatment of prostate cancer because of the risk of serious side effects.            Hot flashes, impaired sexual function, loss of desire for sex, and weakened bones may occur in men treated with hormone therapy. Other side effects include diarrhea, nausea, and itching.    See Drugs Approved for Prostate Cancer for more information.       Chemotherapy     Chemotherapy is a cancer treatment that uses drugs to stop the growth of cancer cells, either by killing the cells or by stopping them from dividing. When chemotherapy is taken by mouth or injected into a vein or muscle, the drugs enter the bloodstream and can reach cancer cells throughout the body (systemic chemotherapy). When chemotherapy is placed directly into the cerebrospinal fluid, an organ, or a body cavity such as the abdomen, the drugs mainly affect cancer cells in those areas (regional chemotherapy). The way the chemotherapy is given depends on the type and stage of the cancer being treated.    See Drugs Approved for Prostate Cancer for more information.       Biologic therapy     Biologic therapy is a treatment that uses the patients immune system to fight cancer. Substances made by the body or made in a laboratory are used to boost, direct, or restore the bodys natural defenses against cancer. Sipuleucel-T is a type of biologic therapy used to treat prostate cancer that has metastasized (spread to other parts of the body).    See Drugs Approved for Prostate Cancer for more information.       Bisphosphonate therapy     Bisphosphonate drugs, such as clodronate or zoledronate, reduce bone disease when cancer has spread to the bone. Men who are treated with antiandrogen therapy or orchiectomy are at an increased risk of bone loss. In these men, bisphosphonate drugs lessen the risk of bone fracture (breaks). The use of bisphosphonate drugs to prevent or slow the growth of bone metastases is being studied in clinical trials.
                
                
                    There are treatments for bone pain caused by bone metastases or hormone therapy.
                    Prostate cancer that has spread to the bone and certain types of hormone therapy can weaken bones and lead to bone pain. Treatments for bone pain include the following:          - Pain medicine.    - External radiation therapy.    -  Strontium-89 (a radioisotope).    -  Targeted therapy with a monoclonal antibody, such as denosumab.    - Bisphosphonate therapy.    -  Corticosteroids.         See the PDQ summary on Pain for more information.
                
                
                    New types of treatment are being tested in clinical trials.
                    This summary section describes treatments that are being studied in clinical trials. It may not mention every new treatment being studied. Information about clinical trials is available from the NCI website.     Cryosurgery     Cryosurgery is a treatment that uses an instrument to freeze and destroy prostate cancer cells. Ultrasound is used to find the area that will be treated. This type of treatment is also called cryotherapy.    Cryosurgery can cause impotence and leakage of urine from the bladder or stool from the rectum.       High-intensityfocused ultrasound therapy     High-intensityfocused ultrasound therapy is a treatment that uses ultrasound (high-energy sound waves) to destroy cancer cells. To treat prostate cancer, an endorectal probe is used to make the sound waves.       Proton beam radiation therapy     Proton beam radiation therapy is a type of high-energy, external radiation therapy that targets tumors with streams of protons (small, positively charged particles). This type of radiation therapy is being studied in the treatment of prostate cancer.
                
                
                    Patients may want to think about taking part in a clinical trial.
                    For some patients, taking part in a clinical trial may be the best treatment choice. Clinical trials are part of the cancer research process. Clinical trials are done to find out if new cancer treatments are safe and effective or better than the standard treatment.   Many of today's standard treatments for cancer are based on earlier clinical trials. Patients who take part in a clinical trial may receive the standard treatment or be among the first to receive a new treatment.   Patients who take part in clinical trials also help improve the way cancer will be treated in the future. Even when clinical trials do not lead to effective new treatments, they often answer important questions and help move research forward.
                
                
                    Patients can enter clinical trials before, during, or after starting their cancer treatment.
                    Some clinical trials only include patients who have not yet received treatment. Other trials test treatments for patients whose cancer has not gotten better. There are also clinical trials that test new ways to stop cancer from recurring (coming back) or reduce the side effects of cancer treatment.   Clinical trials are taking place in many parts of the country. See the Treatment Options section that follows for links to current treatment clinical trials. These have been retrieved from NCI's listing of clinical trials.
                
                
                    Follow-up tests may be needed.
                    Some of the tests that were done to diagnose the cancer or to find out the stage of the cancer may be repeated. Some tests will be repeated in order to see how well the treatment is working. Decisions about whether to continue, change, or stop treatment may be based on the results of these tests.   Some of the tests will continue to be done from time to time after treatment has ended. The results of these tests can show if your condition has changed or if the cancer has recurred (come back). These tests are sometimes called follow-up tests or check-ups.
                
		        
		            Treatment Options by Stage
		            
		                
		                    Stage I Prostate Cancer
		                    Standard treatment of stage I prostate cancer may include the following:         -  Watchful waiting.    -  Active surveillance. If the cancer begins to grow, hormone therapy may be given.    -  Radical prostatectomy, usually with pelvic lymphadenectomy. Radiation therapy may be given after surgery.     -  External radiation therapy. Hormone therapy may be given after radiation therapy.    -  Internal radiation therapy with radioactive seeds.    - A clinical trial of high-intensityfocused ultrasound therapy.    - A clinical trial of cryosurgery.        Check the list of NCI-supported cancer clinical trials that are now accepting patients with stage I prostate cancer. For more specific results, refine the search by using other search features, such as the location of the trial, the type of treatment, or the name of the drug. Talk with your doctor about clinical trials that may be right for you. General information about clinical trials is available from the NCI website.
		                
		                
		                    Stage II Prostate Cancer
		                    Standard treatment of stage II prostate cancer may include the following:         -  Watchful waiting.    -  Active surveillance. If the cancer begins to grow, hormone therapy may be given.    -  Radical prostatectomy, usually with pelvic lymphadenectomy. Radiation therapy may be given after surgery.     -  External radiation therapy. Hormone therapy may be given after radiation therapy.    -  Internal radiation therapy with radioactive seeds.    - A clinical trial of cryosurgery.    - A clinical trial of high-intensityfocused ultrasound therapy.    - A clinical trial of proton beam radiation therapy.    - Clinical trials of new types of treatment, such as hormone therapy followed by radical prostatectomy.        Check the list of NCI-supported cancer clinical trials that are now accepting patients with stage II prostate cancer. For more specific results, refine the search by using other search features, such as the location of the trial, the type of treatment, or the name of the drug. Talk with your doctor about clinical trials that may be right for you. General information about clinical trials is available from the NCI website.
		                
		                
		                    Stage III Prostate Cancer
		                    Standard treatment of stage III prostate cancer may include the following:         -  External radiation therapy. Hormone therapy may be given after radiation therapy.    - Hormone therapy.    -  Radical prostatectomy. Radiation therapy may be given after surgery.    -  Watchful waiting.    -  Active surveillance. If the cancer begins to grow, hormone therapy may be given.        Treatment to control cancer that is in the prostate and lessen urinary symptoms may include the following:         - External radiation therapy.    -  Internal radiation therapy with radioactive seeds.    - Hormone therapy.    -  Transurethral resection of the prostate (TURP).    - A clinical trial of new types of radiation therapy.    - A clinical trial of cryosurgery.        Check the list of NCI-supported cancer clinical trials that are now accepting patients with stage III prostate cancer. For more specific results, refine the search by using other search features, such as the location of the trial, the type of treatment, or the name of the drug. Talk with your doctor about clinical trials that may be right for you. General information about clinical trials is available from the NCI website.
		                
		                
		                    Stage IV Prostate Cancer
		                    Standard treatment of stage IV prostate cancer may include the following:         -  Hormone therapy.    - Hormone therapy combined with chemotherapy.    -  Bisphosphonate therapy.    -  External radiation therapy. Hormone therapy may be given after radiation therapy.    -  Alpha emitter radiation therapy.    -  Watchful waiting.    -  Active surveillance. If the cancer begins to grow, hormone therapy may be given.    - A clinical trial of radical prostatectomy with orchiectomy.        Treatment to control cancer that is in the prostate and lessen urinary symptoms may include the following:         -  Transurethral resection of the prostate (TURP).    - Radiation therapy.        Check the list of NCI-supported cancer clinical trials that are now accepting patients with stage IV prostate cancer. For more specific results, refine the search by using other search features, such as the location of the trial, the type of treatment, or the name of the drug. Talk with your doctor about clinical trials that may be right for you. General information about clinical trials is available from the NCI website.",cancer,test,CancerQA.csv
what research (or clinical trials) is being done for Prostate Cancer ?,"New types of treatment are being tested in clinical trials.
                    This summary section describes treatments that are being studied in clinical trials. It may not mention every new treatment being studied. Information about clinical trials is available from the NCI website.     Cryosurgery     Cryosurgery is a treatment that uses an instrument to freeze and destroy prostate cancer cells. Ultrasound is used to find the area that will be treated. This type of treatment is also called cryotherapy.    Cryosurgery can cause impotence and leakage of urine from the bladder or stool from the rectum.       High-intensityfocused ultrasound therapy     High-intensityfocused ultrasound therapy is a treatment that uses ultrasound (high-energy sound waves) to destroy cancer cells. To treat prostate cancer, an endorectal probe is used to make the sound waves.       Proton beam radiation therapy     Proton beam radiation therapy is a type of high-energy, external radiation therapy that targets tumors with streams of protons (small, positively charged particles). This type of radiation therapy is being studied in the treatment of prostate cancer.
                
                
                    Patients may want to think about taking part in a clinical trial.
                    For some patients, taking part in a clinical trial may be the best treatment choice. Clinical trials are part of the cancer research process. Clinical trials are done to find out if new cancer treatments are safe and effective or better than the standard treatment.   Many of today's standard treatments for cancer are based on earlier clinical trials. Patients who take part in a clinical trial may receive the standard treatment or be among the first to receive a new treatment.   Patients who take part in clinical trials also help improve the way cancer will be treated in the future. Even when clinical trials do not lead to effective new treatments, they often answer important questions and help move research forward.
                
                
                    Patients can enter clinical trials before, during, or after starting their cancer treatment.
                    Some clinical trials only include patients who have not yet received treatment. Other trials test treatments for patients whose cancer has not gotten better. There are also clinical trials that test new ways to stop cancer from recurring (coming back) or reduce the side effects of cancer treatment.   Clinical trials are taking place in many parts of the country. See the Treatment Options section that follows for links to current treatment clinical trials. These have been retrieved from NCI's listing of clinical trials.",cancer,train,CancerQA.csv
What is (are) Childhood Extracranial Germ Cell Tumors ?,"Key Points
                    - Childhood extracranial germ cell tumors form from germ cells in parts of the body other than the brain.    - Childhood extracranial germ cell tumors may be benign or malignant.    - There are three types of extracranial germ cell tumors.         - Mature Teratomas      - Immature Teratomas      - Malignant Germ Cell Tumors        - Childhood extracranial germ cell tumors are grouped as gonadal or extragonadal.          - Gonadal Germ Cell Tumors     - Extragonadal Extracranial Germ Cell Tumors        - The cause of most childhood extracranial germ cell tumors is unknown.    - Having certain inherited disorders can increase the risk of an extracranial germ cell tumor.    - Signs of childhood extracranial germ cell tumors depend on the type of tumor and where it is in the body.    - Imaging studies and blood tests are used to detect (find) and diagnose childhood extracranial germ cell tumors.    - Certain factors affect prognosis (chance of recovery) and treatment options.
                
                
                    Childhood extracranial germ cell tumors form from germ cells in parts of the body other than the brain.
                    A germ cell is a type of cell that forms as a fetus (unborn baby) develops. These cells later become sperm in the testicles or eggs in the ovaries. Sometimes while the fetus is forming, germ cells travel to parts of the body where they should not be and grow into a germ cell tumor. The tumor may form before or after birth.   This summary is about germ cell tumors that form in parts of the body that are extracranial (outside the brain). Extracranial germ cell tumors usually form in the following areas of the body:          - Testicles.    - Ovaries.    -  Sacrum or coccyx (bottom part of the spine).    - Retroperitoneum (the back wall of the abdomen).    -  Mediastinum (area between the lungs).               Extracranial germ cell tumors are most common in adolescents 15 to 19 years of age.   See the PDQ summary on Childhood Central Nervous System Germ Cell Tumors Treatment for information on intracranial (inside the brain) germ cell tumors.
                
                
                    Childhood extracranial germ cell tumors may be benign or malignant.
                    Extracranial germ cell tumors may be benign (noncancer) or malignant (cancer).
                
                
                    There are three types of extracranial germ cell tumors.
                    Extracranial germ cell tumors are grouped into mature teratomas, immature teratomas, and malignant germ cell tumors:      Mature Teratomas     Mature teratomas are the most common type of extracranial germ cell tumor. Mature teratomas are benign tumors and not likely to become cancer. They usually occur in the sacrum or coccyx (bottom part of the spine) in newborns or in the ovaries of girls at the start of puberty. The cells of mature teratomas look almost like normal cells under a microscope. Some mature teratomas release enzymes or hormones that cause signs and symptoms of disease.       Immature Teratomas     Immature teratomas also usually occur in the sacrum or coccyx (bottom part of the spine) in newborns or the ovaries of girls at the start of puberty. Immature teratomas have cells that look very different from normal cells under a microscope. Immature teratomas may be cancer. They often have several different types of tissue in them, such as hair, muscle, and bone. Some immature teratomas release enzymes or hormones that cause signs and symptoms of disease.       Malignant Germ Cell Tumors     Malignant germ cell tumors are cancer. There are two main types of malignant germ cell tumors:            - Germinomas: Tumors that make a hormone called beta-human chorionic gonadotropin (-hCG). There are three types of germinomas.                  -  Dysgerminomas form in the ovary in girls.       -  Seminomas form in the testicle in boys.       - Germinomas form in areas of the body that are not the ovary or testicle.                - Nongerminomas: There are four types of nongerminomas.                  - Yolk sac tumors make a hormone called alpha-fetoprotein (AFP). They can form in the ovary, testicle, or other areas of the body.       -  Choriocarcinomas make a hormone called beta-human chorionic gonadotropin (-hCG). They can form in the ovary, testicle, or other areas of the body.       -  Embryonal carcinomas may make a hormone called -hCG and/or a hormone called AFP. They can form in the testicle or other parts of the body, but not in the ovary.       - Mixed germ cell tumors are made up of both malignant germ cell tumor and teratoma. They can form in the ovary, testicle, or other areas of the body.
                
                
                    Childhood extracranial germ cell tumors are grouped as gonadal or extragonadal.
                    Malignant extracranial germ cell tumors are gonadal or extragonadal.     Gonadal Germ Cell Tumors    Gonadal germ cell tumors form in the testicles in boys or ovaries in girls.          Testicular Germ Cell Tumors        Testicular germ cell tumors are divided into two main types, seminoma and nonseminoma.               - Seminomas make a hormone called beta-human chorionic gonadotropin (-hCG).      - Nonseminomas are usually large and cause signs or symptoms. They tend to grow and spread more quickly than seminomas.              Testicular germ cell tumors usually occur before the age of 4 years or in adolescents and young adults. Testicular germ cell tumors in adolescents and young adults are different from those that form in early childhood.     Boys older than 14 years with testicular germ cell tumors are treated in pediatric cancer centers, but the treatment is much like the treatment used in adults. (See the PDQ summary on Testicular Cancer Treatment for more information.)             Ovarian Germ Cell Tumors        Ovarian germ cell tumors are more common in adolescent girls and young women. Most ovarian germ cell tumors are benign teratomas. Sometimes immature teratomas, dysgerminomas, yolk sac tumors, and mixed germ cell tumors (cancer) occur. (See the PDQ summary on Ovarian Germ Cell Tumors Treatment for more information.)          Extragonadal Extracranial Germ Cell Tumors    Extragonadal extracranial germ cell tumors form in areas other than the brain, testicles, or ovaries.    Most extragonadal extracranial germ cell tumors form along the midline of the body. This includes the following:             - Sacrum (the large, triangle-shaped bone in the lower spine that forms part of the pelvis).     -  Coccyx (the small bone at the bottom of the spine, also called the tailbone).     -  Mediastinum (the area between the lungs).     -  Back of the abdomen.     -  Neck.           In younger children, extragonadal extracranial germ cell tumors usually occur at birth or in early childhood. Most of these tumors are teratomas in the sacrum or coccyx.    In older children, adolescents, and young adults, extragonadal extracranial germ cell tumors are often in the mediastinum.",cancer,train,CancerQA.csv
What causes Childhood Extracranial Germ Cell Tumors ?,The cause of most childhood extracranial germ cell tumors is unknown.,cancer,train,CancerQA.csv
Who is at risk for Childhood Extracranial Germ Cell Tumors? ?,Having certain inherited disorders can increase the risk of an extracranial germ cell tumor. Anything that increases your risk of getting a disease is called a risk factor. Having a risk factor does not mean that you will get cancer; not having risk factors doesnt mean that you will not get cancer. Talk with your childs doctor if you think your child may be at risk.    Possible risk factors for extracranial germ cell tumors include the following:         - Having certain genetic syndromes:               -  Klinefelter syndrome may increase the risk of germ cell tumors in the mediastinum.      - Swyer syndrome may increase the risk of germ cell tumors in the testicles or ovaries.      - Turner syndrome may increase the risk of germ cell tumors in the ovaries.             - Having an undescended testicle may increase the risk of developing a testicular germ cell tumor.,cancer,train,CancerQA.csv
What are the symptoms of Childhood Extracranial Germ Cell Tumors ?,"Signs of childhood extracranial germ cell tumors depend on the type of tumor and where it is in the body. Different tumors may cause the following signs and symptoms. Other conditions may cause these same signs and symptoms. Check with a doctor if your child has any of the following:         - A lump in the abdomen or lower back.    -  A painless lump in the testicle.    - Pain in the abdomen.    -  Fever.    -  Constipation.    - In females, no menstrual periods.    - In females, unusual vaginal bleeding.",cancer,train,CancerQA.csv
How to diagnose Childhood Extracranial Germ Cell Tumors ?,"Imaging studies and blood tests are used to detect (find) and diagnose childhood extracranial germ cell tumors. The following tests and procedures may be used:         -   Physical exam and history : An exam of the body to check general signs of health, including checking for signs of disease, such as lumps or anything else that seems unusual. The testicles may be checked for lumps, swelling, or pain. A history of the patient's health habits and past illnesses and treatments will also be taken.     -   Serum tumor marker test : A procedure in which a sample of blood is checked to measure the amounts of certain substances released into the blood by organs, tissues, or tumor cells in the body. Certain substances are linked to specific types of cancer when found in increased levels in the blood. These are called tumor markers.  Most malignant germ cell tumors release tumor markers. The following tumor markers are used to detect extracranial germ cell tumors:                - Alpha-fetoprotein (AFP).      - Beta-human chorionic gonadotropin (-hCG).          For testicular germ cell tumors, blood levels of the tumor markers help show if the tumor is a seminoma or nonseminoma.    -   Blood chemistry studies : A procedure in which a blood sample is checked to measure the amounts of certain substances released into the blood by organs and tissues in the body. An unusual (higher or lower than normal) amount of a substance can be a sign of disease.    -   Chest x-ray : An x-ray of the organs and bones inside the chest. An x-ray is a type of energy beam that can go through the body and onto film, making a picture of areas inside the body.    -   CT scan (CAT scan): A procedure that makes a series of detailed pictures of areas inside the body, taken from different angles. The pictures are made by a computer linked to an x-ray machine. A dye may be injected into a vein or swallowed to help the organs or tissues show up more clearly. This procedure is also called computed tomography, computerized tomography, or computerized axial tomography.    -   MRI (magnetic resonance imaging): A procedure that uses a magnet, radio waves, and a computer to make a series of detailed pictures of areas inside the body. This procedure is also called nuclear magnetic resonance imaging (NMRI).    -   Ultrasound exam: A procedure in which high-energy sound waves (ultrasound) are bounced off internal tissues or organs and make echoes. The echoes form a picture of body tissues called a sonogram. The picture can be printed to be looked at later.    -   Biopsy : The removal of cells or tissues so they can be viewed under a microscope by a pathologist to check for signs of cancer. In some cases, the tumor is removed during surgery and then a biopsy is done. The following tests may be done on the sample of tissue that is removed:               -  Cytogenetic analysis : A laboratory test in which cells in a sample of tissue are viewed under a microscope to look for certain changes in the chromosomes.       -  Immunohistochemistry : A test that uses antibodies to check for certain antigens in a sample of tissue. The antibody is usually linked to a radioactive substance or a dye that causes the tissue to light up under a microscope. This type of test may be used to tell the difference between different types of cancer.",cancer,train,CancerQA.csv
What is the outlook for Childhood Extracranial Germ Cell Tumors ?,"Certain factors affect prognosis (chance of recovery) and treatment options. The prognosis (chance of recovery) and treatment options depend on the following:         - The type of germ cell tumor.    - Where the tumor first began to grow.    - The stage of the cancer (whether it has spread to nearby areas or to other places in the body).    - How well the tumor responds to treatment (lower AFP and -hCG levels).    - Whether the tumor can be completely removed by surgery.    - The patient's age and general health.    - Whether the cancer has just been diagnosed or has recurred (come back).        The prognosis for childhood extracranial germ cell tumors, especially ovarian germ cell tumors, is good.",cancer,train,CancerQA.csv
What are the stages of Childhood Extracranial Germ Cell Tumors ?,"Key Points
                    - After a childhood extracranial germ cell tumor has been diagnosed, tests are done to find out if cancer cells have spread from where the tumor started to nearby areas or to other parts of the body.     - There are three ways that cancer spreads in the body.    - Cancer may spread from where it began to other parts of the body.    - Stages are used to describe the different types of extracranial germ cell tumors.         - Childhood nonseminoma testicular germ cell tumors     - Childhood ovarian germ cell tumors      - Childhood extragonadal extracranial germ cell tumors
                
                
                    After a childhood extracranial germ cell tumor has been diagnosed, tests are done to find out if cancer cells have spread from where the tumor started to nearby areas or to other parts of the body.
                    The process used to find out if cancer has spread from where the tumor started to other parts of the body is called staging. The information gathered from the staging process determines the stage of the disease. It is important to know the stage in order to plan treatment. In some cases, staging may follow surgery to remove the tumor.    The following procedures may be used:         -   MRI (magnetic resonance imaging): A procedure that uses a magnet, radio waves, and a computer to make a series of detailed pictures of areas inside the body, such as the lymph nodes. This procedure is also called nuclear magnetic resonance imaging.    -   CT scan (CAT scan): A procedure that makes a series of detailed pictures of areas inside the body, such as the chest or lymph nodes, taken from different angles. The pictures are made by a computer linked to an x-ray machine. A dye may be injected into a vein or swallowed to help the organs or tissues show up more clearly. This procedure is also called computed tomography, computerized tomography, or computerized axial tomography.    -   Bone scan : A procedure to check if there are rapidly dividing cells, such as cancer cells, in the bone. A very small amount of radioactive material is injected into a vein and travels through the bloodstream. The radioactive material collects in the bones with cancer and is detected by a scanner.    -   Thoracentesis : The removal of fluid from the space between the lining of the chest and the lung, using a needle. A pathologist views the fluid under a microscope to look for cancer cells.    -   Paracentesis : The removal of fluid from the space between the lining of the abdomen and the organs in the abdomen, using a needle. A pathologist views the fluid under a microscope to look for cancer cells.        The results from tests and procedures used to detect and diagnose childhood extracranial germ cell tumors may also be used in staging.
                
                
                    There are three ways that cancer spreads in the body.
                    Cancer can spread through tissue, the lymph system, and the blood:         - Tissue. The cancer spreads from where it began by growing into nearby areas.     - Lymph system. The cancer spreads from where it began by getting into the lymph system. The cancer travels through the lymph vessels to other parts of the body.     - Blood. The cancer spreads from where it began by getting into the blood. The cancer travels through the blood vessels to other parts of the body.
                
                
                    Cancer may spread from where it began to other parts of the body.
                    When cancer spreads to another part of the body, it is called metastasis. Cancer cells break away from where they began (the primary tumor) and travel through the lymph system or blood.         - Lymph system. The cancer gets into the lymph system, travels through the lymph vessels, and forms a tumor (metastatic tumor) in another part of the body.    - Blood. The cancer gets into the blood, travels through the blood vessels, and forms a tumor (metastatic tumor) in another part of the body.        The metastatic tumor is the same type of cancer as the primary tumor. For example, if an extracranial germ cell tumor spreads to the liver, the cancer cells in the liver are actually cancerous germ cells. The disease is metastatic extracranial germ cell tumor, not liver cancer.
                
                
                    Stages are used to describe the different types of extracranial germ cell tumors.
                    Childhood nonseminoma testicular germ cell tumors            -  Stage I: In stage I, the cancer is found in the testicle only and is completely removed by surgery.     -  Stage II: In stage II, the cancer is removed by surgery and some cancer cells remain in the scrotum or cancer that can be seen with a microscope only has spread to the scrotum or spermatic cord. Tumor marker levels do not return to normal after surgery or the tumor marker levels increase.     -  Stage III: In stage III, the cancer has spread to one or more lymph nodes in the abdomen and is not completely removed by surgery. The cancer that remains after surgery can be seen without a microscope.     -  Stage IV: In stage IV, the cancer has spread to distant parts of the body such as the liver, brain, bone, or lung.              Childhood ovarian germ cell tumors     There are two types of stages used for childhood ovarian germ cell tumors. The following stages are from the Children's Oncology Group:            -  Stage I: In stage I, the cancer is in the ovary and can be completely removed by surgery and the capsule (outer covering) of the ovary has not ruptured (broken open).     -  Stage II: In stage II, one of the following is true:                   - The cancer is not completely removed by surgery. The remaining cancer can be seen with a microscope only.       - The cancer has spread to the lymph nodes and can be seen with a microscope only.       - The cancer has spread to the capsule (outer covering) of the ovary.                -  Stage III: In stage III, one of the following is true:                  - The cancer is not completely removed by surgery. The remaining cancer can be seen without a microscope.       - The cancer has spread to lymph nodes and the lymph nodes are 2 centimeters or larger. Cancer in the lymph nodes can be seen without a microscope.       - The cancer is found in fluid in the abdomen.                -  Stage IV: In stage IV, the cancer has spread to the lung, liver, brain, or bone.            The following stages are from the International Federation of Gynecology and Obstetrics (FIGO):            -  Stage I: In stage I, cancer is found in one or both of the ovaries and has not spread. Stage I is divided into stage IA, stage IB, and stage IC.                   - Stage IA: Cancer is found in one ovary.       - Stage IB: Cancer is found in both ovaries.       - Stage IC: Cancer is found in one or both ovaries and one of the following is true:                           - cancer is found on the outside surface of one or both ovaries; or          - the capsule (outer covering) of the tumor has ruptured (broken open); or           - cancer cells are found in fluid that has collected in the abdomen; or          - cancer cells are found in washings of the peritoneal cavity (the body cavity that contains most of the organs in the abdomen).                                 -  Stage II: In stage II, cancer is found in one or both ovaries and has spread into other areas of the pelvis. Stage II is divided into stage IIA, stage IIB, and stage IIC.                   - Stage IIA: Cancer has spread to the uterus and/or the fallopian tubes (the long slender tubes through which eggs pass from the ovaries to the uterus).        - Stage IIB: Cancer has spread to other tissue within the pelvis such as the bladder, rectum, or vagina.        - Stage IIC: Cancer has spread to the uterus and/or fallopian tubes and/or other tissue within the pelvis and one of the following is true:                           - cancer is found on the outside surface of one or both ovaries; or          - the capsule (outer covering) of the tumor has ruptured (broken open); or           - cancer cells are found in fluid that has collected in the abdomen; or          - cancer cells are found in washings of the peritoneal cavity (the body cavity that contains most of the organs in the abdomen).                                 -  Stage III: In stage III, cancer is found in one or both ovaries and has spread to other parts of the abdomen. Cancer that has spread to the surface of the liver is also stage III disease. Stage III is divided into stage IIIA, stage IIIB, and stage IIIC:                   - Stage IIIA: The tumor is found in the pelvis only, but cancer cells that can only be seen with a microscope have spread to the surface of the peritoneum (tissue that lines the abdominal wall and covers most of the organs in the abdomen) or to the small bowel.        - Stage IIIB: Cancer has spread to the peritoneum and is 2 centimeters or smaller in diameter.       - Stage IIIC: Cancer has spread to the peritoneum and is larger than 2 centimeters in diameter and/or has spread to lymph nodes in the abdomen.                -  Stage IV: In stage IV, cancer is found in one or both ovaries and has metastasized (spread) beyond the abdomen to other parts of the body. Cancer that has spread to tissues in the liver is also stage IV disease.              Childhood extragonadal extracranial germ cell tumors            -  Stage I: In stage I, the cancer is in one place and can be completely removed by surgery. For tumors in the sacrum or coccyx (bottom part of the spine), the sacrum and coccyx are completely removed by surgery. Tumor marker levels return to normal after surgery.      -  Stage II: In stage II, the cancer has spread to the capsule (outer covering) and/or lymph nodes. The cancer is not completely removed by surgery and the cancer remaining after surgery can be seen with a microscope only. Tumor marker levels do not return to normal after surgery or increase.     -  Stage III: In stage III, one of the following is true:                  - The cancer is not completely removed by surgery. The cancer remaining after surgery can be seen without a microscope.       - The cancer has spread to lymph nodes and is larger than 2 centimeters in diameter.                -  Stage IV: In stage IV, the cancer has spread to distant parts of the body, including the liver, brain, bone, or lung.",cancer,test,CancerQA.csv
What are the treatments for Childhood Extracranial Germ Cell Tumors ?,"Key Points
                    - There are different types of treatment for children with extracranial germ cell tumors.    - Children with extracranial germ cell tumors should have their treatment planned by a team of health care providers who are experts in treating cancer in children.    - Some cancer treatments cause side effects months or years after treatment has ended.    - Three types of standard treatment are used:         - Surgery     - Observation     - Chemotherapy        - New types of treatment are being tested in clinical trials.          - High-dose chemotherapy with stem cell transplant     - Radiation therapy        - Patients may want to think about taking part in a clinical trial.    - Patients can enter clinical trials before, during, or after starting their cancer treatment.    - Follow-up tests may be needed.
                
                
                    There are different types of treatment for children with extracranial germ cell tumors.
                    Different types of treatments are available for children with extracranial germ cell tumors. Some treatments are standard (the currently used treatment), and some are being tested in clinical trials. A treatment clinical trial is a research study meant to help improve current treatments or obtain information on new treatments for patients with cancer. When clinical trials show that a new treatment is better than the standard treatment, the new treatment may become the standard treatment.   Because cancer in children is rare, taking part in a clinical trial should be considered. Some clinical trials are open only to patients who have not started treatment.
                
                
                    Children with extracranial germ cell tumors should have their treatment planned by a team of health care providers who are experts in treating cancer in children.
                    Treatment will be overseen by a pediatric oncologist, a doctor who specializes in treating children with cancer. The pediatric oncologist works with other health care providers who are experts in treating children with extracranial germ cell tumors and who specialize in certain areas of medicine. These may include the following specialists:         -  Pediatrician.    -  Pediatric surgeon.    -  Pediatric hematologist.    -  Radiation oncologist.    -  Endocrinologist.    -  Pediatric nurse specialist.    -  Rehabilitation specialist.    -  Child life professional.    -  Psychologist.    -  Social worker.    -  Geneticist.
                
                
                    Some cancer treatments cause side effects months or years after treatment has ended.
                    Side effects from cancer treatment that begin during or after treatment and continue for months or years are called late effects. Late effects of cancer treatment may include the following:         - Physical problems.     - Changes in mood, feelings, thinking, learning, or memory.     -  Second cancers (new types of cancer).         For example, late effects of surgery to remove tumors in the sacrum or coccyx include constipation, loss of bowel and bladder control, and scars.   Some late effects may be treated or controlled. It is important to talk with your child's doctors about the effects cancer treatment can have on your child. (See the PDQ summary on Late Effects of Treatment for Childhood Cancer for more information).
                
                
                    Three types of standard treatment are used:
                    Surgery    Surgery to completely remove the tumor is done whenever possible. If the tumor is very large, chemotherapy may be given first, to make the tumor smaller and decrease the amount of tissue that needs to be removed during surgery. A goal of surgery is to keep reproductive function. The following types of surgery may be used:            -  Resection: Surgery to remove tissue or part or all of an organ.     - Radical inguinal orchiectomy: Surgery to remove one or both testicles through an incision (cut) in the groin.     -  Unilateral salpingo-oophorectomy: Surgery to remove one ovary and one fallopian tube on the same side.           Even if the doctor removes all the cancer that can be seen at the time of the surgery, some patients may be given chemotherapy after surgery to kill any cancer cells that are left. Treatment given after the surgery, to lower the risk that the cancer will come back, is called adjuvant therapy.       Observation     Observation is closely monitoring a patients condition without giving any treatment until signs or symptoms appear or change. For childhood extracranial germ cell tumors, this includes physical exams, imaging tests, and tumor marker tests.       Chemotherapy    Chemotherapy is a cancer treatment that uses drugs to stop the growth of cancer cells, either by killing the cells or by stopping them from dividing. When chemotherapy is taken by mouth or injected into a vein or muscle, the drugs enter the bloodstream and can reach cancer cells throughout the body (systemic chemotherapy). When chemotherapy is placed directly into the cerebrospinal fluid, an organ, or a body cavity such as the abdomen, the drugs mainly affect cancer cells in those areas (regional chemotherapy). Combination chemotherapy is treatment using more than one anticancer drug.     The way the chemotherapy is given depends on the type and stage of the cancer being treated.
                
                
                    New types of treatment are being tested in clinical trials.
                    This summary section describes treatments that are being studied in clinical trials. It may not mention every new treatment being studied. Information about clinical trials is available from the NCI website.     High-dose chemotherapy with stem cell transplant     High-dose chemotherapy with stem cell transplant is a way of giving high doses of chemotherapy and replacing blood -forming cells destroyed by the cancer treatment. Stem cells (immature blood cells) are removed from the blood or bone marrow of the patient or a donor and are frozen and stored. After the chemotherapy is completed, the stored stem cells are thawed and given back to the patient through an infusion. These reinfused stem cells grow into (and restore) the body's blood cells.       Radiation therapy     Radiation therapy is a cancer treatment that uses high-energy x-rays or other types of radiation to kill cancer cells or keep them from growing. There are two types of radiation therapy:            -  External radiation therapy uses a machine outside the body to send radiation toward the cancer.     -  Internal radiation therapy uses a radioactive substance sealed in needles, seeds, wires, or catheters that are placed directly into or near the cancer.           The way the radiation therapy is given depends on the type of cancer and whether it has come back. External radiation therapy is being studied for the treatment of childhood extracranial germ cell tumors that have come back.
                
                
                    Patients may want to think about taking part in a clinical trial.
                    For some patients, taking part in a clinical trial may be the best treatment choice. Clinical trials are part of the cancer research process. Clinical trials are done to find out if new cancer treatments are safe and effective or better than the standard treatment.   Many of today's standard treatments for cancer are based on earlier clinical trials. Patients who take part in a clinical trial may receive the standard treatment or be among the first to receive a new treatment.   Patients who take part in clinical trials also help improve the way cancer will be treated in the future. Even when clinical trials do not lead to effective new treatments, they often answer important questions and help move research forward.
                
                
                    Patients can enter clinical trials before, during, or after starting their cancer treatment.
                    Some clinical trials only include patients who have not yet received treatment. Other trials test treatments for patients whose cancer has not gotten better. There are also clinical trials that test new ways to stop cancer from recurring (coming back) or reduce the side effects of cancer treatment.   Clinical trials are taking place in many parts of the country. See the Treatment Options section that follows for links to current treatment clinical trials. These have been retrieved from NCI's listing of clinical trials.
                
                
                    Follow-up tests may be needed.
                    Some of the tests that were done to diagnose the cancer or to find out the stage of the cancer may be repeated. Some tests will be repeated in order to see how well the treatment is working. Decisions about whether to continue, change, or stop treatment may be based on the results of these tests.   Some of the tests will continue to be done from time to time after treatment has ended. The results of these tests can show if your child's condition has changed or if the cancer has recurred (come back). These tests are sometimes called follow-up tests or check-ups.   For childhood extracranial germ cell tumors, alpha-fetoprotein (AFP) tests and beta-human chorionic gonadotropin (-hCG) tests are done to see if treatment is working. Continued high levels of AFP or -hCG may mean the cancer is still growing. For at least 3 years after surgery, follow-up will include regular physical exams, imaging tests, and tumor marker tests.
                
		        
		            Treatment Options for Childhood Extracranial Germ Cell Tumors
		            
		                
		                    Mature and Immature Teratomas
		                    Treatment of mature teratomas that are not in the sacrum or coccyx (bottom part of the spine) includes the following:         -  Surgery to remove the tumor followed by observation.        Treatment of immature teratomas that are not in the sacrum or coccyx includes the following:         - Surgery to remove the tumor followed by observation for stage I tumors.    - Surgery to remove the tumor for stage IIIV tumors.         Treatment of immature teratomas that are in the sacrum or coccyx includes the following:         - Surgery (removal of the sacrum and coccyx) followed by observation.        Sometimes a mature or immature teratoma also has malignant cells. The teratoma and malignant cells may need to be treated differently.    Regular follow-up exams with imaging tests and the alpha-fetoprotein (AFP) tumor marker test will be done for at least 3 years.   Check the list of NCI-supported cancer clinical trials that are now accepting patients with childhood teratoma. For more specific results, refine the search by using other search features, such as the location of the trial, the type of treatment, or the name of the drug. Talk with your child's doctor about clinical trials that may be right for your child. General information about clinical trials is available from the NCI website.
		                
		                
		                    Malignant Gonadal Germ Cell Tumors
		                    Malignant Testicular Germ Cell Tumors     Treatment of malignant testicular germ cell tumors may include the following:    For boys younger than 15 years:            -  Surgery (radical inguinal orchiectomy) followed by observation for stage I tumors.     - Surgery (radical inguinal orchiectomy) followed by combination chemotherapy for stage II-IV tumors. A second surgery may be done to remove any tumor remaining after chemotherapy.           For boys 15 years and older:    Malignant testicular germ cell tumors in boys 15 years and older are treated differently than they are in young boys. Surgery may include removal of lymph nodes in the abdomen. (See the PDQ summary on Testicular Cancer Treatment for more information.)    Check the list of NCI-supported cancer clinical trials that are now accepting patients with childhood malignant testicular germ cell tumor. For more specific results, refine the search by using other search features, such as the location of the trial, the type of treatment, or the name of the drug. Talk with your child's doctor about clinical trials that may be right for your child. General information about clinical trials is available from the NCI website.       Malignant Ovarian Germ Cell Tumors        Dysgerminomas     Treatment of stage I dysgerminomas in young girls may include the following:               -  Surgery (unilateral salpingo-oophorectomy) followed by observation. Combination chemotherapy may be given if the tumor comes back.              Treatment of stages IIIV dysgerminomas in young girls may include the following:               - Surgery (unilateral salpingo-oophorectomy) followed by combination chemotherapy.      - Combination chemotherapy to shrink the tumor, followed by surgery (unilateral salpingo-oophorectomy).                   Nongerminomas     Treatment of stage I nongerminomas in young girls may include the following:               -  Surgery followed by observation.       - Surgery followed by combination chemotherapy.              Treatment of stages IIIV nongerminomas in young girls may include the following:               - Surgery followed by combination chemotherapy. A second surgery may be done to remove any remaining cancer.      -  Biopsy followed by combination chemotherapy to shrink the tumor and sometimes surgery for tumors that cannot be removed by surgery when cancer is diagnosed.                The treatment for adolescents and young adults with ovarian germ cell tumor is much like the treatment for adults. (See the PDQ treatment summary on Ovarian Germ Cell Tumors for more information.)    Check the list of NCI-supported cancer clinical trials that are now accepting patients with childhood malignant ovarian germ cell tumor. For more specific results, refine the search by using other search features, such as the location of the trial, the type of treatment, or the name of the drug. Talk with your child's doctor about clinical trials that may be right for your child. General information about clinical trials is available from the NCI website.
		                
		                
		                    Malignant Extragonadal Extracranial Germ Cell Tumors
		                    Treatment of childhood malignant extragonadal extracranial germ cell tumors may include the following:         -  Combination chemotherapy to shrink the tumor followed by surgery to remove the sacrum and coccyx (bottom part of the spine) for tumors that are in the sacrum or coccyx.    - Combination chemotherapy to shrink the tumor followed by surgery to remove tumors that are in the mediastinum.    -  Biopsy followed by combination chemotherapy to shrink the tumor and surgery to remove tumors that are in the abdomen.    - Surgery to remove the tumor followed by combination chemotherapy for tumors of the head and neck.        Treatment of malignant extragonadal extracranial germ cell tumors in places not already described includes the following:         - Surgery followed by combination chemotherapy.        Check the list of NCI-supported cancer clinical trials that are now accepting patients with childhood extragonadal germ cell tumor. For more specific results, refine the search by using other search features, such as the location of the trial, the type of treatment, or the name of the drug. Talk with your child's doctor about clinical trials that may be right for your child. General information about clinical trials is available from the NCI website.
		                
		                
		                    Recurrent Childhood Malignant Extracranial Germ Cell Tumors
		                    There is no standard treatment for recurrent childhood malignant extracranial germ cell tumors. Treatment depends on the following:         - The type of treatment given when the cancer was diagnosed.    - How the tumor responded to the initial treatment.        Treatment is usually within a clinical trial and may include the following:         -  Surgery.    - Surgery followed by combination chemotherapy, for most malignant extracranial germ cell tumors including immature teratomas, malignant testicular germ cell tumors, and malignant ovarian germ cell tumors.     - Surgery for tumors that come back in the sacrum or coccyx (bottom part of the spine), if surgery to remove the sacrum and coccyx was not done when the cancer was diagnosed. Chemotherapy may be given before surgery, to shrink the tumor. If any tumor remains after surgery, radiation therapy may also be given.    - Combination chemotherapy for stage I malignant testicular germ cell tumors and stage I ovarian dysgerminomas.    -  High-dose chemotherapy and stem cell transplant.    - Radiation therapy followed by surgery to remove the tumor in the brain for cancer that has spread to the brain.    - A clinical trial of combination chemotherapy alone compared with high-dose chemotherapy followed by stem cell transplant.        Check the list of NCI-supported cancer clinical trials that are now accepting patients with recurrent childhood malignant germ cell tumor. For more specific results, refine the search by using other search features, such as the location of the trial, the type of treatment, or the name of the drug. Talk with your child's doctor about clinical trials that may be right for your child. General information about clinical trials is available from the NCI website.",cancer,train,CancerQA.csv
what research (or clinical trials) is being done for Childhood Extracranial Germ Cell Tumors ?,"New types of treatment are being tested in clinical trials.
                    This summary section describes treatments that are being studied in clinical trials. It may not mention every new treatment being studied. Information about clinical trials is available from the NCI website.     High-dose chemotherapy with stem cell transplant     High-dose chemotherapy with stem cell transplant is a way of giving high doses of chemotherapy and replacing blood -forming cells destroyed by the cancer treatment. Stem cells (immature blood cells) are removed from the blood or bone marrow of the patient or a donor and are frozen and stored. After the chemotherapy is completed, the stored stem cells are thawed and given back to the patient through an infusion. These reinfused stem cells grow into (and restore) the body's blood cells.       Radiation therapy     Radiation therapy is a cancer treatment that uses high-energy x-rays or other types of radiation to kill cancer cells or keep them from growing. There are two types of radiation therapy:            -  External radiation therapy uses a machine outside the body to send radiation toward the cancer.     -  Internal radiation therapy uses a radioactive substance sealed in needles, seeds, wires, or catheters that are placed directly into or near the cancer.           The way the radiation therapy is given depends on the type of cancer and whether it has come back. External radiation therapy is being studied for the treatment of childhood extracranial germ cell tumors that have come back.
                
                
                    Patients may want to think about taking part in a clinical trial.
                    For some patients, taking part in a clinical trial may be the best treatment choice. Clinical trials are part of the cancer research process. Clinical trials are done to find out if new cancer treatments are safe and effective or better than the standard treatment.   Many of today's standard treatments for cancer are based on earlier clinical trials. Patients who take part in a clinical trial may receive the standard treatment or be among the first to receive a new treatment.   Patients who take part in clinical trials also help improve the way cancer will be treated in the future. Even when clinical trials do not lead to effective new treatments, they often answer important questions and help move research forward.
                
                
                    Patients can enter clinical trials before, during, or after starting their cancer treatment.
                    Some clinical trials only include patients who have not yet received treatment. Other trials test treatments for patients whose cancer has not gotten better. There are also clinical trials that test new ways to stop cancer from recurring (coming back) or reduce the side effects of cancer treatment.   Clinical trials are taking place in many parts of the country. See the Treatment Options section that follows for links to current treatment clinical trials. These have been retrieved from NCI's listing of clinical trials.",cancer,train,CancerQA.csv
What is (are) Skin Cancer ?,"Key Points
                    - Skin cancer is a disease in which malignant (cancer) cells form in the tissues of the skin.    - There are different types of cancer that start in the skin.     - Skin color and being exposed to sunlight can increase the risk of nonmelanoma skin cancer and actinic keratosis.     - Nonmelanoma skin cancer and actinic keratosis often appear as a change in the skin.    - Tests or procedures that examine the skin are used to detect (find) and diagnose nonmelanoma skin cancer and actinic keratosis.    - Certain factors affect prognosis (chance of recovery) and treatment options.
                
                
                    Skin cancer is a disease in which malignant (cancer) cells form in the tissues of the skin.
                    The skin is the bodys largest organ. It protects against heat, sunlight, injury, and infection. Skin also helps control body temperature and stores water, fat, and vitamin D. The skin has several layers, but the two main layers are the epidermis (upper or outer layer) and the dermis (lower or inner layer). Skin cancer begins in the epidermis, which is made up of three kinds of cells:         -  Squamous cells: Thin, flat cells that form the top layer of the epidermis.    -  Basal cells: Round cells under the squamous cells.    -  Melanocytes: Cells that make melanin and are found in the lower part of the epidermis. Melanin is the pigment that gives skin its natural color. When skin is exposed to the sun, melanocytes make more pigment and cause the skin to darken.          Skin cancer can occur anywhere on the body, but it is most common in skin that is often exposed to sunlight, such as the face, neck, hands, and arms.
                
                
                    There are different types of cancer that start in the skin.
                    The most common types are basal cell carcinoma and squamous cell carcinoma, which are nonmelanoma skin cancers. Nonmelanoma skin cancers rarely spread to other parts of the body. Melanoma is a much rarer type of skin cancer. It is more likely to invade nearby tissues and spread to other parts of the body. Actinic keratosis is a skin condition that sometimes becomes squamous cell carcinoma.   This summary is about nonmelanoma skin cancer and actinic keratosis. See the following PDQ summaries for information on melanoma and other kinds of cancer that affect the skin:         -  Melanoma Treatment     -  Mycosis Fungoides and the Szary Syndrome Treatment     -   Kaposi Sarcoma Treatment     -  Merkel Cell Carcinoma Treatment     -  Unusual Cancers of Childhood Treatment     -  Genetics of Skin Cancer
                
                
                    Nonmelanoma skin cancer and actinic keratosis often appear as a change in the skin.
                    Not all changes in the skin are a sign of nonmelanoma skin cancer or actinic keratosis. Check with your doctor if you notice any changes in your skin.    Signs of nonmelanoma skin cancer include the following:         - A sore that does not heal.    - Areas of the skin that are:               - Raised, smooth, shiny, and look pearly.       - Firm and look like a scar, and may be white, yellow, or waxy.      - Raised, and red or reddish-brown.       - Scaly, bleeding or crusty.",cancer,train,CancerQA.csv
Who is at risk for Skin Cancer? ?,"Skin color and being exposed to sunlight can increase the risk of nonmelanoma skin cancer and actinic keratosis. Anything that increases your chance of getting a disease is called a risk factor. Having a risk factor does not mean that you will get cancer; not having risk factors doesnt mean that you will not get cancer. Talk with your doctor if you think you may be at risk. Risk factors for basal cell carcinoma and squamous cell carcinoma include the following:         - Being exposed to natural sunlight or artificial sunlight (such as from tanning beds) over long periods of time.     - Having a fair complexion, which includes the following:                - Fair skin that freckles and burns easily, does not tan, or tans poorly.       - Blue or green or other light-colored eyes.       - Red or blond hair.             - Having actinic keratosis.     - Past treatment with radiation.    - Having a weakened immune system.     - Having certain changes in the genes that are linked to skin cancer.    - Being exposed to arsenic.",cancer,train,CancerQA.csv
How to diagnose Skin Cancer ?,"Tests or procedures that examine the skin are used to detect (find) and diagnose nonmelanoma skin cancer and actinic keratosis. The following procedures may be used:         -  Skin exam: A doctor or nurse checks the skin for bumps or spots that look abnormal in color, size, shape, or texture.    -  Skin biopsy : All or part of the abnormal-looking growth is cut from the skin and viewed under a microscope by a pathologist to check for signs of cancer. There are four main types of skin biopsies:               -  Shave biopsy : A sterile razor blade is used to shave-off the abnormal-looking growth.      -  Punch biopsy : A special instrument called a punch or a trephine is used to remove a circle of tissue from the abnormal-looking growth.      -  Incisional biopsy : A scalpel is used to remove part of a growth.      -  Excisional biopsy : A scalpel is used to remove the entire growth.",cancer,train,CancerQA.csv
What is the outlook for Skin Cancer ?,Certain factors affect prognosis (chance of recovery) and treatment options. The prognosis (chance of recovery) depends mostly on the stage of the cancer and the type of treatment used to remove the cancer.   Treatment options depend on the following:         - The stage of the cancer (whether it has spread deeper into the skin or to other places in the body).    - The type of cancer.    - The size of the tumor and what part of the body it affects.    - The patients general health.,cancer,train,CancerQA.csv
What are the stages of Skin Cancer ?,"Key Points
                    - After nonmelanoma skin cancer has been diagnosed, tests are done to find out if cancer cells have spread within the skin or to other parts of the body.     - There are three ways that cancer spreads in the body.    - Cancer may spread from where it began to other parts of the body.    - Staging of nonmelanoma skin cancer depends on whether the tumor has certain ""high-risk"" features and if the tumor is on the eyelid.    - The following stages are used for nonmelanoma skin cancer that is not on the eyelid:         - Stage 0 (Carcinoma in Situ)     - Stage I Stage I nonmelanoma skin cancer. The tumor is no more than 2 centimeters.     - Stage II Stage II nonmelanoma skin cancer. The tumor is more than 2 centimeters wide.     - Stage III     - Stage IV        - The following stages are used for nonmelanoma skin cancer on the eyelid:         - Stage 0 (Carcinoma in Situ)     - Stage I      - Stage II     - Stage III     - Stage IV        - Treatment is based on the type of nonmelanoma skin cancer or other skin condition diagnosed:         - Basal cell carcinoma     - Squamous cell carcinoma     - Actinic keratosis
                
                
                    After nonmelanoma skin cancer has been diagnosed, tests are done to find out if cancer cells have spread within the skin or to other parts of the body.
                    The process used to find out if cancer has spread within the skin or to other parts of the body is called staging. The information gathered from the staging process determines the stage of the disease. It is important to know the stage in order to plan treatment.    The following tests and procedures may be used in the staging process:         -   CT scan (CAT scan): A procedure that makes a series of detailed pictures of areas inside the body, taken from different angles. The pictures are made by a computer linked to an x-ray machine. A dye may be injected into a vein or swallowed to help the organs or tissues show up more clearly. This procedure is also called computed tomography, computerized tomography, or computerized axial tomography.    -   MRI (magnetic resonance imaging): A procedure that uses a magnet, radio waves, and a computer to make a series of detailed pictures of areas inside the body. This procedure is also called nuclear magnetic resonance imaging (NMRI).    -   Lymph node biopsy : For squamous cell carcinoma, the lymph nodes may be removed and checked to see if cancer has spread to them.
                
                
                    There are three ways that cancer spreads in the body.
                    Cancer can spread through tissue, the lymph system, and the blood:         - Tissue. The cancer spreads from where it began by growing into nearby areas.     - Lymph system. The cancer spreads from where it began by getting into the lymph system. The cancer travels through the lymph vessels to other parts of the body.     - Blood. The cancer spreads from where it began by getting into the blood. The cancer travels through the blood vessels to other parts of the body.
                
                
                    Cancer may spread from where it began to other parts of the body.
                    When cancer spreads to another part of the body, it is called metastasis. Cancer cells break away from where they began (the primary tumor) and travel through the lymph system or blood.         - Lymph system. The cancer gets into the lymph system, travels through the lymph vessels, and forms a tumor (metastatic tumor) in another part of the body.    - Blood. The cancer gets into the blood, travels through the blood vessels, and forms a tumor (metastatic tumor) in another part of the body.        The metastatic tumor is the same type of cancer as the primary tumor. For example, if skin cancer spreads to the lung, the cancer cells in the lung are actually skin cancer cells. The disease is metastatic skin cancer, not lung cancer.
                
                
                    Staging of nonmelanoma skin cancer depends on whether the tumor has certain ""high-risk"" features and if the tumor is on the eyelid.
                    Staging for nonmelanoma skin cancer that is on the eyelid is different from staging for nonmelanoma skin cancer that affects other parts of the body.     The following are high-risk features for nonmelanoma skin cancer that is not on the eyelid:         - The tumor is thicker than 2 millimeters.    - The tumor is described as Clark level IV (has spread into the lower layer of the dermis) or Clark level V (has spread into the layer of fat below the skin).    - The tumor has grown and spread along nerve pathways.    - The tumor began on an ear or on a lip that has hair on it.    - The tumor has cells that look very different from normal cells under a microscope.
                
                
                    The following stages are used for nonmelanoma skin cancer that is not on the eyelid:
                    Stage 0 (Carcinoma in Situ)     In stage 0, abnormal cells are found in the squamous cell or basal cell layer of the epidermis (topmost layer of the skin). These abnormal cells may become cancer and spread into nearby normal tissue. Stage 0 is also called carcinoma in situ.        Stage I     In stage I, cancer has formed. The tumor is not larger than 2 centimeters at its widest point and may have one high-risk feature.       Stage II     In stage II, the tumor is either:            - larger than 2 centimeters at its widest point; or     - any size and has two or more high-risk features.              Stage III    In stage III:            - The tumor has spread to the jaw, eye socket, or side of the skull. Cancer may have spread to one lymph node on the same side of the body as the tumor. The lymph node is not larger than 3 centimeters.              or              - Cancer has spread to one lymph node on the same side of the body as the tumor. The lymph node is not larger than 3 centimeters and one of the following is true:                  - the tumor is not larger than 2 centimeters at its widest point and may have one high-risk feature; or       - the tumor is larger than 2 centimeters at its widest point; or       - the tumor is any size and has two or more high-risk features.                          Stage IV    In stage IV, one of the following is true:            - The tumor is any size and may have spread to the jaw, eye socket, or side of the skull. Cancer has spread to one lymph node on the same side of the body as the tumor and the affected node is larger than 3 centimeters but not larger than 6 centimeters, or cancer has spread to more than one lymph node on one or both sides of the body and the affected nodes are not larger than 6 centimeters; or     - The tumor is any size and may have spread to the jaw, eye socket, skull, spine, or ribs. Cancer has spread to one lymph node that is larger than 6 centimeters; or      - The tumor is any size and has spread to the base of the skull, spine, or ribs. Cancer may have spread to the lymph nodes; or     - Cancer has spread to other parts of the body, such as the lung.
                
                
                    The following stages are used for nonmelanoma skin cancer on the eyelid:
                    Stage 0 (Carcinoma in Situ)    In stage 0, abnormal cells are found in the epidermis (topmost layer of the skin). These abnormal cells may become cancer and spread into nearby normal tissue. Stage 0 is also called carcinoma in situ.       Stage I      Stage I is divided into stages IA, IB, and IC.            -  Stage IA: The tumor is 5 millimeters or smaller and has not spread to the connective tissue of the eyelid or to the edge of the eyelid where the lashes are.      -  Stage IB: The tumor is larger than 5 millimeters but not larger than 10 millimeters or has spread to the connective tissue of the eyelid, or to the edge of the eyelid where the lashes are.     -  Stage IC: The tumor is larger than 10 millimeters but not larger than 20 millimeters or has spread through the full thickness of the eyelid.              Stage II    In stage II, one of the following is true:            - The tumor is larger than 20 millimeters.     - The tumor has spread to nearby parts of the eye or eye socket.     - The tumor has spread to spaces around the nerves in the eyelid.              Stage III     Stage III is divided into stages IIIA, IIIB, and IIIC.            -  Stage IIIA: To remove all of the tumor, the whole eye and part of the optic nerve must be removed. The bone, muscles, fat, and connective tissue around the eye may also be removed.     -  Stage IIIB: The tumor may be anywhere in or near the eye and has spread to nearby lymph nodes.     -  Stage IIIC: The tumor has spread to structures around the eye or in the face, or to the brain, and cannot be removed in surgery.              Stage IV    The tumor has spread to distant parts of the body.
                
                
                    Treatment is based on the type of nonmelanoma skin cancer or other skin condition diagnosed:
                    Basal cell carcinoma      Basal cell carcinoma is the most common type of skin cancer. It usually occurs on areas of the skin that have been in the sun, most often the nose. Often this cancer appears as a raised bump that looks smooth and pearly. Another type looks like a scar and is flat and firm and may be white, yellow, or waxy. Basal cell carcinoma may spread to tissues around the cancer, but it usually does not spread to other parts of the body.       Squamous cell carcinoma      Squamous cell carcinoma occurs on areas of the skin that have been in the sun, such as the ears, lower lip, and the back of the hands. Squamous cell carcinoma may also appear on areas of the skin that have been burned or exposed to chemicals or radiation. Often this cancer appears as a firm red bump. The tumor may feel scaly, bleed, or form a crust. Squamous cell tumors may spread to nearby lymph nodes. Squamous cell carcinoma that has not spread can usually be cured.       Actinic keratosis     Actinic keratosis is a skin condition that is not cancer, but sometimes changes into squamous cell carcinoma. It usually occurs in areas that have been exposed to the sun, such as the face, the back of the hands, and the lower lip. It looks like rough, red, pink, or brown scaly patches on the skin that may be flat or raised, or the lower lip cracks and peels and is not helped by lip balm or petroleum jelly.",cancer,train,CancerQA.csv
What are the treatments for Skin Cancer ?,"Key Points
                    - There are different types of treatment for patients with nonmelanoma skin cancer and actinic keratosis.     - Six types of standard treatment are used:         - Surgery      - Radiation therapy      - Chemotherapy      - Photodynamic therapy     - Biologic therapy     - Targeted therapy        - New types of treatment are being tested in clinical trials.    - Treatment for skin cancer may cause side effects.    - Patients may want to think about taking part in a clinical trial.    - Patients can enter clinical trials before, during, or after starting their cancer treatment.    - Follow-up tests may be needed.
                
                
                    There are different types of treatment for patients with nonmelanoma skin cancer and actinic keratosis.
                    Different types of treatment are available for patients with nonmelanoma skin cancer and actinic keratosis. Some treatments are standard (the currently used treatment), and some are being tested in clinical trials. A treatment clinical trial is a research study meant to help improve current treatments or obtain information on new treatments for patients with cancer. When clinical trials show that a new treatment is better than the standard treatment, the new treatment may become the standard treatment. Patients may want to think about taking part in a clinical trial. Some clinical trials are open only to patients who have not started treatment.
                
                
                    Six types of standard treatment are used:
                    Surgery     One or more of the following surgical procedures may be used to treat nonmelanoma skin cancer or actinic keratosis:            -  Mohs micrographic surgery: The tumor is cut from the skin in thin layers. During surgery, the edges of the tumor and each layer of tumor removed are viewed through a microscope to check for cancer cells. Layers continue to be removed until no more cancer cells are seen. This type of surgery removes as little normal tissue as possible and is often used to remove skin cancer on the face.      - Simple excision: The tumor is cut from the skin along with some of the normal skin around it.      - Shave excision: The abnormal area is shaved off the surface of the skin with a small blade.      -  Electrodesiccation and curettage: The tumor is cut from the skin with a curette (a sharp, spoon-shaped tool). A needle-shaped electrode is then used to treat the area with an electric current that stops the bleeding and destroys cancer cells that remain around the edge of the wound. The process may be repeated one to three times during the surgery to remove all of the cancer.     -  Cryosurgery: A treatment that uses an instrument to freeze and destroy abnormal tissue, such as carcinoma in situ. This type of treatment is also called cryotherapy.     -  Laser surgery: A surgical procedure that uses a laser beam (a narrow beam of intense light) as a knife to make bloodless cuts in tissue or to remove a surface lesion such as a tumor.     -  Dermabrasion: Removal of the top layer of skin using a rotating wheel or small particles to rub away skin cells.              Radiation therapy      Radiation therapy is a cancer treatment that uses high-energy x-rays or other types of radiation to kill cancer cells or keep them from growing. There are two types of radiation therapy:            -  External radiation therapy uses a machine outside the body to send radiation toward the cancer.     -  Internal radiation therapy uses a radioactive substance sealed in needles, seeds, wires, or catheters that are placed directly into or near the cancer.           The way the radiation therapy is given depends on the type of cancer being treated. External radiation therapy is used to treat skin cancer.       Chemotherapy      Chemotherapy is a cancer treatment that uses drugs to stop the growth of cancer cells, either by killing the cells or by stopping them from dividing. When chemotherapy is taken by mouth or injected into a vein or muscle, the drugs enter the bloodstream and can reach cancer cells throughout the body (systemic chemotherapy). When chemotherapy is placed directly into the cerebrospinal fluid, an organ, or a body cavity such as the abdomen, the drugs mainly affect cancer cells in those areas (regional chemotherapy). Chemotherapy for nonmelanoma skin cancer and actinic keratosis is usually topical (applied to the skin in a cream or lotion). The way the chemotherapy is given depends on the condition being treated.     Retinoids (drugs related to vitamin A) are sometimes used to treat squamous cell carcinoma of the skin.    See Drugs Approved for Basal Cell Carcinoma for more information.       Photodynamic therapy     Photodynamic therapy (PDT) is a cancer treatment that uses a drug and a certain type of laser light to kill cancer cells. A drug that is not active until it is exposed to light is injected into a vein. The drug collects more in cancer cells than in normal cells. For skin cancer, laser light is shined onto the skin and the drug becomes active and kills the cancer cells. Photodynamic therapy causes little damage to healthy tissue.       Biologic therapy     Biologic therapy is a treatment that uses the patients immune system to fight cancer. Substances made by the body or made in a laboratory are used to boost, direct, or restore the bodys natural defenses against cancer. This type of cancer treatment is also called biotherapy or immunotherapy.     Interferon and imiquimod are biologic agents used to treat skin cancer. Interferon (by injection) may be used to treat squamous cell carcinoma of the skin. Topical imiquimod therapy (a cream applied to the skin) may be used to treat some small basal cell carcinomas.    See Drugs Approved for Basal Cell Carcinoma for more information.       Targeted therapy     Targeted therapy is a type of treatment that uses drugs or other substances to attack cancer cells. Targeted therapies usually cause less harm to normal cells than chemotherapy or radiation therapy do.     Targeted therapy with a signal transduction inhibitor is used to treat basal cell carcinoma. Signal transduction inhibitors block signals that are passed from one molecule to another inside a cell. Blocking these signals may kill cancer cells. Vismodegib and sonidegib are signal transduction inhibitors used to treat basal cell carcinoma.     See Drugs Approved for Basal Cell Carcinoma for more information.
                
                
                    New types of treatment are being tested in clinical trials.
                    Information about clinical trials is available from the NCI website.
                
                
                    Treatment for skin cancer may cause side effects.
                    For information about side effects caused by treatment for cancer, see our Side Effects page.
                
                
                    Patients may want to think about taking part in a clinical trial.
                    For some patients, taking part in a clinical trial may be the best treatment choice. Clinical trials are part of the cancer research process. Clinical trials are done to find out if new cancer treatments are safe and effective or better than the standard treatment.   Many of today's standard treatments for cancer are based on earlier clinical trials. Patients who take part in a clinical trial may receive the standard treatment or be among the first to receive a new treatment.   Patients who take part in clinical trials also help improve the way cancer will be treated in the future. Even when clinical trials do not lead to effective new treatments, they often answer important questions and help move research forward.
                
                
                    Patients can enter clinical trials before, during, or after starting their cancer treatment.
                    Some clinical trials only include patients who have not yet received treatment. Other trials test treatments for patients whose cancer has not gotten better. There are also clinical trials that test new ways to stop cancer from recurring (coming back) or reduce the side effects of cancer treatment.   Clinical trials are taking place in many parts of the country. See the Treatment Options section that follows for links to current treatment clinical trials. These have been retrieved from NCI's listing of clinical trials.
                
                
                    Follow-up tests may be needed.
                    Some of the tests that were done to diagnose the cancer or to find out the stage of the cancer may be repeated. Some tests will be repeated in order to see how well the treatment is working. Decisions about whether to continue, change, or stop treatment may be based on the results of these tests.   Some of the tests will continue to be done from time to time after treatment has ended. The results of these tests can show if your condition has changed or if the cancer has recurred (come back). These tests are sometimes called follow-up tests or check-ups.   Basal cell carcinoma and squamous cell carcinoma are likely to recur (come back), usually within 5 years, or new tumors may form. Talk to your doctor about how often you should have your skin checked for signs of cancer.
                
		        
		            Treatment Options for Nonmelanoma Skin Cancer
		            
		                
		                    Basal Cell Carcinoma
		                    Treatment of basal cell carcinoma may include the following:         - Simple excision.    -  Mohs micrographic surgery.    -  Radiation therapy.    -  Electrodesiccation and curettage.    -  Cryosurgery.    -  Photodynamic therapy.    -  Topical chemotherapy.    -  Topical biologic therapy with imiquimod.    -  Laser surgery.        Treatment of recurrent basal cell carcinoma is usually Mohs micrographic surgery.   Treatment of basal cell carcinoma that is metastatic or cannot be treated with local therapy may include the following:         -  Targeted therapy with a signal transduction inhibitor.    -  Chemotherapy.    - A clinical trial of a new treatment.        Check the list of NCI-supported cancer clinical trials that are now accepting patients with basal cell carcinoma of the skin. For more specific results, refine the search by using other search features, such as the location of the trial, the type of treatment, or the name of the drug. Talk with your doctor about clinical trials that may be right for you. General information about clinical trials is available from the NCI website.
		                
		                
		                    Squamous Cell Carcinoma
		                    Treatment of squamous cell carcinoma may include the following:         - Simple excision.    -  Mohs micrographic surgery.    -  Radiation therapy.    -  Electrodesiccation and curettage.    -  Cryosurgery.        Treatment of recurrent squamous cell carcinoma may include the following:         - Simple excision.    - Mohs micrographic surgery.    - Radiation therapy.        Treatment of squamous cell carcinoma that is metastatic or cannot be treated with local therapy may include the following:         -  Chemotherapy.    -  Retinoid therapy and biologic therapy with interferon.    -  A clinical trial of a new treatment.        Check the list of NCI-supported cancer clinical trials that are now accepting patients with squamous cell carcinoma of the skin. For more specific results, refine the search by using other search features, such as the location of the trial, the type of treatment, or the name of the drug. Talk with your doctor about clinical trials that may be right for you. General information about clinical trials is available from the NCI website.",cancer,train,CancerQA.csv
what research (or clinical trials) is being done for Skin Cancer ?,"New types of treatment are being tested in clinical trials.
                    Information about clinical trials is available from the NCI website.
                
                
                    Treatment for skin cancer may cause side effects.
                    For information about side effects caused by treatment for cancer, see our Side Effects page.
                
                
                    Patients may want to think about taking part in a clinical trial.
                    For some patients, taking part in a clinical trial may be the best treatment choice. Clinical trials are part of the cancer research process. Clinical trials are done to find out if new cancer treatments are safe and effective or better than the standard treatment.   Many of today's standard treatments for cancer are based on earlier clinical trials. Patients who take part in a clinical trial may receive the standard treatment or be among the first to receive a new treatment.   Patients who take part in clinical trials also help improve the way cancer will be treated in the future. Even when clinical trials do not lead to effective new treatments, they often answer important questions and help move research forward.
                
                
                    Patients can enter clinical trials before, during, or after starting their cancer treatment.
                    Some clinical trials only include patients who have not yet received treatment. Other trials test treatments for patients whose cancer has not gotten better. There are also clinical trials that test new ways to stop cancer from recurring (coming back) or reduce the side effects of cancer treatment.   Clinical trials are taking place in many parts of the country. See the Treatment Options section that follows for links to current treatment clinical trials. These have been retrieved from NCI's listing of clinical trials.",cancer,test,CancerQA.csv
What is (are) Neuroblastoma ?,"Key Points
                    - Neuroblastoma is a disease in which malignant (cancer) cells form in neuroblasts (immature nerve tissue) in the adrenal gland, neck, chest, or spinal cord.    - Neuroblastoma is sometimes caused by a gene mutation (change) passed from the parent to the child.    - Signs and symptoms of neuroblastoma include bone pain and a lump in the abdomen, neck, or chest.     - Tests that examine many different body tissues and fluids are used to detect (find) and diagnose neuroblastoma.    - A biopsy is done to diagnose neuroblastoma.    - Certain factors affect prognosis (chance of recovery) and treatment options.
                
                
                    Neuroblastoma is a disease in which malignant (cancer) cells form in neuroblasts (immature nerve tissue) in the adrenal gland, neck, chest, or spinal cord.
                    Neuroblastoma often begins in the nerve tissue of the adrenal glands. There are two adrenal glands, one on top of each kidney in the back of the upper abdomen. The adrenal glands make important hormones that help control heart rate, blood pressure, blood sugar, and the way the body reacts to stress. Neuroblastoma may also begin in nerve tissue in the neck, chest, abdomen or pelvis.      Neuroblastoma most often begins in infancy and may be diagnosed in the first month of life. It is found when the tumor begins to grow and cause signs or symptoms. Sometimes it forms before birth and is found during a fetal ultrasound.   By the time neuroblastoma is diagnosed, the cancer has usually metastasized (spread). Neuroblastoma spreads most often to the lymph nodes, bones, bone marrow, and liver. In infants, it also spreads to the skin.",cancer,train,CancerQA.csv
Is Neuroblastoma inherited ?,"Neuroblastoma is sometimes caused by a gene mutation (change) passed from the parent to the child. Gene mutations that increase the risk of neuroblastoma are sometimes inherited (passed from the parent to the child). In children with a gene mutation, neuroblastoma usually occurs at a younger age and more than one tumor may form in the adrenal glands.",cancer,test,CancerQA.csv
What are the symptoms of Neuroblastoma ?,"Signs and symptoms of neuroblastoma include bone pain and a lump in the abdomen, neck, or chest.The most common signs and symptoms of neuroblastoma are caused by the tumor pressing on nearby tissues as it grows or by cancer spreading to the bone. These and other signs and symptoms may be caused by neuroblastoma or by other conditions.   Check with your childs doctor if your child has any of the following:         - Lump in the abdomen, neck, or chest.    - Bulging eyes.    - Dark circles around the eyes (""black eyes"").    - Bone pain.    - Swollen stomach and trouble breathing (in infants).    - Painless, bluish lumps under the skin (in infants).    - Weakness or paralysis (loss of ability to move a body part).        Less common signs and symptoms of neuroblastoma include the following:         -  Fever.    - Shortness of breath.    - Feeling tired.    - Easy bruising or bleeding.    -  Petechiae (flat, pinpoint spots under the skin caused by bleeding).    -  High blood pressure.     - Severe watery diarrhea.    -  Horner syndrome (droopy eyelid, smaller pupil, and less sweating on one side of the face).    - Jerky muscle movements.    - Uncontrolled eye movements.",cancer,train,CancerQA.csv
How to diagnose Neuroblastoma ?,"Tests that examine many different body tissues and fluids are used to detect (find) and diagnose neuroblastoma. The following tests and procedures may be used:         -   Physical exam and history : An exam of the body to check general signs of health, including checking for signs of disease, such as lumps or anything else that seems unusual. A history of the patients health habits and past illnesses and treatments will also be taken.    -   Neurological exam : A series of questions and tests to check the brain, spinal cord, and nerve function. The exam checks a persons mental status, coordination, and ability to walk normally, and how well the muscles, senses, and reflexes work. This may also be called a neuro exam or a neurologic exam.    -   Urine catecholamine studies: A procedure in which a urine sample is checked to measure the amount of certain substances, vanillylmandelic acid (VMA) and homovanillic acid (HVA), that are made when catecholamines break down and are released into the urine. A higher than normal amount of VMA or HVA can be a sign of neuroblastoma.    -   Blood chemistry studies : A procedure in which a blood sample is checked to measure the amounts of certain substances released into the blood by organs and tissues in the body. An unusual (higher or lower than normal) amount of a substance can be a sign of disease.     -   X-ray : An x-ray is a type of energy beam that can go through the body and onto film, making a picture of areas inside the body.    -   CT scan (CAT scan): A procedure that makes a series of detailed pictures of areas inside the body, taken from different angles. The pictures are made by a computer linked to an x-ray machine. A dye may be injected into a vein or swallowed to help the organs or tissues show up more clearly. This procedure is also called computed tomography, computerized tomography, or computerized axial tomography.     -   MRI (magnetic resonance imaging) with gadolinium : A procedure that uses a magnet, radio waves, and a computer to make a series of detailed pictures of areas inside the body. A substance called gadolinium is injected into a vein. The gadolinium collects around the cancer cells so they show up brighter in the picture. This procedure is also called nuclear magnetic resonance imaging (NMRI).    -   mIBG (metaiodobenzylguanidine) scan : A procedure used to find neuroendocrine tumors, such as neuroblastoma. A very small amount of a substance called radioactive mIBG is injected into a vein and travels through the bloodstream. Neuroendocrine tumor cells take up the radioactive mIBG and are detected by a scanner. Scans may be taken over 1-3 days. An iodine solution may be given before or during the test to keep the thyroid gland from absorbing too much of the mIBG. This test is also used to find out how well the tumor is responding to treatment. mIBG is used in high doses to treat neuroblastoma.    -   Bone marrow aspiration and biopsy : The removal of bone marrow, blood, and a small piece of bone by inserting a hollow needle into the hipbone or breastbone. A pathologist views the bone marrow, blood, and bone under a microscope to look for signs of cancer.    -  Ultrasound exam: A procedure in which high-energy sound waves (ultrasound) are bounced off internal tissues or organs and make echoes. The echoes form a picture of body tissues called a sonogram. The picture can be printed to be looked at later. An ultrasound exam is not done if a CT/MRI has been done.",cancer,train,CancerQA.csv
What is the outlook for Neuroblastoma ?,"Certain factors affect prognosis (chance of recovery) and treatment options. The prognosis (chance of recovery) and treatment options depend on the following:         - Age of the child at the time of diagnosis.    - The child's risk group.    - Whether there are certain changes in the genes.    - Where in the body the tumor started.    - Tumor histology (the shape, function, and structure of the tumor cells).    - Whether there is cancer in the lymph nodes on the same side of the body as the primary cancer or whether there is cancer in the lymph nodes on the opposite side of the body.    - How the tumor responds to treatment.    - How much time passed between diagnosis and when the cancer recurred (for recurrent cancer).        Prognosis and treatment options for neuroblastoma are also affected by tumor biology, which includes:          - The patterns of the tumor cells.    - How different the tumor cells are from normal cells.    - How fast the tumor cells are growing.    - Whether the tumor shows MYCN amplification.    - Whether the tumor has changes in the ALK gene.         The tumor biology is said to be favorable or unfavorable, depending on these factors. A favorable tumor biology means there is a better chance of recovery.   In some children up to 6 months old, neuroblastoma may disappear without treatment. This is called spontaneous regression. The child is closely watched for signs or symptoms of neuroblastoma. If signs or symptoms occur, treatment may be needed.",cancer,train,CancerQA.csv
What are the stages of Neuroblastoma ?,"Key Points
                    - After neuroblastoma has been diagnosed, tests are done to find out if cancer has spread from where it started to other parts of the body.     - There are three ways that cancer spreads in the body.    - Cancer may spread from where it began to other parts of the body.    - The following stages are used for neuroblastoma:         - Stage 1     - Stage 2     - Stage 3     - Stage 4        - Treatment of neuroblastoma is based on risk groups.
                
                
                    After neuroblastoma has been diagnosed, tests are done to find out if cancer has spread from where it started to other parts of the body.
                    The process used to find out the extent or spread of cancer is called staging. The information gathered from the staging process helps determine the stage of the disease. For neuroblastoma, the stage of disease affects whether the cancer is low risk, intermediate risk, or high risk. It also affects the treatment plan. The results of some tests and procedures used to diagnose neuroblastoma may be used for staging. See the General Information section for a description of these tests and procedures.   The following tests and procedures also may be used to determine the stage:         -   Lymph node biopsy : The removal of all or part of a lymph node. A pathologist views the tissue under a microscope to look for cancer cells. One of the following types of biopsies may be done:                -  Excisional biopsy : The removal of an entire lymph node.      -  Incisional biopsy : The removal of part of a lymph node.      -  Core biopsy : The removal of tissue from a lymph node using a wide needle.       -  Fine-needle aspiration (FNA) biopsy : The removal of tissue or fluid from a lymph node using a thin needle.              -   X-ray of the bone: An x-ray is a type of energy beam that can go through the body and onto film, making a picture of areas inside the body.    -   Bone scan : A procedure to check if there are rapidly dividing cells, such as cancer cells, in the bone. A very small amount of radioactive material is injected into a vein and travels through the bloodstream. The radioactive material collects in the bones with cancer and is detected by a scanner.    -   PET scan (positron emission tomography scan): A procedure to find malignant tumor cells in the body. A small amount of radioactive glucose (sugar) is injected into a vein. The PET scanner rotates around the body and makes a picture of where glucose is being used in the body. Malignant tumor cells show up brighter in the picture because they are more active and take up more glucose than normal cells do.
                
                
                    There are three ways that cancer spreads in the body.
                    Cancer can spread through tissue, the lymph system, and the blood:         - Tissue. The cancer spreads from where it began by growing into nearby areas.     - Lymph system. The cancer spreads from where it began by getting into the lymph system. The cancer travels through the lymph vessels to other parts of the body.     - Blood. The cancer spreads from where it began by getting into the blood. The cancer travels through the blood vessels to other parts of the body.
                
                
                    Cancer may spread from where it began to other parts of the body.
                    When cancer spreads to another part of the body, it is called metastasis. Cancer cells break away from where they began (the primary tumor) and travel through the lymph system or blood.         - Lymph system. The cancer gets into the lymph system, travels through the lymph vessels, and forms a tumor (metastatic tumor) in another part of the body.    - Blood. The cancer gets into the blood, travels through the blood vessels, and forms a tumor (metastatic tumor) in another part of the body.        The metastatic tumor is the same type of cancer as the primary tumor. For example, if neuroblastoma spreads to the liver, the cancer cells in the liver are actually neuroblastoma cells. The disease is metastatic neuroblastoma, not liver cancer.
                
                
                    The following stages are used for neuroblastoma:
                    Stage 1    In stage 1, the tumor is in only one area and all of the tumor that can be seen is completely removed during surgery.       Stage 2     Stage 2 is divided into stages 2A and 2B.            -  Stage 2A: The tumor is in only one area and all of the tumor that can be seen cannot be completely removed during surgery.     -  Stage 2B: The tumor is in only one area and all of the tumor that can be seen may be completely removed during surgery. Cancer cells are found in the lymph nodes near the tumor.              Stage 3    In stage 3, one of the following is true:            - the tumor cannot be completely removed during surgery and has spread from one side of the body to the other side and may also have spread to nearby lymph nodes; or     - the tumor is in only one area, on one side of the body, but has spread to lymph nodes on the other side of the body; or     - the tumor is in the middle of the body and has spread to tissues or lymph nodes on both sides of the body, and the tumor cannot be removed by surgery.              Stage 4     Stage 4 is divided into stages 4 and 4S.            - In stage 4, the tumor has spread to distant lymph nodes or other parts of the body.     - In stage 4S:                   - the child is younger than 12 months; and       - the cancer has spread to the skin, liver, and/or bone marrow; and       - the tumor is in only one area and all of the tumor that can be seen may be completely removed during surgery; and/or       - cancer cells may be found in the lymph nodes near the tumor.
                
                
                    Treatment of neuroblastoma is based on risk groups.
                    For many types of cancer, stages are used to plan treatment. For neuroblastoma, treatment depends on risk groups. The stage of neuroblastoma is one factor used to determine risk group. Other factors are the age of the child, tumor histology, and tumor biology.   There are three risk groups: low risk, intermediate risk, and high risk.         - Low-risk and intermediate-risk neuroblastoma have a good chance of being cured.    - High-risk neuroblastoma may be hard to cure.",cancer,train,CancerQA.csv
What are the treatments for Neuroblastoma ?,"Key Points
                    - There are different types of treatment for patients with neuroblastoma.     - Children with neuroblastoma should have their treatment planned by a team of doctors who are experts in treating childhood cancer, especially neuroblastoma.    - Children who are treated for neuroblastoma may have late effects, including an increased risk of second cancers.     - Seven types of standard treatment are used:         - Observation     - Surgery      - Radiation therapy      - Iodine 131-mIBG therapy     - Chemotherapy      - High-dose chemotherapy and radiation therapy with stem cell rescue      - Targeted therapy        - New types of treatment are being tested in clinical trials.         - Immunotherapy     - Other drug therapy        - Patients may want to think about taking part in a clinical trial.    - Patients can enter clinical trials before, during, or after starting their cancer treatment.    - Follow-up tests may be needed.
                
                
                    There are different types of treatment for patients with neuroblastoma.
                    Different types of treatment are available for patients with neuroblastoma. Some treatments are standard (the currently used treatment), and some are being tested in clinical trials. A treatment clinical trial is a research study meant to help improve current treatments or obtain information on new treatments for patients with cancer. When clinical trials show that a new treatment is better than the standard treatment, the new treatment may become the standard treatment.    Because cancer in children is rare, taking part in a clinical trial should be considered. Some clinical trials are open only to patients who have not started treatment.
                
                
                    Children with neuroblastoma should have their treatment planned by a team of doctors who are experts in treating childhood cancer, especially neuroblastoma.
                    Treatment will be overseen by a pediatric oncologist, a doctor who specializes in treating children with cancer. The pediatric oncologist works with other pediatric health care providers who are experts in treating children with neuroblastoma and who specialize in certain areas of medicine. These may include the following specialists:         -  Pediatric surgeon.    - Pediatric radiation oncologist..    -  Endocrinologist.    -  Neurologist.    - Pediatric neuropathologist..    -  Neuroradiologist.    -  Pediatrician.    -  Pediatric nurse specialist.    -  Social worker.    -  Child life professional.    -  Psychologist.
                
                
                    Children who are treated for neuroblastoma may have late effects, including an increased risk of second cancers.
                    Some cancer treatments cause side effects that continue or appear years after cancer treatment has ended. These are called late effects. Late effects of cancer treatment may include:         - Physical problems.    - Changes in mood, feelings, thinking, learning, or memory.    -  Second cancers (new types of cancer).          Some late effects may be treated or controlled. It is important that parents of children who are treated for neuroblastoma talk with their doctors about the possible late effects caused by some treatments. See the PDQ summary on Late Effects of Treatment for Childhood Cancer for more information.
                
                
                    Seven types of standard treatment are used:
                    Observation     Observation is closely monitoring a patient's condition without giving any treatment until signs or symptoms appear or change.       Surgery      Surgery is used to treat neuroblastoma unless it has spread to other parts of the body. Depending on where the tumor is, as much of the tumor as is safely possible will be removed. If the tumor cannot be removed, a biopsy may be done instead.        Radiation therapy      Radiation therapy is a cancer treatment that uses high-energy x-rays or other types of radiation to kill cancer cells or keep them from growing. There are two types of radiation therapy:             -  External radiation therapy uses a machine outside the body to send radiation toward the cancer.     -  Internal radiation therapy uses a radioactive substance sealed in needles, seeds, wires, or catheters that are placed directly into or near the cancer.           The way the radiation therapy is given depends on the type of cancer being treated and the child's risk group. External radiation therapy is used to treat neuroblastoma.       Iodine 131-mIBG therapy     Iodine 131-mIBG therapy is a treatment with radioactive iodine. The radioactive iodine is given through an intravenous (IV) line and enters the bloodstream which carries radiation directly to tumor cells. Radioactive iodine collects in neuroblastoma cells and kills them with the radiation that is given off. Iodine 131-mIBG therapy is sometimes used to treat high-risk neuroblastoma that comes back after initial treatment.       Chemotherapy      Chemotherapy is a cancer treatment that uses drugs to stop the growth of cancer cells, either by killing the cells or by stopping them from dividing. When chemotherapy is taken by mouth or injected into a vein or muscle, the drugs enter the bloodstream and can reach cancer cells throughout the body (systemic chemotherapy). When chemotherapy is placed directly into the cerebrospinal fluid, an organ, or a body cavity such as the abdomen, the drugs mainly affect cancer cells in those areas (regional chemotherapy). The way the chemotherapy is given depends on the type of cancer being treated and the child's risk group.    The use of two or more anticancer drugs is called combination chemotherapy.    See Drugs Approved for Neuroblastoma for more information.       High-dose chemotherapy and radiation therapy with stem cell rescue      High-dose chemotherapy and radiation therapy with stem cell rescue is a way of giving high doses of chemotherapy and radiation therapy and replacing blood -forming cells destroyed by cancer treatment for high-risk neuroblastoma. Stem cells (immature blood cells) are removed from the blood or bone marrow of the patient and are frozen and stored. After chemotherapy and radiation therapy are completed, the stored stem cells are thawed and given back to the patient through an infusion. These reinfused stem cells grow into (and restore) the body's blood cells.     Maintenance therapy is given after high-dose chemotherapy and radiation therapy with stem cell rescue to kill any cancer cells that may regrow and cause the disease to come back. Maintenance therapy is given for 6 months and includes the following treatments:            -  Isotretinoin: A vitamin -like drug that slows the cancer's ability to make more cancer cells and changes how these cells look and act. This drug is taken by mouth.     -  Dinutuximab: A type of monoclonal antibody therapy that uses an antibody made in the laboratory from a single type of immune system cell. Dinutuximab identifies and attaches to a substance, called GD2, on the surface of neuroblastoma cells. Once dinutuximab attaches to the GD2, a signal is sent to the immune system that a foreign substance has been found and needs to be killed. Then the body's immune system kills the neuroblastoma cell. Dinutuximab is given by infusion. It is a type of targeted therapy.     -  Granulocyte-macrophage colony-stimulating factor (GM-CSF): A cytokine that helps make more immune system cells, especially granulocytes and macrophages (white blood cells), which can attack and kill cancer cells.     -  Interleukin-2 (IL-2): A type of immunotherapy that boosts the growth and activity of many immune cells, especially lymphocytes (a type of white blood cell). Lymphocytes can attack and kill cancer cells.           See Drugs Approved for Neuroblastoma for more information.       Targeted therapy    Targeted therapy is a type of treatment that uses drugs or other substances to identify and attack cancer cells with less harm to normal cells. There are different types of targeted therapy:            -  Tyrosine kinase inhibitors are small-molecule drugs that go through the cell membrane and work inside cancer cells to block signals that cancer cells need to grow and divide. Crizotinib is used to treat neuroblastoma that has come back after treatment.     -  Antibody-drug conjugates are made up of a monoclonal antibody attached to a drug. The monoclonal antibody binds to specific proteins or receptors found on certain cells, including cancer cells. The drug enters these cells and kills them without harming other cells. Lorvotuzumab mertansine is an antibody-drug conjugate being studied to treat neuroblastoma that has come back after treatment.
                
                
                    New types of treatment are being tested in clinical trials.
                    This summary section describes treatments that are being studied in clinical trials. It may not mention every new treatment being studied. Information about clinical trials is available from the NCI website.     Immunotherapy     Immunotherapy is a treatment that uses the patients immune system to fight cancer. Substances made by the body or made in a laboratory are used to boost, direct, or restore the bodys natural defenses against cancer. This type of cancer treatment is also called biotherapy or biological therapy.     Vaccine therapy uses a substance to stimulate the immune system to destroy a tumor. Vaccine therapy is being studied to treat neuroblastoma that has come back after treatment.       Other drug therapy     Lenalidomide is a type of angiogenesis inhibitor. It prevents the growth of new blood vessels that are needed by a tumor to grow.
                
                
                    Patients may want to think about taking part in a clinical trial.
                    For some patients, taking part in a clinical trial may be the best treatment choice. Clinical trials are part of the cancer research process. Clinical trials are done to find out if new cancer treatments are safe and effective or better than the standard treatment.   Many of today's standard treatments for cancer are based on earlier clinical trials. Patients who take part in a clinical trial may receive the standard treatment or be among the first to receive a new treatment.   Patients who take part in clinical trials also help improve the way cancer will be treated in the future. Even when clinical trials do not lead to effective new treatments, they often answer important questions and help move research forward.
                
                
                    Patients can enter clinical trials before, during, or after starting their cancer treatment.
                    Some clinical trials only include patients who have not yet received treatment. Other trials test treatments for patients whose cancer has not gotten better. There are also clinical trials that test new ways to stop cancer from recurring (coming back) or reduce the side effects of cancer treatment.   Clinical trials are taking place in many parts of the country. See the Treatment Options section that follows for links to current treatment clinical trials. These have been retrieved from NCI's listing of clinical trials.
                
                
                    Follow-up tests may be needed.
                    Some of the tests that were done to diagnose the cancer or to find out the stage of the cancer may be repeated. Some tests will be repeated in order to see how well the treatment is working. Decisions about whether to continue, change, or stop treatment may be based on the results of these tests.   Some of the tests will continue to be done from time to time after treatment has ended. The results of these tests can show if your child's condition has changed or if the cancer has recurred (come back). These tests are sometimes called follow-up tests or check-ups.
                
		        
		            Treatment Options for Neuroblastoma
		            
		                
		                    Low-Risk Neuroblastoma
		                    Treatment of low-risk neuroblastoma may include the following:         -  Surgery followed by observation.     -  Chemotherapy with or without surgery, for children with symptoms, children whose tumor has continued to grow and cannot be removed by surgery, or children with unfavorable tumor biology.    - Observation alone for infants younger than 6 months who have small adrenal tumors.    - Observation alone for infants who do not have signs or symptoms of neuroblastoma.    -  Radiation therapy to treat tumors that are causing serious problems and do not respond quickly to chemotherapy or surgery.    - A clinical trial of treatment based on the tumor's response to treatment and tumor biology.
		                
		                
		                    Intermediate-Risk Neuroblastoma
		                    Treatment of intermediate-risk neuroblastoma may include the following:         -  Chemotherapy for children with symptoms or to shrink a tumor that cannot be removed by surgery. Surgery may be done after chemotherapy.    - Surgery alone for infants.    -  Observation alone for certain infants.    -  Radiation therapy to treat tumors that are causing serious problems and do not respond quickly to chemotherapy or surgery.    - Radiation therapy for tumors that do not respond to other treatment.    - A clinical trial of treatment based on the tumor's response to treatment and tumor biology.
		                
		                
		                    High-Risk Neuroblastoma
		                    Treatment of high-risk neuroblastoma may include the following:         - A regimen of combination chemotherapy, surgery, stem cell rescue, radiation therapy, and monoclonal antibody therapy (dinutuximab) with interleukin-2 (IL-2), granulocyte-macrophage colony-stimulating factor (GM-CSF), and isotretinoin.
		                
		                
		                    Stage 4S Neuroblastoma
		                    There is no standard treatment for stage 4S neuroblastoma but treatment options include the following:         -  Observation with supportive care for certain children who have favorable tumor biology and do not have signs or symptoms.    -  Chemotherapy, for children who have signs or symptoms of neuroblastoma or unfavorable tumor biology, or for very young infants.    - A clinical trial of treatment based on the tumor's response to treatment and tumor biology.
		                
		                
		                    Recurrent Neuroblastoma
		                    Patients First Treated for Low-Risk Neuroblastoma     Treatment for recurrent neuroblastoma that is found only in the area where the cancer first formed may include the following:            -  Surgery followed by observation or chemotherapy.     - Chemotherapy that may be followed by surgery.           Treatment for recurrent neuroblastoma that has spread to other parts of the body may include the following:            - Observation.     - Chemotherapy.     - Surgery followed by chemotherapy.     - Treatment as for newly diagnosed high-risk neuroblastoma for children older than 1 year.                Patients First Treated for Intermediate-Risk Neuroblastoma     Treatment for recurrent neuroblastoma that is found only in the area where the cancer first formed may include the following:            -  Surgery that may be followed by chemotherapy.     - Treatment as for newly diagnosed high-risk neuroblastoma for neuroblastoma that has spread to other parts of the body.           Recurrent neuroblastoma that has spread to other parts of the body is treated the same way as newly diagnosed high-risk neuroblastoma.         Patients First Treated for High-Risk Neuroblastoma     Treatment for recurrent neuroblastoma may include the following:            -  Combination chemotherapy.     -  Iodine 131-mIBG therapy to relieve symptoms and improve quality of life. It may be given alone or in combination with other therapy, or before stem cell rescue.     - A second course of high-dose chemotherapy and stem cell rescue.     -  Tyrosine kinase inhibitor therapy (crizotinib) for patients with changes in the  ALK  gene.           Because there is no standard treatment for recurrent neuroblastoma in patients first treated for high-risk neuroblastoma, patients may want to consider a clinical trial. For information about clinical trials, please see the NCI website.         Patients with Recurrent CNS Neuroblastoma      Treatment for neuroblastoma that recurs (comes back) in the central nervous system (CNS; brain and spinal cord) may include the following:            -  Surgery to remove the tumor in the CNS followed by radiation therapy.     - A clinical trial of a new therapy.                Treatments Being Studied for Progressive/Recurrent Neuroblastoma     Some of the treatments being studied in clinical trials for neuroblastoma that recurs (comes back) or progresses (grows, spreads, or does not respond to treatment) include the following:            -  Combination chemotherapy and monoclonal antibody therapy (dinutuximab).     -   Lenalidomide and monoclonal antibody therapy (dinutuximab) with or without isotretinoin.     -  Iodine 131-mIBG given alone or with other anticancer drugs.     -  Immunotherapy (vaccine therapy).     -  Tyrosine kinase inhibitor (crizotinib) and combination chemotherapy.     -  Targeted therapy with an antibody-drug conjugate (lorvotuzumab mertansine).",cancer,train,CancerQA.csv
what research (or clinical trials) is being done for Neuroblastoma ?,"New types of treatment are being tested in clinical trials.
                    This summary section describes treatments that are being studied in clinical trials. It may not mention every new treatment being studied. Information about clinical trials is available from the NCI website.     Immunotherapy     Immunotherapy is a treatment that uses the patients immune system to fight cancer. Substances made by the body or made in a laboratory are used to boost, direct, or restore the bodys natural defenses against cancer. This type of cancer treatment is also called biotherapy or biological therapy.     Vaccine therapy uses a substance to stimulate the immune system to destroy a tumor. Vaccine therapy is being studied to treat neuroblastoma that has come back after treatment.       Other drug therapy     Lenalidomide is a type of angiogenesis inhibitor. It prevents the growth of new blood vessels that are needed by a tumor to grow.
                
                
                    Patients may want to think about taking part in a clinical trial.
                    For some patients, taking part in a clinical trial may be the best treatment choice. Clinical trials are part of the cancer research process. Clinical trials are done to find out if new cancer treatments are safe and effective or better than the standard treatment.   Many of today's standard treatments for cancer are based on earlier clinical trials. Patients who take part in a clinical trial may receive the standard treatment or be among the first to receive a new treatment.   Patients who take part in clinical trials also help improve the way cancer will be treated in the future. Even when clinical trials do not lead to effective new treatments, they often answer important questions and help move research forward.
                
                
                    Patients can enter clinical trials before, during, or after starting their cancer treatment.
                    Some clinical trials only include patients who have not yet received treatment. Other trials test treatments for patients whose cancer has not gotten better. There are also clinical trials that test new ways to stop cancer from recurring (coming back) or reduce the side effects of cancer treatment.   Clinical trials are taking place in many parts of the country. See the Treatment Options section that follows for links to current treatment clinical trials. These have been retrieved from NCI's listing of clinical trials.",cancer,train,CancerQA.csv
What is (are) Parathyroid Cancer ?,"Key Points
                    - Parathyroid cancer is a rare disease in which malignant (cancer) cells form in the tissues of a parathyroid gland.    - Having certain inherited disorders can increase the risk of developing parathyroid cancer.     - Signs and symptoms of parathyroid cancer include weakness, feeling tired, and a lump in the neck.    - Tests that examine the neck and blood are used to detect (find) and diagnose parathyroid cancer.    - Certain factors affect prognosis (chance of recovery) and treatment options.
                
                
                    Parathyroid cancer is a rare disease in which malignant (cancer) cells form in the tissues of a parathyroid gland.
                    The parathyroid glands are four pea-sized organs found in the neck near the thyroid gland. The parathyroid glands make parathyroid hormone (PTH or parathormone). PTH helps the body use and store calcium to keep the calcium in the blood at normal levels.     A parathyroid gland may become overactive and make too much PTH, a condition called hyperparathyroidism. Hyperparathyroidism can occur when a benign tumor (noncancer), called an adenoma, forms on one of the parathyroid glands, and causes it to grow and become overactive. Sometimes hyperparathyroidism can be caused by parathyroid cancer, but this is very rare.   The extra PTH causes:          - The calcium stored in the bones to move into the blood.    - The intestines to absorb more calcium from the food we eat.        This condition is called hypercalcemia (too much calcium in the blood).   The hypercalcemia caused by hyperparathyroidism is more serious and life-threatening than parathyroid cancer itself and treating hypercalcemia is as important as treating the cancer.",cancer,train,CancerQA.csv
Who is at risk for Parathyroid Cancer? ?,Having certain inherited disorders can increase the risk of developing parathyroid cancer. Anything that increases the chance of getting a disease is called a risk factor. Risk factors for parathyroid cancer include the following rare disorders that are inherited (passed down from parent to child):          -  Familial isolated hyperparathyroidism (FIHP).    -  Multiple endocrine neoplasia type 1 (MEN1) syndrome.        Treatment with radiation therapy may increase the risk of developing a parathyroid adenoma.,cancer,train,CancerQA.csv
What are the symptoms of Parathyroid Cancer ?,"Signs and symptoms of parathyroid cancer include weakness, feeling tired, and a lump in the neck. Most parathyroid cancer signs and symptoms are caused by the hypercalcemia that develops. Signs and symptoms of hypercalcemia include the following:         -  Weakness.    - Feeling very tired.    -  Nausea and vomiting.    - Loss of appetite.    - Weight loss for no known reason.    - Being much more thirsty than usual.    -  Urinating much more than usual.    -  Constipation.    - Trouble thinking clearly.        Other signs and symptoms of parathyroid cancer include the following:         - Pain in the abdomen, side, or back that doesn't go away.    - Pain in the bones.    - A broken bone.    - A lump in the neck.    - Change in voice such as hoarseness.    - Trouble swallowing.        Other conditions may cause the same signs and symptoms as parathyroid cancer. Check with your doctor if you have any of these problems.",cancer,train,CancerQA.csv
How to diagnose Parathyroid Cancer ?,"Tests that examine the neck and blood are used to detect (find) and diagnose parathyroid cancer. Once blood tests are done and hyperparathyroidism is diagnosed, imaging tests may be done to help find which of the parathyroid glands is overactive. Sometimes the parathyroid glands are hard to find and imaging tests are done to find exactly where they are.   Parathyroid cancer may be hard to diagnose because the cells of a benign parathyroid adenoma and a malignant parathyroid cancer look alike. The patient's symptoms, blood levels of calcium and parathyroid hormone, and characteristics of the tumor are also used to make a diagnosis.    The following tests and procedures may be used:         -   Physical exam and history : An exam of the body to check general signs of health, including checking for signs of disease, such as lumps or anything else that seems unusual. A history of the patients health habits and past illnesses and treatments will also be taken.    -   Blood chemistry studies : A procedure in which a blood sample is checked to measure the amounts of certain substances released into the blood by organs and tissues in the body. An unusual (higher or lower than normal) amount of a substance can be a sign of disease. To diagnose parathyroid cancer, the sample of blood is checked for its calcium level.     -   Parathyroid hormone test: A procedure in which a blood sample is checked to measure the amount of parathyroid hormone released into the blood by the parathyroid glands. A higher than normal amount of parathyroid hormone can be a sign of disease.    -   Sestamibi scan : A type of radionuclide scan used to find an overactive parathyroid gland. A very small amount of a radioactive substance called technetium 99 is injected into a vein and travels through the bloodstream to the parathyroid gland. The radioactive substance will collect in the overactive gland and show up brightly on a special camera that detects radioactivity.    -   CT scan (CAT scan): A procedure that makes a series of detailed pictures of areas inside the body, taken from different angles. The pictures are made by a computer linked to an x-ray machine. A dye may be injected into a vein or swallowed to help the organs or tissues show up more clearly. This procedure is also called computed tomography, computerized tomography, or computerized axial tomography.    -   SPECT scan (single photon emission computed tomography scan): A procedure that uses a special camera linked to a computer to make a 3-dimensional (3-D) picture. A very small amount of a radioactive substance is injected into a vein. As the substance travels through the blood, the camera rotates around the neck and takes pictures. Blood flow and metabolism are higher than normal in areas where cancer cells are growing. These areas will show up brighter in the picture. This procedure may be done just before or after a CT scan.    -   Ultrasound exam: A procedure in which high-energy sound waves (ultrasound) are bounced off internal tissues or organs and make echoes. The echoes form a picture of body tissues called a sonogram.    -   Angiogram : A procedure to look at blood vessels and the flow of blood. A contrast dye is injected into the blood vessel. As the contrast dye moves through the blood vessel, x-rays are taken to see if there are any blockages.    -   Venous sampling : A procedure in which a sample of blood is taken from specific veins and checked to measure the amounts of certain substances released into the blood by nearby organs and tissues. If imaging tests do not show which parathyroid gland is overactive, blood samples may be taken from veins near each parathyroid gland to find which one is making too much PTH.",cancer,train,CancerQA.csv
What is the outlook for Parathyroid Cancer ?,Certain factors affect prognosis (chance of recovery) and treatment options. The prognosis (chance of recovery) and treatment options depend on the following:         - Whether the calcium level in the blood can be controlled.    - The stage of the cancer.     - Whether the tumor and the capsule around the tumor can be completely removed by surgery.     - The patient's general health.,cancer,test,CancerQA.csv
What are the stages of Parathyroid Cancer ?,"Key Points
                    - After parathyroid cancer has been diagnosed, tests are done to find out if cancer cells have spread to other parts of the body.    - There are three ways that cancer spreads in the body.    - Cancer may spread from where it began to other parts of the body.    - There is no standard staging process for parathyroid cancer.
                
                
                    After parathyroid cancer has been diagnosed, tests are done to find out if cancer cells have spread to other parts of the body.
                    The process used to find out if cancer has spread to other parts of the body is called staging. The following imaging tests may be used to determine if cancer has spread to other parts of the body such as the lungs, liver, bone, heart, pancreas, or lymph nodes:         -   CT scan (CAT scan): A procedure that makes a series of detailed pictures of areas inside the body, taken from different angles. The pictures are made by a computer linked to an x-ray machine. A dye may be injected into a vein or swallowed to help the organs or tissues show up more clearly. This procedure is also called computed tomography, computerized tomography, or computerized axial tomography.    -   MRI (magnetic resonance imaging): A procedure that uses a magnet, radio waves, and a computer to make a series of detailed pictures of areas inside the body. This procedure is also called nuclear magnetic resonance imaging (NMRI).
                
                
                    There are three ways that cancer spreads in the body.
                    Cancer can spread through tissue, the lymph system, and the blood:         - Tissue. The cancer spreads from where it began by growing into nearby areas.     - Lymph system. The cancer spreads from where it began by getting into the lymph system. The cancer travels through the lymph vessels to other parts of the body.     - Blood. The cancer spreads from where it began by getting into the blood. The cancer travels through the blood vessels to other parts of the body.
                
                
                    Cancer may spread from where it began to other parts of the body.
                    When cancer spreads to another part of the body, it is called metastasis. Cancer cells break away from where they began (the primary tumor) and travel through the lymph system or blood.         - Lymph system. The cancer gets into the lymph system, travels through the lymph vessels, and forms a tumor (metastatic tumor) in another part of the body.    - Blood. The cancer gets into the blood, travels through the blood vessels, and forms a tumor (metastatic tumor) in another part of the body.        The metastatic tumor is the same type of cancer as the primary tumor. For example, if parathyroid cancer spreads to the lung, the cancer cells in the lung are actually parathyroid cancer cells. The disease is metastatic parathyroid cancer, not lung cancer.
                
                
                    There is no standard staging process for parathyroid cancer.
                    Parathyroid cancer is described as either localized or metastatic:         - Localized parathyroid cancer is found in a parathyroid gland and may have spread to nearby tissues.    - Metastatic parathyroid cancer has spread to other parts of the body, such as the lungs, liver, bone, sac around the heart, pancreas, or lymph nodes.",cancer,train,CancerQA.csv
What are the treatments for Parathyroid Cancer ?,"Key Points
                    - There are different types of treatment for patients with parathyroid cancer.     - Treatment includes control of hypercalcemia (too much calcium in the blood) in patients who have an overactive parathyroid gland.     - Four types of standard treatment are used:         - Surgery     - Radiation therapy      - Chemotherapy     - Supportive care        - New types of treatment are being tested in clinical trials.    - Patients may want to think about taking part in a clinical trial.    - Patients can enter clinical trials before, during, or after starting their cancer treatment.    - Follow-up tests may be needed.
                
                
                    There are different types of treatment for patients with parathyroid cancer.
                    Different types of treatment are available for patients with parathyroid cancer. Some treatments are standard (the currently used treatment), and some are being tested in clinical trials. A treatment clinical trial is a research study meant to help improve current treatments or obtain information on new treatments for patients with cancer. When clinical trials show that a new treatment is better than the standard treatment, the new treatment may become the standard treatment. Patients may want to think about taking part in a clinical trial. Some clinical trials are open only to patients who have not started treatment.
                
                
                    Treatment includes control of hypercalcemia (too much calcium in the blood) in patients who have an overactive parathyroid gland.
                    In order to reduce the amount of parathyroid hormone that is being made and control the level of calcium in the blood, as much of the tumor as possible is removed in surgery. For patients who cannot have surgery, medication may be used.
                
                
                    Four types of standard treatment are used:
                    Surgery    Surgery (removing the cancer in an operation) is the most common treatment for parathyroid cancer that is in the parathyroid glands or has spread to other parts of the body. Because parathyroid cancer grows very slowly, cancer that has spread to other parts of the body may be removed by surgery in order to cure the patient or control the effects of the disease for a long time. Before surgery, treatment is given to control hypercalcemia.     The following surgical procedures may be used:            - En bloc resection: Surgery to remove the entire parathyroid gland and the capsule around it. Sometimes lymph nodes, half of the thyroid gland on the same side of the body as the cancer, and muscles, tissues, and a nerve in the neck are also removed.     -  Tumor debulking: A surgical procedure in which as much of the tumor as possible is removed. Some tumors cannot be completely removed.     -  Metastasectomy: Surgery to remove any cancer that has spread to distant organs such as the lung.             Surgery for parathyroid cancer sometimes damages nerves of the vocal cords. There are treatments to help with speech problems caused by this nerve damage.       Radiation therapy      Radiation therapy is a cancer treatment that uses high-energy x-rays or other types of radiation to kill cancer cells or keep them from growing. There are two types of radiation therapy:             -  External radiation therapy uses a machine outside the body to send radiation toward the cancer.     -  Internal radiation therapy uses a radioactive substance sealed in needles, seeds, wires, or catheters that are placed directly into or near the cancer.            The way the radiation therapy is given depends on the type and stage of the cancer being treated. External radiation therapy is used to treat parathyroid cancer.       Chemotherapy     Chemotherapy is a cancer treatment that uses drugs to stop the growth of cancer cells, either by killing the cells or by stopping them from dividing. When chemotherapy is taken by mouth or injected into a vein or muscle, the drugs enter the bloodstream and can reach cancer cells throughout the body (systemic chemotherapy). When chemotherapy is placed directly into the cerebrospinal fluid, an organ, or a body cavity such as the abdomen, the drugs mainly affect cancer cells in those areas (regional chemotherapy). The way the chemotherapy is given depends on the type and stage of the cancer being treated.       Supportive care     Supportive care is given to lessen the problems caused by the disease or its treatment. Supportive care for hypercalcemia caused by parathyroid cancer may include the following:            -  Intravenous (IV) fluids.     - Drugs that increase how much urine the body makes.     - Drugs that stop the body from absorbing calcium from the food we eat.     - Drugs that stop the parathyroid gland from making parathyroid hormone.
                
                
                    New types of treatment are being tested in clinical trials.
                    Information about clinical trials is available from the NCI website.
                
                
                    Patients may want to think about taking part in a clinical trial.
                    For some patients, taking part in a clinical trial may be the best treatment choice. Clinical trials are part of the cancer research process. Clinical trials are done to find out if new cancer treatments are safe and effective or better than the standard treatment.   Many of today's standard treatments for cancer are based on earlier clinical trials. Patients who take part in a clinical trial may receive the standard treatment or be among the first to receive a new treatment.   Patients who take part in clinical trials also help improve the way cancer will be treated in the future. Even when clinical trials do not lead to effective new treatments, they often answer important questions and help move research forward.
                
                
                    Patients can enter clinical trials before, during, or after starting their cancer treatment.
                    Some clinical trials only include patients who have not yet received treatment. Other trials test treatments for patients whose cancer has not gotten better. There are also clinical trials that test new ways to stop cancer from recurring (coming back) or reduce the side effects of cancer treatment.   Clinical trials are taking place in many parts of the country. See the Treatment Options section that follows for links to current treatment clinical trials. These have been retrieved from NCI's listing of clinical trials.
                
                
                    Follow-up tests may be needed.
                    Some of the tests that were done to diagnose the cancer or to find out the stage of the cancer may be repeated. Some tests will be repeated in order to see how well the treatment is working. Decisions about whether to continue, change, or stop treatment may be based on the results of these tests.   Some of the tests will continue to be done from time to time after treatment has ended. The results of these tests can show if your condition has changed or if the cancer has recurred (come back). These tests are sometimes called follow-up tests or check-ups.   Parathyroid cancer often recurs. Patients should have regular check-ups for the rest of their lives, to find and treat recurrences early.
                
			        
			            Treatment Options for Parathyroid Cancer
			            
			                
			                    Localized Parathyroid Cancer
			                    Treatment of localized parathyroid cancer may include the following:         -  Surgery (en bloc resection).    - Surgery followed by radiation therapy.    - Radiation therapy.    -  Supportive care to treat hypercalcemia (too much calcium in the blood).        Check the list of NCI-supported cancer clinical trials that are now accepting patients with localized parathyroid cancer. For more specific results, refine the search by using other search features, such as the location of the trial, the type of treatment, or the name of the drug. Talk with your doctor about clinical trials that may be right for you. General information about clinical trials is available from the NCI website.
			                
			                
			                    Metastatic Parathyroid Cancer
			                    Treatment of metastatic parathyroid cancer may include the following:         -  Surgery (metastasectomy) to remove cancer from the places where it has spread.    - Surgery followed by radiation therapy.    - Radiation therapy.    -  Chemotherapy.     -  Supportive care to treat hypercalcemia (too much calcium in the blood).        Check the list of NCI-supported cancer clinical trials that are now accepting patients with metastatic parathyroid cancer. For more specific results, refine the search by using other search features, such as the location of the trial, the type of treatment, or the name of the drug. Talk with your doctor about clinical trials that may be right for you. General information about clinical trials is available from the NCI website.
			                
			                
			                    Recurrent Parathyroid Cancer
			                    Treatment of recurrent parathyroid cancer may include the following:         -  Surgery (metastasectomy) to remove cancer from the places where it has recurred.    - Surgery (tumor debulking).    - Surgery followed by radiation therapy.    - Radiation therapy.    -  Chemotherapy.     -  Supportive care to treat hypercalcemia (too much calcium in the blood).        Check the list of NCI-supported cancer clinical trials that are now accepting patients with recurrent parathyroid cancer. For more specific results, refine the search by using other search features, such as the location of the trial, the type of treatment, or the name of the drug. Talk with your doctor about clinical trials that may be right for you. General information about clinical trials is available from the NCI website.",cancer,test,CancerQA.csv
what research (or clinical trials) is being done for Parathyroid Cancer ?,"New types of treatment are being tested in clinical trials.
                    Information about clinical trials is available from the NCI website.
                
                
                    Patients may want to think about taking part in a clinical trial.
                    For some patients, taking part in a clinical trial may be the best treatment choice. Clinical trials are part of the cancer research process. Clinical trials are done to find out if new cancer treatments are safe and effective or better than the standard treatment.   Many of today's standard treatments for cancer are based on earlier clinical trials. Patients who take part in a clinical trial may receive the standard treatment or be among the first to receive a new treatment.   Patients who take part in clinical trials also help improve the way cancer will be treated in the future. Even when clinical trials do not lead to effective new treatments, they often answer important questions and help move research forward.
                
                
                    Patients can enter clinical trials before, during, or after starting their cancer treatment.
                    Some clinical trials only include patients who have not yet received treatment. Other trials test treatments for patients whose cancer has not gotten better. There are also clinical trials that test new ways to stop cancer from recurring (coming back) or reduce the side effects of cancer treatment.   Clinical trials are taking place in many parts of the country. See the Treatment Options section that follows for links to current treatment clinical trials. These have been retrieved from NCI's listing of clinical trials.",cancer,train,CancerQA.csv
What is (are) Childhood Craniopharyngioma ?,"Key Points
                    - Childhood craniopharyngiomas are benign brain tumors found near the pituitary gland.    - There are no known risk factors for childhood craniopharyngioma.    - Signs of childhood craniopharyngioma include vision changes and slow growth.    - Tests that examine the brain, vision, and hormone levels are used to detect (find) childhood craniopharyngiomas.    - Childhood craniopharyngiomas are diagnosed and may be removed in the same surgery.    - Certain factors affect prognosis (chance of recovery) and treatment options.
                
                
                    Childhood craniopharyngiomas are benign brain tumors found near the pituitary gland.
                    Childhood craniopharyngiomas are rare tumors usually found near the pituitary gland (a pea-sized organ at the bottom of the brain that controls other glands) and the hypothalamus (a small cone-shaped organ connected to the pituitary gland by nerves).     Craniopharyngiomas are usually part solid mass and part fluid -filled cyst. They are benign (not cancer) and do not spread to other parts of the brain or to other parts of the body. However, they may grow and press on nearby parts of the brain or other areas, including the pituitary gland, the optic chiasm, optic nerves, and fluid-filled spaces in the brain. Craniopharyngiomas may affect many functions of the brain. They may affect hormone making, growth, and vision. Benign brain tumors need treatment.    This summary is about the treatment of primary brain tumors (tumors that begin in the brain). Treatment for metastatic brain tumors, which are tumors formed by cancer cells that begin in other parts of the body and spread to the brain, is not covered in this summary. See the PDQ treatment summary on Childhood Brain and Spinal Cord Tumors Treatment Overview for information about the different types of childhood brain and spinal cord tumors.   Brain tumors can occur in both children and adults; however, treatment for children may be different than treatment for adults. (See the PDQ summary on Adult Central Nervous System Tumors Treatment for more information.)",cancer,test,CancerQA.csv
Who is at risk for Childhood Craniopharyngioma? ?,There are no known risk factors for childhood craniopharyngioma. Craniopharyngiomas are rare in children younger than 2 years of age and are most often diagnosed in children aged 5 to 14 years. It is not known what causes these tumors.,cancer,train,CancerQA.csv
What are the symptoms of Childhood Craniopharyngioma ?,"Signs of childhood craniopharyngioma include vision changes and slow growth. These and other signs and symptoms may be caused by craniopharyngiomas or by other conditions. Check with your childs doctor if your child has any of the following:         - Headaches, including morning headache or headache that goes away after vomiting.    - Vision changes.    -  Nausea and vomiting.    - Loss of balance or trouble walking.    - Increase in thirst or urination.    - Unusual sleepiness or change in energy level.    - Changes in personality or behavior.    - Short stature or slow growth.    - Hearing loss.    - Weight gain.",cancer,train,CancerQA.csv
How to diagnose Childhood Craniopharyngioma ?,"Tests that examine the brain, vision, and hormone levels are used to detect (find) childhood craniopharyngiomas. The following tests and procedures may be used:         -   Physical exam and history : An exam of the body to check general signs of health, including checking for signs of disease, such as lumps or anything else that seems unusual. A history of the patients health habits and past illnesses and treatments will also be taken.    -   Neurological exam : A series of questions and tests to check the brain, spinal cord, and nerve function. The exam checks a persons mental status, coordination, and ability to walk normally, and how well the muscles, senses, and reflexes work. This may also be called a neuro exam or a neurologic exam.     -  Visual field exam: An exam to check a persons field of vision (the total area in which objects can be seen). This test measures both central vision (how much a person can see when looking straight ahead) and peripheral vision (how much a person can see in all other directions while staring straight ahead). Any loss of vision may be a sign of a tumor that has damaged or pressed on the parts of the brain that affect eyesight.    -   CT scan (CAT scan): A procedure that makes a series of detailed pictures of areas inside the body, taken from different angles. The pictures are made by a computer linked to an x-ray machine. A dye may be injected into a vein or swallowed to help the organs or tissues show up more clearly. This procedure is also called computed tomography, computerized tomography, or computerized axial tomography.    -   MRI (magnetic resonance imaging) of the brain and spinal cord with gadolinium : A procedure that uses a magnet, radio waves, and a computer to make a series of detailed pictures of areas inside the brain. A substance called gadolinium is injected into a vein. The gadolinium collects around the tumor cells so they show up brighter in the picture. This procedure is also called nuclear magnetic resonance imaging (NMRI).    -   Blood chemistry studies : A procedure in which a blood sample is checked to measure the amounts of certain substances released into the blood by organs and tissues in the body. An unusual (higher or lower than normal) amount of a substance can be a sign of disease.    -  Blood hormone studies: A procedure in which a blood sample is checked to measure the amounts of certain hormones released into the blood by organs and tissues in the body. An unusual (higher or lower than normal) amount of a substance can be a sign of disease in the organ or tissue that makes it. For example, the blood may be checked for unusual levels of thyroid-stimulating hormone (TSH) or adrenocorticotropic hormone (ACTH). TSH and ACTH are made by the pituitary gland in the brain.
                    Childhood craniopharyngiomas are diagnosed and may be removed in the same surgery. Doctors may think a mass is a craniopharyngioma based on where it is in the brain and how it looks on a CT scan or MRI. In order to be sure, a sample of tissue is needed.   One of the following types of biopsy procedures may be used to take the sample of tissue:         -  Open biopsy: A hollow needle is inserted through a hole in the skull into the brain.    - Computer-guided needle biopsy: A hollow needle guided by a computer is inserted through a small hole in the skull into the brain.    - Transsphenoidal biopsy: Instruments are inserted through the nose and sphenoid bone (a butterfly-shaped bone at the base of the skull) and into the brain.         A pathologist views the tissue under a microscope to look for tumor cells. If tumor cells are found, as much tumor as safely possible may be removed during the same surgery.   The following laboratory test may be done on the sample of tissue that is removed:         -   Immunohistochemistry : A test that uses antibodies to check for certain antigens in a sample of tissue. The antibody is usually linked to a radioactive substance or a dye that causes the tissue to light up under a microscope. This type of test may be used to tell the difference between different types of cancer.",cancer,train,CancerQA.csv
What is the outlook for Childhood Craniopharyngioma ?,Certain factors affect prognosis (chance of recovery) and treatment options. The prognosis (chance of recovery) and treatment options depend on the following:          - The size of the tumor.    - Where the tumor is in the brain.    - Whether there are tumor cells left after surgery.    - The child's age.    -  Side effects that may occur months or years after treatment.    - Whether the tumor has just been diagnosed or has recurred (come back).,cancer,train,CancerQA.csv
What are the stages of Childhood Craniopharyngioma ?,The process used to find out if cancer has spread within the brain or to other parts of the body is called staging. There is no standard system for staging childhood craniopharyngioma. Craniopharyngioma is described as newly diagnosed disease or recurrent disease. The results of the tests and procedures done to diagnose craniopharyngioma are used to help make decisions about treatment.,cancer,train,CancerQA.csv
what research (or clinical trials) is being done for Childhood Craniopharyngioma ?,"Patients may want to think about taking part in a clinical trial.
                    For some patients, taking part in a clinical trial may be the best treatment choice. Clinical trials are part of the medical research process. Clinical trials are done to find out if new treatments are safe and effective or better than the standard treatment.   Many of today's standard treatments are based on earlier clinical trials. Patients who take part in a clinical trial may receive the standard treatment or be among the first to receive a new treatment.   Patients who take part in clinical trials also help improve the way diseases will be treated in the future. Even when clinical trials do not lead to effective new treatments, they often answer important questions and help move research forward.   Check the list of NCI-supported cancer clinical trials that are now accepting patients with childhood craniopharyngioma. For more specific results, refine the search by using other search features, such as the location of the trial, the type of treatment, or the name of the drug. Talk with your child's doctor about clinical trials that may be right for your child. General information about clinical trials is available from the NCI website.
                
                
                    Patients can enter clinical trials before, during, or after starting their treatment.
                    Some clinical trials only include patients who have not yet received treatment. Other trials test treatments for patients who have not improved. There are also clinical trials that test new ways to stop a disease from recurring (coming back) or reduce the side effects of treatment.   Clinical trials are taking place in many parts of the country. See the Treatment Options section that follows for links to current treatment clinical trials. These have been retrieved from NCI's clinical trials database.",cancer,train,CancerQA.csv
What are the treatments for Childhood Craniopharyngioma ?,"Key Points
                    - There are different types of treatment for children with craniopharyngioma.    - Children with craniopharyngioma should have their treatment planned by a team of health care providers who are experts in treating brain tumors in children.     - Childhood brain tumors may cause signs or symptoms that begin before the cancer is diagnosed and continue for months or years.    - Some treatments for tumors cause side effects months or years after treatment has ended.     - Five types of treatment are used:          - Surgery (resection)     - Surgery and radiation therapy     - Surgery with cyst drainage     - Chemotherapy     - Biologic therapy        - Patients may want to think about taking part in a clinical trial.    - Patients can enter clinical trials before, during, or after starting their treatment.    - Follow-up tests may be needed.
                
                
                    There are different types of treatment for children with craniopharyngioma.
                    Different types of treatments are available for children with craniopharyngioma. Some treatments are standard (the currently used treatment), and some are being tested in clinical trials. A treatment clinical trial is a research study meant to help improve current treatments or obtain information on new treatments for patients with tumors. When clinical trials show that a new treatment is better than the standard treatment, the new treatment may become the standard treatment.   Because tumors in children are rare, taking part in a clinical trial should be considered. Clinical trials are taking place in many parts of the country. Information about ongoing clinical trials is available from the NCI website. Choosing the most appropriate treatment is a decision that ideally involves the patient, family, and health care team.
                
                
                    Children with craniopharyngioma should have their treatment planned by a team of health care providers who are experts in treating brain tumors in children.
                    Treatment will be overseen by a pediatric oncologist, a doctor who specializes in treating children with tumors. The pediatric oncologist works with other pediatric healthcare providers who are experts in treating children with brain tumors and who specialize in certain areas of medicine. These may include the following specialists:          -  Pediatrician.    -  Neurosurgeon.    -  Radiation oncologist.    -  Neurologist.    -  Endocrinologist.    -  Ophthalmologist.    -  Rehabilitation specialist.    -  Psychologist.    -  Social worker.    -  Nurse specialist.
                
                
                    Childhood brain tumors may cause signs or symptoms that begin before the cancer is diagnosed and continue for months or years.
                    Signs or symptoms caused by the tumor may begin before diagnosis and continue for months or years. It is important to talk with your child's doctors about signs or symptoms caused by the tumor that may continue after treatment.
                
                
                    Some treatments for tumors cause side effects months or years after treatment has ended.
                    Side effects from tumor treatment that begin during or after treatment and continue for months or years are called late effects. Late effects of tumor treatment may include the following:         - Physical problems such as seizures.    - Behavior problems.    - Changes in mood, feelings, thinking, learning, or memory.    -  Second cancers (new types of cancer).        The following serious physical problems may occur if the pituitary gland, hypothalamus, optic nerves, or carotid artery are affected during surgery or radiation therapy:         -  Obesity.    -  Metabolic syndrome, including fatty liver disease not caused by drinking alcohol.    - Vision problems, including blindness.    -  Blood vessel problems or stroke.    - Loss of the ability to make certain hormones.        Some late effects may be treated or controlled. Life-long hormone replacement therapy with several medicines may be needed. It is important to talk with your child's doctors about the effects tumor treatment can have on your child. (See the PDQ summary on Late Effects of Treatment for Childhood Cancer for more information).
                
                
                    Five types of treatment are used:
                    Surgery (resection)     The way the surgery is done depends on the size of the tumor and where it is in the brain. It also depends on whether the tumor has grown into nearby tissue in a finger-like way and expected late effects after surgery.     The types of surgery that may be used to remove all of the tumor that can be seen with the eye include the following:            -  Transsphenoidal surgery: A type of surgery in which the instruments are inserted into part of the brain by going through an incision (cut) made under the upper lip or at the bottom of the nose between the nostrils and then through the sphenoid bone (a butterfly-shaped bone at the base of the skull).     -  Craniotomy: Surgery to remove the tumor through an opening made in the skull.           Sometimes all of the tumor that can be seen is removed in surgery and no further treatment is needed. At other times, it is hard to remove the tumor because it is growing into or pressing on nearby organs. If there is tumor remaining after the surgery, radiation therapy is usually given to kill any tumor cells that are left. Treatment given after the surgery, to lower the risk that the cancer will come back, is called adjuvant therapy.        Surgery and radiation therapy    Partial resection is used to treat some craniopharyngiomas. It is used to diagnose the tumor, remove fluid from a cyst, and relieve pressure on the optic nerves. If the tumor is near the pituitary gland or hypothalamus, it is not removed. This reduces the number of serious side effects after surgery. Partial resection is followed by radiation therapy.      Radiation therapy is a tumor treatment that uses high-energy x-rays or other types of radiation to kill tumor cells or keep them from growing. There are two types of radiation therapy:             -  External radiation therapy uses a machine outside the body to send radiation toward the tumor.     -  Internal radiation therapy uses a radioactive substance sealed in needles, seeds, wires, or catheters that are placed directly into or near the tumor.           The way the radiation therapy is given depends on the type of tumor, whether the tumor is newly diagnosed or has come back, and where the tumor formed in the brain. External and internal radiation therapy are used to treat childhood craniopharyngioma.    Because radiation therapy to the brain can affect growth and development in young children, ways of giving radiation therapy that have fewer side effects are being used. These include:            -  Stereotactic radiosurgery: For very small craniopharyngiomas at the base of the brain, stereotactic radiosurgery may be used. Stereotactic radiosurgery is a type of external radiation therapy. A rigid head frame is attached to the skull to keep the head still during the radiation treatment. A machine aims a single large dose of radiation directly at the tumor. This procedure does not involve surgery. It is also called stereotaxic radiosurgery, radiosurgery, and radiation surgery.     -  Intracavitary radiation therapy: Intracavitary radiation therapy is a type of internal radiation therapy that may be used in tumors that are part solid mass and part fluid-filled cyst. Radioactive material is placed inside the tumor. This type of radiation therapy causes less damage to the nearby hypothalamus and optic nerves.     - Intensity-modulated proton therapy: A type of radiation therapy that uses streams of protons (tiny particles with a positive charge) to kill tumor cells. A computer is used to target the exact shape and location of the tumor with proton therapy. This type of 3-dimensional radiation therapy may cause less damage to healthy tissue in the brain and other parts of the body. Proton radiation is different from x-ray radiation.              Surgery with cyst drainage    Surgery may be done to drain tumors that are mostly fluid-filled cysts. This lowers pressure in the brain and relieves symptoms. A catheter (thin tube) is inserted into the cyst and a small container is placed under the skin. The fluid drains into the container and is later removed. Sometimes, after the cyst is drained, a drug is put through the catheter into the cyst. This causes the inside wall of the cyst to scar and stops the cyst from making fluid or increases the amount of the time it takes for the fluid to build up again. Surgery to remove the tumor may be done after the cyst is drained.       Chemotherapy     Chemotherapy is a treatment that uses anticancer drugs to stop the growth of tumor cells, either by killing the cells or by stopping them from dividing. When chemotherapy is taken by mouth or injected into a vein or muscle, the drugs enter the bloodstream and can reach tumor cells throughout the body (systemic chemotherapy). When chemotherapy is placed directly into the cerebrospinal fluid or an organ, the drugs mainly affect tumor cells in those areas (regional chemotherapy).      Intracavitary chemotherapy is a type of regional chemotherapy that places drugs directly into a cavity, such as a cyst. It is used for craniopharyngioma that has come back after treatment.       Biologic therapy     Biologic therapy is a treatment that uses the patients immune system to fight cancer. Substances made by the body or made in a laboratory are used to boost, direct, or restore the bodys natural defenses against cancer. This type of cancer treatment is also called biotherapy or immunotherapy. For craniopharyngioma that has come back after treatment, the biologic therapy drug is placed inside the tumor using a catheter (intracavitary) or in a vein (intravenous).
                
                
                    Patients may want to think about taking part in a clinical trial.
                    For some patients, taking part in a clinical trial may be the best treatment choice. Clinical trials are part of the medical research process. Clinical trials are done to find out if new treatments are safe and effective or better than the standard treatment.   Many of today's standard treatments are based on earlier clinical trials. Patients who take part in a clinical trial may receive the standard treatment or be among the first to receive a new treatment.   Patients who take part in clinical trials also help improve the way diseases will be treated in the future. Even when clinical trials do not lead to effective new treatments, they often answer important questions and help move research forward.   Check the list of NCI-supported cancer clinical trials that are now accepting patients with childhood craniopharyngioma. For more specific results, refine the search by using other search features, such as the location of the trial, the type of treatment, or the name of the drug. Talk with your child's doctor about clinical trials that may be right for your child. General information about clinical trials is available from the NCI website.
                
                
                    Patients can enter clinical trials before, during, or after starting their treatment.
                    Some clinical trials only include patients who have not yet received treatment. Other trials test treatments for patients who have not improved. There are also clinical trials that test new ways to stop a disease from recurring (coming back) or reduce the side effects of treatment.   Clinical trials are taking place in many parts of the country. See the Treatment Options section that follows for links to current treatment clinical trials. These have been retrieved from NCI's clinical trials database.
                
                
                    Follow-up tests may be needed.
                    Some of the tests that were done to diagnose the disease or decide how to treat it may be repeated. Some tests will be repeated in order to see how well the treatment is working. Decisions about whether to continue, change, or stop treatment may be based on the results of these tests.   Some of the tests will continue to be done from time to time after treatment has ended. The results of these tests can show if your condition has changed. These tests are sometimes called follow-up tests or check-ups.   After treatment, follow-up testing with MRI will be done for several years to check if the tumor has come back.
                
                 
				            Treatment Options for Childhood Craniopharyngioma
				            
				                
				                    Newly Diagnosed Childhood Craniopharyngioma
				                    Treatment of newly diagnosed childhood craniopharyngioma may include the following:         -  Surgery (resection) with or without radiation therapy.    - Partial resection followed by radiation therapy.    -  Cyst drainage with or without radiation therapy or surgery.        Check the list of NCI-supported cancer clinical trials that are now accepting patients with childhood craniopharyngioma. For more specific results, refine the search by using other search features, such as the location of the trial, the type of treatment, or the name of the drug. Talk with your child's doctor about clinical trials that may be right for your child. General information about clinical trials is available from the NCI website.
				                
				                
				                    Recurrent Childhood Craniopharyngioma
				                    Craniopharyngioma may recur (come back) no matter how it was treated the first time. Treatment options for recurrent childhood craniopharyngioma depend on the type of treatment that was given when the tumor was first diagnosed and the needs of the child.    Treatment may include the following:          -  Surgery (resection).    -  External-beam radiation therapy.    -  Stereotactic radiosurgery.    -  Intracavitary radiation therapy.     -  Intracavitary chemotherapy or intracavitary biologic therapy.    -  Intravenous biologic therapy.    - Cyst drainage.    - A clinical trial of biologic therapy.        Check the list of NCI-supported cancer clinical trials that are now accepting patients with childhood craniopharyngioma. For more specific results, refine the search by using other search features, such as the location of the trial, the type of treatment, or the name of the drug. Talk with your child's doctor about clinical trials that may be right for your child. General information about clinical trials is available from the NCI website.",cancer,train,CancerQA.csv
What is (are) Melanoma ?,"Key Points
                    - Melanoma is a disease in which malignant (cancer) cells form in melanocytes (cells that color the skin).    - There are different types of cancer that start in the skin.    - Melanoma can occur anywhere on the skin.     - Unusual moles, exposure to sunlight, and health history can affect the risk of melanoma.    - Signs of melanoma include a change in the way a mole or pigmented area looks.     - Tests that examine the skin are used to detect (find) and diagnose melanoma.    - Certain factors affect prognosis (chance of recovery) and treatment options.
                
                
                    Melanoma is a disease in which malignant (cancer) cells form in melanocytes (cells that color the skin).
                    The skin is the bodys largest organ. It protects against heat, sunlight, injury, and infection. Skin also helps control body temperature and stores water, fat, and vitamin D. The skin has several layers, but the two main layers are the epidermis (upper or outer layer) and the dermis (lower or inner layer). Skin cancer begins in the epidermis, which is made up of three kinds of cells:          -  Squamous cells: Thin, flat cells that form the top layer of the epidermis.    -  Basal cells: Round cells under the squamous cells.    -  Melanocytes: Cells that make melanin and are found in the lower part of the epidermis. Melanin is the pigment that gives skin its natural color. When skin is exposed to the sun or artificial light, melanocytes make more pigment and cause the skin to darken.        The number of new cases of melanoma has been increasing over the last 40 years. Melanoma is most common in adults, but it is sometimes found in children and adolescents. (See the PDQ summary on Unusual Cancers of Childhood Treatment for more information on melanoma in children and adolescents.)
                
                
                    There are different types of cancer that start in the skin.
                    There are two forms of skin cancer: melanoma and nonmelanoma.   Melanoma is a rare form of skin cancer. It is more likely to invade nearby tissues and spread to other parts of the body than other types of skin cancer. When melanoma starts in the skin, it is called cutaneous melanoma. Melanoma may also occur in mucous membranes (thin, moist layers of tissue that cover surfaces such as the lips). This PDQ summary is about cutaneous (skin) melanoma and melanoma that affects the mucous membranes.   The most common types of skin cancer are basal cell carcinoma and squamous cell carcinoma. They are nonmelanoma skin cancers. Nonmelanoma skin cancers rarely spread to other parts of the body. (See the PDQ summary on Skin Cancer Treatment for more information on basal cell and squamous cell skin cancer.)
                
                
                    Melanoma can occur anywhere on the skin.
                    In men, melanoma is often found on the trunk (the area from the shoulders to the hips) or the head and neck. In women, melanoma forms most often on the arms and legs.    When melanoma occurs in the eye, it is called intraocular or ocular melanoma. (See the PDQ summary on Intraocular (Uveal) Melanoma Treatment for more information.)",cancer,train,CancerQA.csv
Who is at risk for Melanoma? ?,"Unusual moles, exposure to sunlight, and health history can affect the risk of melanoma. Anything that increases your risk of getting a disease is called a risk factor. Having a risk factor does not mean that you will get cancer; not having risk factors doesn't mean that you will not get cancer. Talk with your doctor if you think you may be at risk.    Risk factors for melanoma include the following:         - Having a fair complexion, which includes the following:                - Fair skin that freckles and burns easily, does not tan, or tans poorly.       - Blue or green or other light-colored eyes.       - Red or blond hair.              - Being exposed to natural sunlight or artificial sunlight (such as from tanning beds) over long periods of time.     - Being exposed to certain factors in the environment (in the air, your home or workplace, and your food and water). Some of the environmental risk factors for melanoma are radiation, solvents, vinyl chloride, and PCBs.     - Having a history of many blistering sunburns, especially as a child or teenager.     - Having several large or many small moles.    - Having a family history of unusual moles (atypical nevus syndrome).     - Having a family or personal history of melanoma.     - Being white.     - Having a weakened immune system.    - Having certain changes in the genes that are linked to melanoma.        Being white or having a fair complexion increases the risk of melanoma, but anyone can have melanoma, including people with dark skin.    See the following PDQ summaries for more information on risk factors for melanoma:         -  Genetics of Skin Cancer     -  Skin Cancer Prevention",cancer,train,CancerQA.csv
What are the symptoms of Melanoma ?,"Signs of melanoma include a change in the way a mole or pigmented area looks. These and other signs and symptoms may be caused by melanoma or by other conditions. Check with your doctor if you have any of the following:         - A mole that:                - changes in size, shape, or color.      - has irregular edges or borders.      - is more than one color.      - is asymmetrical (if the mole is divided in half, the 2 halves are different in size or shape).      - itches.      -  oozes, bleeds, or is ulcerated (a hole forms in the skin when the top layer of cells breaks down and the tissue below shows through).             - A change in pigmented (colored) skin.     - Satellite moles (new moles that grow near an existing mole).        For pictures and descriptions of common moles and melanoma, see Common Moles, Dysplastic Nevi, and Risk of Melanoma.",cancer,train,CancerQA.csv
How to diagnose Melanoma ?,"Tests that examine the skin are used to detect (find) and diagnose melanoma. If a mole or pigmented area of the skin changes or looks abnormal, the following tests and procedures can help find and diagnose melanoma:         -  Skin exam: A doctor or nurse checks the skin for moles, birthmarks, or other pigmented areas that look abnormal in color, size, shape, or texture.    -   Biopsy : A procedure to remove the abnormal tissue and a small amount of normal tissue around it. A pathologist looks at the tissue under a microscope to check for cancer cells. It can be hard to tell the difference between a colored mole and an early melanoma lesion. Patients may want to have the sample of tissue checked by a second pathologist. If the abnormal mole or lesion is cancer, the sample of tissue may also be tested for certain gene changes.        It is important that abnormal areas of the skin not be shaved off or cauterized (destroyed with a hot instrument, an electric current, or a caustic substance) because cancer cells that remain may grow and spread.    See the PDQ summary on Skin Cancer Screening for more information.",cancer,train,CancerQA.csv
What is the outlook for Melanoma ?,Certain factors affect prognosis (chance of recovery) and treatment options. The prognosis (chance of recovery) and treatment options depend on the following:         - The thickness of the tumor and where it is in the body.    - How quickly the cancer cells are dividing.    - Whether there was bleeding or ulceration of the tumor.     - How much cancer is in the lymph nodes.    - The number of places cancer has spread to in the body.    -  The level of lactate dehydrogenase (LDH) in the blood.    - Whether the cancer has certain mutations (changes) in a gene called BRAF.    - The patients age and general health.,cancer,train,CancerQA.csv
What are the stages of Melanoma ?,"Key Points
                    - After melanoma has been diagnosed, tests are done to find out if cancer cells have spread within the skin or to other parts of the body.     - There are three ways that cancer spreads in the body.    - Cancer may spread from where it began to other parts of the body.    - The method used to stage melanoma is based mainly on the thickness of the tumor and whether cancer has spread to lymph nodes or other parts of the body.    - The following stages are used for melanoma:         - Stage 0 (Melanoma in Situ)      - Stage I     - Stage II      - Stage III      - Stage IV
                
                
                    After melanoma has been diagnosed, tests are done to find out if cancer cells have spread within the skin or to other parts of the body.
                    The process used to find out whether cancer has spread within the skin or to other parts of the body is called staging. The information gathered from the staging process determines the stage of the disease. It is important to know the stage in order to plan treatment.    The following tests and procedures may be used in the staging process:         -   Physical exam and history : An exam of the body to check general signs of health, including checking for signs of disease, such as lumps or anything else that seems unusual. A history of the patients health habits and past illnesses and treatments will also be taken.    -   Lymph node mapping and sentinel lymph node biopsy : Procedures in which a radioactive substance and/or blue dye is injected near the tumor. The substance or dye flows through lymph ducts to the sentinel node or nodes (the first lymph node or nodes where cancer cells are likely to spread). The surgeon removes only the nodes with the radioactive substance or dye. A pathologist views a sample of tissue under a microscope to check for cancer cells. If no cancer cells are found, it may not be necessary to remove more nodes.     -   CT scan (CAT scan): A procedure that makes a series of detailed pictures of areas inside the body taken from different angles. The pictures are made by a computer linked to an x-ray machine. A dye may be injected into a vein or swallowed to help the organs or tissues show up more clearly. This procedure is also called computed tomography, computerized tomography, or computerized axial tomography. For melanoma, pictures may be taken of the chest, abdomen, and pelvis.    -   PET scan (positron emission tomography scan): A procedure to find malignant tumor cells in the body. A small amount of radioactive glucose (sugar) is injected into a vein. The PET scanner rotates around the body and makes a picture of where glucose is being used in the body. Malignant tumor cells show up brighter in the picture because they are more active and take up more glucose than normal cells do.    -   MRI (magnetic resonance imaging) with gadolinium : A procedure that uses a magnet, radio waves, and a computer to make a series of detailed pictures of areas inside the body, such as the brain. A substance called gadolinium is injected into a vein. The gadolinium collects around the cancer cells so they show up brighter in the picture. This procedure is also called nuclear magnetic resonance imaging (NMRI).    -   Blood chemistry studies : A procedure in which a blood sample is checked to measure the amounts of certain substances released into the blood by organs and tissues in the body. For melanoma, the blood is checked for an enzyme called lactate dehydrogenase (LDH). LDH levels that are higher than normal may be a sign of melanoma.        The results of these tests are viewed together with the results of the tumor biopsy to find out the stage of the melanoma.
                
                
                    There are three ways that cancer spreads in the body.
                    Cancer can spread through tissue, the lymph system, and the blood:         - Tissue. The cancer spreads from where it began by growing into nearby areas.     - Lymph system. The cancer spreads from where it began by getting into the lymph system. The cancer travels through the lymph vessels to other parts of the body.     - Blood. The cancer spreads from where it began by getting into the blood. The cancer travels through the blood vessels to other parts of the body.
                
                
                    Cancer may spread from where it began to other parts of the body.
                    When cancer spreads to another part of the body, it is called metastasis. Cancer cells break away from where they began (the primary tumor) and travel through the lymph system or blood.         - Lymph system. The cancer gets into the lymph system, travels through the lymph vessels, and forms a tumor (metastatic tumor) in another part of the body.    - Blood. The cancer gets into the blood, travels through the blood vessels, and forms a tumor (metastatic tumor) in another part of the body.        The metastatic tumor is the same type of cancer as the primary tumor. For example, if melanoma spreads to the lung, the cancer cells in the lung are actually melanoma cells. The disease is metastatic melanoma, not lung cancer.
                
                
                    The method used to stage melanoma is based mainly on the thickness of the tumor and whether cancer has spread to lymph nodes or other parts of the body.
                    The staging of melanoma depends on the following:         - The thickness of the tumor. The thickness is described using the Breslow scale.    -  Whether the tumor is ulcerated (has broken through the skin).    - Whether the tumor has spread to the lymph nodes and if the lymph nodes are joined together (matted).    - Whether the tumor has spread to other parts of the body.
                
                
                    The following stages are used for melanoma:
                    Stage 0 (Melanoma in Situ)      In stage 0, abnormal melanocytes are found in the epidermis. These abnormal melanocytes may become cancer and spread into nearby normal tissue. Stage 0 is also called melanoma in situ.        Stage I      In stage I, cancer has formed. Stage I is divided into stages IA and IB.            -  Stage IA: In stage IA, the tumor is not more than 1 millimeter thick, with no ulceration.     -  Stage IB: In stage IB, the tumor is either:                   -  not more than 1 millimeter thick and it has ulceration; or       -  more than 1 but not more than 2 millimeters thick, with no ulceration.                          Stage II       Stage II is divided into stages IIA, IIB, and IIC.            -  Stage IIA: In stage IIA, the tumor is either:                   - more than 1 but not more than 2 millimeters thick, with ulceration; or       - more than 2 but not more than 4 millimeters thick, with no ulceration.                  -  Stage IIB: In stage IIB, the tumor is either:                   - more than 2 but not more than 4 millimeters thick, with ulceration; or       - more than 4 millimeters thick, with no ulceration.                 -  Stage IIC: In stage IIC, the tumor is more than 4 millimeters thick, with ulceration.               Stage III      In stage III, the tumor may be any thickness, with or without ulceration. One or more of the following is true:             -  Cancer has spread to one or more lymph nodes.     - Lymph nodes are joined together (matted).     - Cancer is in a lymph vessel between the primary tumor and nearby lymph nodes. The cancer is more than 2 centimeters away from the primary tumor.     - Very small tumors are found on or under the skin, not more than 2 centimeters away from the primary tumor.              Stage IV      In stage IV, the cancer has spread to other places in the body, such as the lung, liver, brain, bone, soft tissue, or gastrointestinal (GI) tract. Cancer may have spread to places in the skin far away from where it first started.",cancer,test,CancerQA.csv
What are the treatments for Melanoma ?,"Key Points
                    - There are different types of treatment for patients with melanoma.     - Five types of standard treatment are used:         - Surgery      - Chemotherapy      - Radiation therapy      - Immunotherapy     - Targeted therapy        - New types of treatment are being tested in clinical trials.     - Treatment for melanoma may cause side effects.    - Patients may want to think about taking part in a clinical trial.    - Patients can enter clinical trials before, during, or after starting their cancer treatment.    - Follow-up tests may be needed.
                
                
                    There are different types of treatment for patients with melanoma.
                    Different types of treatment are available for patients with melanoma. Some treatments are standard (the currently used treatment), and some are being tested in clinical trials. A treatment clinical trial is a research study meant to help improve current treatments or obtain information on new treatments for patients with cancer. When clinical trials show that a new treatment is better than the standard treatment, the new treatment may become the standard treatment. Patients may want to think about taking part in a clinical trial. Some clinical trials are open only to patients who have not started treatment.
                
                
                    Five types of standard treatment are used:
                    Surgery      Surgery to remove the tumor is the primary treatment of all stages of melanoma. A wide local excision is used to remove the melanoma and some of the normal tissue around it. Skin grafting (taking skin from another part of the body to replace the skin that is removed) may be done to cover the wound caused by surgery.     It is important to know whether cancer has spread to the lymph nodes. Lymph node mapping and sentinel lymph node biopsy are done to check for cancer in the sentinel lymph node (the first lymph node the cancer is likely to spread to from the tumor) during surgery. A radioactive substance and/or blue dye is injected near the tumor. The substance or dye flows through the lymph ducts to the lymph nodes. The first lymph node to receive the substance or dye is removed. A pathologist views the tissue under a microscope to look for cancer cells. If cancer cells are found, more lymph nodes will be removed and tissue samples will be checked for signs of cancer. This is called a lymphadenectomy.    Even if the doctor removes all the melanoma that can be seen at the time of surgery, some patients may be given chemotherapy after surgery to kill any cancer cells that are left. Chemotherapy given after surgery, to lower the risk that the cancer will come back, is called adjuvant therapy.    Surgery to remove cancer that has spread to the lymph nodes, lung, gastrointestinal (GI) tract, bone, or brain may be done to improve the patients quality of life by controlling symptoms.       Chemotherapy     Chemotherapy is a cancer treatment that uses drugs to stop the growth of cancer cells, either by killing the cells or by stopping them from dividing. When chemotherapy is taken by mouth or injected into a vein or muscle, the drugs enter the bloodstream and can reach cancer cells throughout the body (systemic chemotherapy). When chemotherapy is placed directly into the cerebrospinal fluid, an organ, or a body cavity such as the abdomen, the drugs mainly affect cancer cells in those areas (regional chemotherapy).    One type of regional chemotherapy is hyperthermic isolated limb perfusion. With this method, anticancer drugs go directly to the arm or leg the cancer is in. The flow of blood to and from the limb is temporarily stopped with a tourniquet. A warm solution with the anticancer drug is put directly into the blood of the limb. This gives a high dose of drugs to the area where the cancer is.    The way the chemotherapy is given depends on the type and stage of the cancer being treated.    See Drugs Approved for Melanoma for more information.       Radiation therapy      Radiation therapy is a cancer treatment that uses high-energy x-rays or other types of radiation to kill cancer cells or keep them from growing. There are two types of radiation therapy:             -  External radiation therapy uses a machine outside the body to send radiation toward the cancer.     -  Internal radiation therapy uses a radioactive substance sealed in needles, seeds, wires, or catheters that are placed directly into or near the cancer.           The way the radiation therapy is given depends on the type and stage of the cancer being treated. External radiation therapy is used to treat melanoma, and may also be used as palliative therapy to relieve symptoms and improve quality of life.       Immunotherapy     Immunotherapy is a treatment that uses the patients immune system to fight cancer. Substances made by the body or made in a laboratory are used to boost, direct, or restore the bodys natural defenses against cancer. This type of cancer treatment is also called biotherapy or biologic therapy.     The following types of immunotherapy are being used in the treatment of melanoma:            -  Immune checkpoint inhibitor therapy: Some types of immune cells, such as T cells, and some cancer cells have certain proteins, called checkpoint proteins, on their surface that keep immune responses in check. When cancer cells have large amounts of these proteins, they will not be attacked and killed by T cells. Immune checkpoint inhibitors block these proteins and the ability of T cells to kill cancer cells is increased. They are used to treat some patients with advanced melanoma or tumors that cannot be removed by surgery. There are two types of immune checkpoint inhibitor therapy:                  -  CTLA-4 inhibitor: CTL4-A is a protein on the surface of T cells that helps keep the bodys immune responses in check. When CTLA-4 attaches to another protein called B7 on a cancer cell, it stops the T cell from killing the cancer cell. CTLA-4 inhibitors attach to CTLA-4 and allow the T cells to kill cancer cells. Ipilimumab is a type of CTLA-4 inhibitor.       -  PD-1 inhibitor: PD-1 is a protein on the surface of T cells that helps keep the bodys immune responses in check. When PD-1 attaches to another protein called PDL-1 on a cancer cell, it stops the T cell from killing the cancer cell. PD-1 inhibitors attach to PDL-1 and allow the T cells to kill cancer cells. Pembrolizumab and nivolumab are types of PD-1 inhibitors.                -  Interferon: Interferon affects the division of cancer cells and can slow tumor growth.     -  Interleukin-2 (IL-2): IL-2 boosts the growth and activity of many immune cells, especially lymphocytes (a type of white blood cell). Lymphocytes can attack and kill cancer cells.     -  Tumor necrosis factor (TNF) therapy: TNF is a protein made by white blood cells in response to an antigen or infection. TNF is made in the laboratory and used as a treatment to kill cancer cells. It is being studied in the treatment of melanoma.           See Drugs Approved for Melanoma for more information.       Targeted therapy     Targeted therapy is a type of treatment that uses drugs or other substances to attack cancer cells. Targeted therapies usually cause less harm to normal cells than chemotherapy or radiation therapy do. The following types of targeted therapy are used or being studied in the treatment of melanoma:             -  Signal transduction inhibitor therapy: Signal transduction inhibitors block signals that are passed from one molecule to another inside a cell. Blocking these signals may kill cancer cells.                   -  Vemurafenib, dabrafenib, trametinib, and cobimetinib are signal transduction inhibitors used to treat some patients with advanced melanoma or tumors that cannot be removed by surgery. Vemurafenib and dabrafenib block the activity of proteins made by mutant BRAF genes. Trametinib and cobimetinib affect the growth and survival of cancer cells.                -  Oncolytic virus therapy: A type of targeted therapy that is used in the treatment of melanoma. Oncolytic virus therapy uses a virus that infects and breaks down cancer cells but not normal cells. Radiation therapy or chemotherapy may be given after oncolytic virus therapy to kill more cancer cells.      -  Angiogenesis inhibitors: A type of targeted therapy that is being studied in the treatment of melanoma. Angiogenesis inhibitors block the growth of new blood vessels. In cancer treatment, they may be given to prevent the growth of new blood vessels that tumors need to grow.            New targeted therapies and combinations of therapies are being studied in the treatment of melanoma.    See Drugs Approved for Melanoma for more information.
                
                
                    New types of treatment are being tested in clinical trials.
                    Information about clinical trials is available from the NCI website
                
                
                    Treatment for melanoma may cause side effects.
                    For information about side effects caused by treatment for cancer, see our Side Effects page.
                
                
                    Patients may want to think about taking part in a clinical trial.
                    For some patients, taking part in a clinical trial may be the best treatment choice. Clinical trials are part of the cancer research process. Clinical trials are done to find out if new cancer treatments are safe and effective or better than the standard treatment.   Many of today's standard treatments for cancer are based on earlier clinical trials. Patients who take part in a clinical trial may receive the standard treatment or be among the first to receive a new treatment.   Patients who take part in clinical trials also help improve the way cancer will be treated in the future. Even when clinical trials do not lead to effective new treatments, they often answer important questions and help move research forward.
                
                
                    Patients can enter clinical trials before, during, or after starting their cancer treatment.
                    Some clinical trials only include patients who have not yet received treatment. Other trials test treatments for patients whose cancer has not gotten better. There are also clinical trials that test new ways to stop cancer from recurring (coming back) or reduce the side effects of cancer treatment.   Clinical trials are taking place in many parts of the country. See the Treatment Options section that follows for links to current treatment clinical trials. These have been retrieved from NCI's listing of clinical trials.
                
                
                    Follow-up tests may be needed.
                    Some of the tests that were done to diagnose the cancer or to find out the stage of the cancer may be repeated. Some tests will be repeated in order to see how well the treatment is working. Decisions about whether to continue, change, or stop treatment may be based on the results of these tests.   Some of the tests will continue to be done from time to time after treatment has ended. The results of these tests can show if your condition has changed or if the cancer has recurred (come back). These tests are sometimes called follow-up tests or check-ups.
                
		        
		            Treatment Options by Stage
		            
		                
		                    Stage 0 (Melanoma in Situ)
		                    Treatment of stage 0 is usually surgery to remove the area of abnormal cells and a small amount of normal tissue around it.   Check the list of NCI-supported cancer clinical trials that are now accepting patients with stage 0 melanoma. For more specific results, refine the search by using other search features, such as the location of the trial, the type of treatment, or the name of the drug. Talk with your doctor about clinical trials that may be right for you. General information about clinical trials is available from the NCI website.
		                
		                
		                    Stage I Melanoma
		                    Treatment of stage I melanoma may include the following:          -  Surgery to remove the tumor and some of the normal tissue around it. Sometimes lymph node mapping and removal of lymph nodes is also done.     - A clinical trial of new ways to find cancer cells in the lymph nodes.        Check the list of NCI-supported cancer clinical trials that are now accepting patients with stage I melanoma. For more specific results, refine the search by using other search features, such as the location of the trial, the type of treatment, or the name of the drug. Talk with your doctor about clinical trials that may be right for you. General information about clinical trials is available from the NCI website.
		                
		                
		                    Stage II Melanoma
		                    Treatment of stage II melanoma may include the following:         -  Surgery to remove the tumor and some of the normal tissue around it. Sometimes lymph node mapping and sentinel lymph node biopsy are done to check for cancer in the lymph nodes at the same time as the surgery to remove the tumor. If cancer is found in the sentinel lymph node, more lymph nodes may be removed.    - Surgery followed by immunotherapy with interferon if there is a high risk that the cancer will come back.    - A clinical trial of new types of treatment to be used after surgery.        Check the list of NCI-supported cancer clinical trials that are now accepting patients with stage II melanoma. For more specific results, refine the search by using other search features, such as the location of the trial, the type of treatment, or the name of the drug. Talk with your doctor about clinical trials that may be right for you. General information about clinical trials is available from the NCI website.
		                
		                
		                    Stage III Melanoma That Can Be Removed By Surgery
		                    Treatment of stage III melanoma that can be removed by surgery may include the following:         - Surgery to remove the tumor and some of the normal tissue around it. Skin grafting may be done to cover the wound caused by surgery. Sometimes lymph node mapping and sentinel lymph node biopsy are done to check for cancer in the lymph nodes at the same time as the surgery to remove the tumor. If cancer is found in the sentinel lymph node, more lymph nodes may be removed.    - Surgery followed by immunotherapy with ipilimumab or interferon if there is a high risk that the cancer will come back.    - A clinical trial of immunotherapy or targeted therapy to be used after surgery.        Check the list of NCI-supported cancer clinical trials that are now accepting patients with stage III melanoma. For more specific results, refine the search by using other search features, such as the location of the trial, the type of treatment, or the name of the drug. Talk with your doctor about clinical trials that may be right for you. General information about clinical trials is available from the NCI website.
		                
		                
		                    Stage III Melanoma That Cannot Be Removed By Surgery, Stage IV Melanoma, and Recurrent Melanoma
		                    Treatment of stage III melanoma that cannot be removed by surgery, stage IV melanoma, and recurrent melanoma may include the following:         -  Immunotherapy with ipilimumab, pembrolizumab, nivolumab, or interleukin-2 (IL-2). Sometimes ipilimumab and nivolumab are given together.    -  Targeted therapy with vemurafenib, dabrafenib, trametinib, or cobimetinib. Sometimes vemurafenib and cobimetinib or dabrafenib and trametinib are given together.    -  Injections into the tumor, such as oncolytic virus therapy.    -  Chemotherapy.    -  Palliative therapy to relieve symptoms and improve the quality of life. This may include:               - Surgery to remove lymph nodes or tumors in the lung, gastrointestinal (GI) tract, bone, or brain.      -  Radiation therapy to the brain, spinal cord, or bone.                  Treatments that are being studied in clinical trials for stage III melanoma that cannot be removed by surgery, stage IV melanoma, and recurrent melanoma include the following:          - Immunotherapy alone or in combination with other therapies such as targeted therapy.    - Targeted therapy, such as signal transduction inhibitors, angiogenesis inhibitors, oncolytic virus therapy, or drugs that target certain gene mutations. These may be given alone or in combination.    - Surgery to remove all known cancer.    -  Regional chemotherapy (hyperthermic isolated limb perfusion). Some patients may also have immunotherapy with tumor necrosis factor.    -  Systemic chemotherapy.        Check the list of NCI-supported cancer clinical trials that are now accepting patients with stage IV melanoma and recurrent melanoma. For more specific results, refine the search by using other search features, such as the location of the trial, the type of treatment, or the name of the drug. Talk with your doctor about clinical trials that may be right for you. General information about clinical trials is available from the NCI website.",cancer,train,CancerQA.csv
what research (or clinical trials) is being done for Melanoma ?,"New types of treatment are being tested in clinical trials.
                    Information about clinical trials is available from the NCI website
                
                
                    Treatment for melanoma may cause side effects.
                    For information about side effects caused by treatment for cancer, see our Side Effects page.
                
                
                    Patients may want to think about taking part in a clinical trial.
                    For some patients, taking part in a clinical trial may be the best treatment choice. Clinical trials are part of the cancer research process. Clinical trials are done to find out if new cancer treatments are safe and effective or better than the standard treatment.   Many of today's standard treatments for cancer are based on earlier clinical trials. Patients who take part in a clinical trial may receive the standard treatment or be among the first to receive a new treatment.   Patients who take part in clinical trials also help improve the way cancer will be treated in the future. Even when clinical trials do not lead to effective new treatments, they often answer important questions and help move research forward.
                
                
                    Patients can enter clinical trials before, during, or after starting their cancer treatment.
                    Some clinical trials only include patients who have not yet received treatment. Other trials test treatments for patients whose cancer has not gotten better. There are also clinical trials that test new ways to stop cancer from recurring (coming back) or reduce the side effects of cancer treatment.   Clinical trials are taking place in many parts of the country. See the Treatment Options section that follows for links to current treatment clinical trials. These have been retrieved from NCI's listing of clinical trials.
                
                
                    Follow-up tests may be needed.
                    Some of the tests that were done to diagnose the cancer or to find out the stage of the cancer may be repeated. Some tests will be repeated in order to see how well the treatment is working. Decisions about whether to continue, change, or stop treatment may be based on the results of these tests.   Some of the tests will continue to be done from time to time after treatment has ended. The results of these tests can show if your condition has changed or if the cancer has recurred (come back). These tests are sometimes called follow-up tests or check-ups.",cancer,train,CancerQA.csv
What is (are) Colorectal Cancer ?,"Key Points
                    - Colorectal cancer is a disease in which malignant (cancer) cells form in the tissues of the colon or the rectum.     - Colorectal cancer is the second leading cause of death from cancer in the United States.     - Different factors increase or decrease the risk of getting colorectal cancer.
                
                
                    Colorectal cancer is a disease in which malignant (cancer) cells form in the tissues of the colon or the rectum.
                    The colon and rectum are parts of the body's digestive system. The digestive system removes and processes nutrients (vitamins, minerals, carbohydrates, fats, proteins, and water) from foods and helps pass waste material out of the body. The digestive system is made up of the mouth, throat, esophagus, stomach, and the small and large intestines. The colon (large bowel) is the first part of the large intestine and is about 5 feet long. Together, the rectum and anal canal make up the last part of the large intestine and are 6-8 inches long. The anal canal ends at the anus (the opening of the large intestine to the outside of the body).      Cancer that begins in the colon is called colon cancer, and cancer that begins in the rectum is called rectal cancer. Cancer that begins in either of these organs may also be called colorectal cancer.   See the following PDQ summaries for more information about colorectal cancer:         -   Colorectal Cancer Prevention     -  Colon Cancer Treatment     -  Rectal Cancer Treatment     -  Genetics of Colorectal Cancer
                
                
                    Colorectal cancer is the second leading cause of death from cancer in the United States.
                    The number of new colorectal cancer cases and the number of deaths from colorectal cancer are decreasing a little bit each year. But in adults younger than 50 years, there has been a small increase in the number of new cases each year since 1998. Colorectal cancer is found more often in men than in women.",cancer,train,CancerQA.csv
Who is at risk for Colorectal Cancer? ?,"Different factors increase or decrease the risk of getting colorectal cancer. Anything that increases your chance of getting a disease is called a risk factor. Anything that decreases your chance of getting a disease is called a protective factor.   For information about risk factors and protective factors for colorectal cancer, see the PDQ summary on Colorectal Cancer Prevention.",cancer,train,CancerQA.csv
What is (are) Merkel Cell Carcinoma ?,"Key Points
                    - Merkel cell carcinoma is a very rare disease in which malignant (cancer) cells form in the skin.    - Sun exposure and having a weak immune system can affect the risk of Merkel cell carcinoma.    - Merkel cell carcinoma usually appears as a single painless lump on sun-exposed skin.    - Tests and procedures that examine the skin are used to detect (find) and diagnose Merkel cell carcinoma.    - Certain factors affect prognosis (chance of recovery) and treatment options.
                
                
                    Merkel cell carcinoma is a very rare disease in which malignant (cancer) cells form in the skin.
                    Merkel cells are found in the top layer of the skin. These cells are very close to the nerve endings that receive the sensation of touch. Merkel cell carcinoma, also called neuroendocrine carcinoma of the skin or trabecular cancer, is a very rare type of skin cancer that forms when Merkel cells grow out of control. Merkel cell carcinoma starts most often in areas of skin exposed to the sun, especially the head and neck, as well as the arms, legs, and trunk.     Merkel cell carcinoma tends to grow quickly and to metastasize (spread) at an early stage. It usually spreads first to nearby lymph nodes and then may spread to lymph nodes or skin in distant parts of the body, lungs, brain, bones, or other organs.",cancer,train,CancerQA.csv
Who is at risk for Merkel Cell Carcinoma? ?,"un exposure and having a weak immune system can affect the risk of Merkel cell carcinoma. Anything that increases your risk of getting a disease is called a risk factor. Having a risk factor does not mean that you will get cancer; not having risk factors doesn't mean that you will not get cancer. Talk with your doctor if you think you may be at risk. Risk factors for Merkel cell carcinoma include the following:         - Being exposed to a lot of natural sunlight.    - Being exposed to artificial sunlight, such as from tanning beds or psoralen and ultraviolet A (PUVA) therapy for psoriasis.    -  Having an immune system weakened by disease, such as chronic lymphocytic leukemia or HIV infection.     - Taking drugs that make the immune system less active, such as after an organ transplant.    -  Having a history of other types of cancer.    - Being older than 50 years, male, or white.",cancer,train,CancerQA.csv
What are the symptoms of Merkel Cell Carcinoma ?,Merkel cell carcinoma usually appears as a single painless lump on sun-exposed skin. This and other changes in the skin may be caused by Merkel cell carcinoma or by other conditions. Check with your doctor if you see changes in your skin.   Merkel cell carcinoma usually appears on sun-exposed skin as a single lump that is:          - Fast-growing.     - Painless.    - Firm and dome-shaped or raised.    - Red or violet in color.,cancer,test,CancerQA.csv
How to diagnose Merkel Cell Carcinoma ?,"Tests and procedures that examine the skin are used to detect (find) and diagnose Merkel cell carcinoma. The following tests and procedures may be used:         -   Physical exam and history : An exam of the body to check general signs of health, including checking for signs of disease, such as lumps or anything else that seems unusual. A history of the patients health habits and past illnesses and treatments will also be taken.    -  Full-body skin exam: A doctor or nurse checks the skin for bumps or spots that look abnormal in color, size, shape, or texture. The size, shape, and texture of the lymph nodes will also be checked.    -  Skin biopsy : The removal of skin cells or tissues so they can be viewed under a microscope by a pathologist to check for signs of cancer.",cancer,train,CancerQA.csv
What is the outlook for Merkel Cell Carcinoma ?,Certain factors affect prognosis (chance of recovery) and treatment options. The prognosis (chance of recovery) and treatment options depend on the following:          - The stage of the cancer (the size of the tumor and whether it has spread to the lymph nodes or other parts of the body).    - Where the cancer is in the body.    - Whether the cancer has just been diagnosed or has recurred (come back).    - The patient's age and general health.        Prognosis also depends on how deeply the tumor has grown into the skin.,cancer,train,CancerQA.csv
What are the stages of Merkel Cell Carcinoma ?,"Key Points
                    - After Merkel cell carcinoma has been diagnosed, tests are done to find out if cancer cells have spread to other parts of the body.    - There are three ways that cancer spreads in the body.    - Cancer may spread from where it began to other parts of the body.    - The following stages are used for Merkel cell carcinoma:          - Stage 0 (carcinoma in situ)     - Stage IA     - Stage IB     - Stage IIA     - Stage IIB     - Stage IIC     - Stage IIIA     - Stage IIIB     - Stage IV
                
                
                    After Merkel cell carcinoma has been diagnosed, tests are done to find out if cancer cells have spread to other parts of the body.
                    The process used to find out if cancer has spread to other parts of the body is called staging. The information gathered from the staging process determines the stage of the disease. It is important to know the stage in order to plan treatment.    The following tests and procedures may be used in the staging process:         -   CT scan (CAT scan): A procedure that makes a series of detailed pictures of areas inside the body, taken from different angles. The pictures are made by a computer linked to an x-ray machine. A dye may be injected into a vein or swallowed to help the organs or tissues show up more clearly. A CT scan of the chest and abdomen may be used to check for primary small cell lung cancer, or to find Merkel cell carcinoma that has spread. A CT scan of the head and neck may also be used to find Merkel cell carcinoma that has spread to the lymph nodes. This procedure is also called computed tomography, computerized tomography, or computerized axial tomography.    -   MRI (magnetic resonance imaging): A procedure that uses a magnet, radio waves, and a computer to make a series of detailed pictures of areas inside the body. This procedure is also called nuclear magnetic resonance imaging (NMRI).    -   PET scan (positron emission tomography scan): A procedure to find malignant tumor cells in the body. A small amount of radioactive glucose (sugar) is injected into a vein. The PET scanner rotates around the body and makes a picture of where glucose is being used in the body. Malignant tumor cells show up brighter in the picture because they are more active and take up more glucose than normal cells do.    -  Lymph node biopsy : There are two main types of lymph node biopsy used to stage Merkel cell carcinoma.               -  Sentinel lymph node biopsy : The removal of the sentinel lymph node during surgery. The sentinel lymph node is the first lymph node to receive lymphatic drainage from a tumor. It is the first lymph node the cancer is likely to spread to from the tumor. A radioactive substance and/or blue dye is injected near the tumor. The substance or dye flows through the lymph ducts to the lymph nodes. The first lymph node to receive the substance or dye is removed. A pathologist views the tissue under a microscope to look for cancer cells. If cancer cells are not found, it may not be necessary to remove more lymph nodes.      -  Lymph node dissection : A surgical procedure in which the lymph nodes are removed and a sample of tissue is checked under a microscope for signs of cancer. For a regional lymph node dissection, some of the lymph nodes in the tumor area are removed. For a radical lymph node dissection, most or all of the lymph nodes in the tumor area are removed. This procedure is also called lymphadenectomy.             -   Immunohistochemistry : A test that uses antibodies to check for certain antigens in a sample of tissue. The antibody is usually linked to a radioactive substance or a dye that causes the tissue to light up under a microscope. This type of test may be used to tell the difference between different types of cancer.
                
                
                    There are three ways that cancer spreads in the body.
                    Cancer can spread through tissue, the lymph system, and the blood:         - Tissue. The cancer spreads from where it began by growing into nearby areas.     - Lymph system. The cancer spreads from where it began by getting into the lymph system. The cancer travels through the lymph vessels to other parts of the body.     - Blood. The cancer spreads from where it began by getting into the blood. The cancer travels through the blood vessels to other parts of the body.
                
                
                    Cancer may spread from where it began to other parts of the body.
                    When cancer spreads to another part of the body, it is called metastasis. Cancer cells break away from where they began (the primary tumor) and travel through the lymph system or blood.         - Lymph system. The cancer gets into the lymph system, travels through the lymph vessels, and forms a tumor (metastatic tumor) in another part of the body.    - Blood. The cancer gets into the blood, travels through the blood vessels, and forms a tumor (metastatic tumor) in another part of the body.        The metastatic tumor is the same type of cancer as the primary tumor. For example, if Merkel cell carcinoma spreads to the liver, the cancer cells in the liver are actually cancerous Merkel cells. The disease is metastatic Merkel cell carcinoma, not liver cancer.
                
                
                    The following stages are used for Merkel cell carcinoma:
                    Stage 0 (carcinoma in situ)    In stage 0, the tumor is a group of abnormal cells that remain in the place where they first formed and have not spread. These abnormal cells may become cancer and spread to lymph nodes or distant parts of the body.       Stage IA    In stage IA, the tumor is 2 centimeters or smaller at its widest point and no cancer is found when the lymph nodes are checked under a microscope.       Stage IB    In stage IB, the tumor is 2 centimeters or smaller at its widest point and no swollen lymph nodes are found by a physical exam or imaging tests.       Stage IIA    In stage IIA, the tumor is larger than 2 centimeters and no cancer is found when the lymph nodes are checked under a microscope.       Stage IIB    In stage IIB, the tumor is larger than 2 centimeters and no swollen lymph nodes are found by a physical exam or imaging tests.       Stage IIC    In stage IIC, the tumor may be any size and has spread to nearby bone, muscle, connective tissue, or cartilage. It has not spread to lymph nodes or distant parts of the body.       Stage IIIA    In stage IIIA, the tumor may be any size and may have spread to nearby bone, muscle, connective tissue, or cartilage. Cancer is found in the lymph nodes when they are checked under a microscope.       Stage IIIB    In stage IIIB, the tumor may be any size and may have spread to nearby bone, muscle, connective tissue, or cartilage. Cancer has spread to the lymph nodes near the tumor and is found by a physical exam or imaging test. The lymph nodes are removed and cancer is found in the lymph nodes when they are checked under a microscope. There may also be a second tumor, which is either:            - Between the primary tumor and nearby lymph nodes; or     - Farther away from the center of the body than the primary tumor is.              Stage IV    In stage IV, the tumor may be any size and has spread to distant parts of the body, such as the liver, lung, bone, or brain.",cancer,test,CancerQA.csv
What are the treatments for Merkel Cell Carcinoma ?,"Key Points
                    - There are different types of treatment for patients with Merkel cell carcinoma.    - Three types of standard treatment are used:         - Surgery     - Radiation therapy     - Chemotherapy        - New types of treatment are being tested in clinical trials.    - Treatment for Merkel cell carcinoma may cause side effects.    - Patients may want to think about taking part in a clinical trial.    - Patients can enter clinical trials before, during, or after starting their cancer treatment.    - Follow-up tests may be needed.
                
                
                    There are different types of treatment for patients with Merkel cell carcinoma.
                    Different types of treatments are available for patients with Merkel cell carcinoma. Some treatments are standard (the currently used treatment), and some are being tested in clinical trials. A treatment clinical trial is a research study meant to help improve current treatments or obtain information on new treatments for patients with cancer. When clinical trials show that a new treatment is better than the standard treatment, the new treatment may become the standard treatment. Patients may want to think about taking part in a clinical trial. Some clinical trials are open only to patients who have not started treatment.
                
                
                    Three types of standard treatment are used:
                    Surgery    One or more of the following surgical procedures may be used to treat Merkel cell carcinoma:            -  Wide local excision: The cancer is cut from the skin along with some of the tissue around it. A sentinel lymph node biopsy may be done during the wide local excision procedure. If there is cancer in the lymph nodes, a lymph node dissection also may be done.     - Lymph node dissection: A surgical procedure in which the lymph nodes are removed and a sample of tissue is checked under a microscope for signs of cancer. For a regional lymph node dissection, some of the lymph nodes in the tumor area are removed; for a radical lymph node dissection, most or all of the lymph nodes in the tumor area are removed. This procedure is also called lymphadenectomy.           Even if the doctor removes all the cancer that can be seen at the time of the surgery, some patients may be given chemotherapy or radiation therapy after surgery to kill any cancer cells that are left. Treatment given after the surgery, to lower the risk that the cancer will come back, is called adjuvant therapy.       Radiation therapy    Radiation therapy is a cancer treatment that uses high-energy x-rays or other types of radiation to kill cancer cells or keep them from growing. There are two types of radiation therapy:            -  External radiation therapy uses a machine outside the body to send radiation toward the cancer.     -  Internal radiation therapy uses a radioactive substance sealed in needles, seeds, wires, or catheters that are placed directly into or near the cancer.           The way the radiation therapy is given depends on the type and stage of the cancer being treated. External radiation therapy is used to treat Merkel cell carcinoma, and may also be used as palliative therapy to relieve symptoms and improve quality of life.       Chemotherapy    Chemotherapy is a cancer treatment that uses drugs to stop the growth of cancer cells, either by killing the cells or by stopping the cells from dividing. When chemotherapy is taken by mouth or injected into a vein or muscle, the drugs enter the bloodstream and can reach cancer cells throughout the body (systemic chemotherapy). When chemotherapy is placed directly into the cerebrospinal fluid, an organ, or a body cavity such as the abdomen, the drugs mainly affect cancer cells in those areas (regional chemotherapy). The way the chemotherapy is given depends on the type and stage of the cancer being treated.
                
                
                    New types of treatment are being tested in clinical trials.
                    
                
                
                    Treatment for Merkel cell carcinoma may cause side effects.
                    For information about side effects caused by treatment for cancer, see our Side Effects page.
                
                
                    Patients may want to think about taking part in a clinical trial.
                    For some patients, taking part in a clinical trial may be the best treatment choice. Clinical trials are part of the cancer research process. Clinical trials are done to find out if new cancer treatments are safe and effective or better than the standard treatment.   Many of today's standard treatments for cancer are based on earlier clinical trials. Patients who take part in a clinical trial may receive the standard treatment or be among the first to receive a new treatment.   Patients who take part in clinical trials also help improve the way cancer will be treated in the future. Even when clinical trials do not lead to effective new treatments, they often answer important questions and help move research forward.
                
                
                    Patients can enter clinical trials before, during, or after starting their cancer treatment.
                    Some clinical trials only include patients who have not yet received treatment. Other trials test treatments for patients whose cancer has not gotten better. There are also clinical trials that test new ways to stop cancer from recurring (coming back) or reduce the side effects of cancer treatment.   Clinical trials are taking place in many parts of the country. See the Treatment Options section that follows for links to current treatment clinical trials. These have been retrieved from NCI's listing of clinical trials.
                
                
                    Follow-up tests may be needed.
                    Some of the tests that were done to diagnose the cancer or to find out the stage of the cancer may be repeated. Some tests will be repeated in order to see how well the treatment is working. Decisions about whether to continue, change, or stop treatment may be based on the results of these tests.   Some of the tests will continue to be done from time to time after treatment has ended. The results of these tests can show if your condition has changed or if the cancer has recurred (come back). These tests are sometimes called follow-up tests or check-ups.
                
		        
		            Treatment Options by Stage
		            
		                
		                    Stage I and Stage II Merkel Cell Carcinoma
		                    Treatment of stage I and stage II Merkel cell carcinoma may include the following:         -  Surgery to remove the tumor, such as wide local excision with or without lymph node dissection.    -  Radiation therapy after surgery.    - A clinical trial of a new treatment.        Check the list of NCI-supported cancer clinical trials that are now accepting patients with stage I neuroendocrine carcinoma of the skin and stage II neuroendocrine carcinoma of the skin. For more specific results, refine the search by using other search features, such as the location of the trial, the type of treatment, or the name of the drug. Talk with your doctor about clinical trials that may be right for you. General information about clinical trials is available from the NCI website.
		                
		                
		                    Stage III Merkel Cell Carcinoma
		                    Treatment of stage III Merkel cell carcinoma may include the following:         -  Wide local excision with or without lymph node dissection.    -  Radiation therapy.    - A clinical trial of chemotherapy.        Check the list of NCI-supported cancer clinical trials that are now accepting patients with stage III neuroendocrine carcinoma of the skin. For more specific results, refine the search by using other search features, such as the location of the trial, the type of treatment, or the name of the drug. Talk with your doctor about clinical trials that may be right for you. General information about clinical trials is available from the NCI website.
		                
		                
		                    Stage IV Merkel Cell Carcinoma
		                    Treatment of stage IV Merkel cell carcinoma may include the following as palliative treatment to relieve symptoms and improve quality of life:         -  Chemotherapy.    -  Surgery.    -  Radiation therapy.    - A clinical trial of a new treatment.        Check the list of NCI-supported cancer clinical trials that are now accepting patients with stage IV neuroendocrine carcinoma of the skin. For more specific results, refine the search by using other search features, such as the location of the trial, the type of treatment, or the name of the drug. Talk with your doctor about clinical trials that may be right for you. General information about clinical trials is available from the NCI website.",cancer,train,CancerQA.csv
what research (or clinical trials) is being done for Merkel Cell Carcinoma ?,"New types of treatment are being tested in clinical trials.
                    
                
                
                    Patients may want to think about taking part in a clinical trial.
                    For some patients, taking part in a clinical trial may be the best treatment choice. Clinical trials are part of the cancer research process. Clinical trials are done to find out if new cancer treatments are safe and effective or better than the standard treatment.   Many of today's standard treatments for cancer are based on earlier clinical trials. Patients who take part in a clinical trial may receive the standard treatment or be among the first to receive a new treatment.   Patients who take part in clinical trials also help improve the way cancer will be treated in the future. Even when clinical trials do not lead to effective new treatments, they often answer important questions and help move research forward.
                
                
                    Patients can enter clinical trials before, during, or after starting their cancer treatment.
                    Some clinical trials only include patients who have not yet received treatment. Other trials test treatments for patients whose cancer has not gotten better. There are also clinical trials that test new ways to stop cancer from recurring (coming back) or reduce the side effects of cancer treatment.   Clinical trials are taking place in many parts of the country. See the Treatment Options section that follows for links to current treatment clinical trials. These have been retrieved from NCI's listing of clinical trials.",cancer,train,CancerQA.csv
What is (are) Childhood Ependymoma ?,"Key Points
                    - Childhood ependymoma is a disease in which malignant (cancer) cells form in the tissues of the brain and spinal cord.    - There are different types of ependymomas.    - The part of the brain that is affected depends on where the ependymoma forms.    - The cause of most childhood brain tumors is unknown.    - The signs and symptoms of childhood ependymoma are not the same in every child.    - Tests that examine the brain and spinal cord are used to detect (find) childhood ependymoma.    - Childhood ependymoma is diagnosed and removed in surgery.    - Certain factors affect prognosis (chance of recovery) and treatment options.
                
                
                    Childhood ependymoma is a disease in which malignant (cancer) cells form in the tissues of the brain and spinal cord.
                    The brain controls vital functions such as memory and learning, emotion, and the senses (hearing, sight, smell, taste, and touch). The spinal cord is made up of bundles of nerve fibers that connect the brain with nerves in most parts of the body.    Ependymomas form from ependymal cells that line the ventricles and passageways in the brain and the spinal cord. Ependymal cells make cerebrospinal fluid (CSF).    This summary is about the treatment of primary brain tumors (tumors that begin in the brain). Treatment of metastatic brain tumors, which are tumors that begin in other parts of the body and spread to the brain, is not discussed in this summary.    There are many different types of brain tumors. Brain tumors can occur in both children and adults. However, treatment for children is different than treatment for adults. See the following PDQ summaries for more information:         -  Childhood Brain and Spinal Cord Tumors Treatment Overview     -  Adult Central Nervous System Tumors Treatment
                
                
                    There are different types of ependymomas.
                    The World Health Organization (WHO) groups ependymal tumors into five main subtypes:         - Subependymoma (WHO Grade I).    - Myxopapillary ependymoma (WHO Grade I).    - Ependymoma (WHO Grade II).    -  RELA fusionpositive ependymoma (WHO Grade II or Grade III with change in the RELA gene).    - Anaplastic ependymoma (WHO Grade III).        The grade of a tumor describes how abnormal the cancer cells look under a microscope and how quickly the tumor is likely to grow and spread. Low-grade (Grade I) cancer cells look more like normal cells than high-grade cancer cells (Grade II and III). They also tend to grow and spread more slowly than Grade II and III cancer cells.
                
                
                    The part of the brain that is affected depends on where the ependymoma forms.
                    Ependymomas can form anywhere in the fluid -filled ventricles and passageways in the brain and spinal cord. Most ependymomas form in the fourth ventricle and affect the cerebellum and the brain stem.      Once an ependymoma forms, areas of the brain that may be affected include:          -  Cerebrum: The largest part of the brain, at the top of the head. The cerebrum controls thinking, learning, problem-solving, speech, emotions, reading, writing, and voluntary movement.     -  Cerebellum: The lower, back part of the brain (near the middle of the back of the head). The cerebellum controls movement, balance, and posture.     -  Brain stem: The part that connects the brain to the spinal cord, in the lowest part of the brain (just above the back of the neck). The brain stem controls breathing, heart rate, and the nerves and muscles used in seeing, hearing, walking, talking, and eating.    -  Spinal cord: The column of nerve tissue that runs from the brain stem down the center of the back. It is covered by three thin layers of tissue called membranes. The spinal cord and membranes are surrounded by the vertebrae (back bones). Spinal cord nerves carry messages between the brain and the rest of the body, such as a message from the brain to cause muscles to move or a message from the skin to the brain to feel touch.",cancer,train,CancerQA.csv
What causes Childhood Ependymoma ?,The cause of most childhood brain tumors is unknown.,cancer,train,CancerQA.csv
What are the symptoms of Childhood Ependymoma ?,The signs and symptoms of childhood ependymoma are not the same in every child. Signs and symptoms depend on the following:         - The child's age.    - Where the tumor has formed.        Signs and symptoms may be caused by childhood ependymoma or by other conditions. Check with your child's doctor if your child has any of the following:         - Frequent headaches.    -  Seizures.    - Nausea and vomiting.    - Pain or stiffness in the neck.    - Loss of balance or trouble walking.    - Weakness in the legs.    - Blurry vision.    - Back pain.    - A change in bowel function.    - Trouble urinating.    -  Confusion or irritability.,cancer,train,CancerQA.csv
How to diagnose Childhood Ependymoma ?,"Tests that examine the brain and spinal cord are used to detect (find) childhood ependymoma. The following tests and procedures may be used:         -   Physical exam and history : An exam of the body to check general signs of health, including checking for signs of disease, such as lumps or anything else that seems unusual. A history of the patients health habits and past illnesses and treatments will also be taken.    -   Neurological exam : A series of questions and tests to check the brain, spinal cord, and nerve function. The exam checks a persons mental status, coordination, and ability to walk normally, and how well the muscles, senses, and reflexes work. This may also be called a neuro exam or a neurologic exam.    -   MRI (magnetic resonance imaging) with gadolinium : A procedure that uses a magnet, radio waves, and a computer to make a series of detailed pictures of areas inside the brain and spinal cord. A substance called gadolinium is injected into a vein and travels through the bloodstream. The gadolinium collects around the cancer cells so they show up brighter in the picture. This procedure is also called nuclear magnetic resonance imaging (NMRI).    -   Lumbar puncture : A procedure used to collect cerebrospinal fluid (CSF) from the spinal column. This is done by placing a needle between two bones in the spine and into the CSF around the spinal cord and removing a sample of fluid. The sample of CSF is checked under a microscope for signs of tumor cells. The sample may also be checked for the amounts of protein and glucose. A higher than normal amount of protein or lower than normal amount of glucose may be a sign of a tumor. This procedure is also called an LP or spinal tap.
                    Childhood ependymoma is diagnosed and removed in surgery. If the diagnostic tests show there may be a brain tumor, a biopsy is done by removing part of the skull and using a needle to remove a sample of the brain tissue. A pathologist views the tissue under a microscope to look for cancer cells. If cancer cells are found, the doctor will remove as much tumor as safely possible during the same surgery.     The following test may be done on the tissue that was removed:         -   Immunohistochemistry : A test that uses antibodies to check for certain antigens in a sample of tissue. The antibody is usually linked to a radioactive substance or a dye that causes the tissue to light up under a microscope. This type of test may be used to tell the difference between brain stem glioma and other brain tumors.         An MRI is often done after the tumor is removed to find out whether any tumor remains.",cancer,test,CancerQA.csv
What is the outlook for Childhood Ependymoma ?,Certain factors affect prognosis (chance of recovery) and treatment options. The prognosis (chance of recovery) and treatment options depend on:         - Where the tumor has formed in the central nervous system (CNS).    - Whether there are certain changes in the genes or chromosomes.    - Whether any cancer cells remain after surgery to remove the tumor.     - The type of ependymoma.     - The age of the child when the tumor is diagnosed.     - Whether the cancer has spread to other parts of the brain or spinal cord.     - Whether the tumor has just been diagnosed or has recurred (come back).         Prognosis also depends on the type and dose of radiation therapy that is given.,cancer,test,CancerQA.csv
what research (or clinical trials) is being done for Childhood Ependymoma ?,"New types of treatment are being tested in clinical trials.
                    Information about clinical trials is available from the NCI website.
                
                
                    Patients may want to think about taking part in a clinical trial.
                    For some patients, taking part in a clinical trial may be the best treatment choice. Clinical trials are part of the cancer research process. Clinical trials are done to find out if new cancer treatments are safe and effective or better than the standard treatment.   Many of today's standard treatments for cancer are based on earlier clinical trials. Patients who take part in a clinical trial may receive the standard treatment or be among the first to receive a new treatment.   Patients who take part in clinical trials also help improve the way cancer will be treated in the future. Even when clinical trials do not lead to effective new treatments, they often answer important questions and help move research forward.
                  
                 
                    Patients can enter clinical trials before, during, or after starting their cancer treatment.
                    Some clinical trials only include patients who have not yet received treatment. Other trials test treatments for patients whose cancer has not gotten better. There are also clinical trials that test new ways to stop cancer from recurring (coming back) or reduce the side effects of cancer treatment.   Clinical trials are taking place in many parts of the country. See the Treatment Options section that follows for links to current treatment clinical trials. These have been retrieved from NCI's listing of clinical trials.",cancer,train,CancerQA.csv
What are the stages of Childhood Ependymoma ?,"Key Points
                    - The area where the tumor is found and the childs age are used in place of a staging system to plan cancer treatment.    - The information from tests and procedures done to detect (find) childhood ependymoma is used to plan cancer treatment.
                
                
                    The area where the tumor is found and the childs age are used in place of a staging system to plan cancer treatment.
                    Staging is the process used to find out how much cancer there is and if cancer has spread. There is no standard staging system for childhood ependymoma. Treatment is based on where the cancer is in the body and the age of the child.
                
                
                    The information from tests and procedures done to detect (find) childhood ependymoma is used to plan cancer treatment.
                    Some of the tests used to detect childhood ependymoma are repeated after the tumor is removed by surgery. (See the General Information section.) This is to find out how much tumor remains after surgery.",cancer,train,CancerQA.csv
What are the treatments for Childhood Ependymoma ?,"Key Points
                    - There are different types of treatment for children with ependymoma.     - Children with ependymoma should have their treatment planned by a team of health care providers who are experts in treating childhood brain tumors.    - Childhood brain and spinal cord tumors may cause signs or symptoms that begin before the cancer is diagnosed and continue for months or years.    - Some cancer treatments cause side effects months or years after treatment has ended.    - Four types of standard treatment are used:         - Surgery      - Radiation therapy      - Chemotherapy      - Observation        - New types of treatment are being tested in clinical trials.     - Patients may want to think about taking part in a clinical trial.    - Patients can enter clinical trials before, during, or after starting their cancer treatment.    - Follow-up tests may be needed.
                
                
                    There are different types of treatment for children with ependymoma.
                    Different types of treatment are available for children with ependymoma. Some treatments are standard (the currently used treatment), and some are being tested in clinical trials. A treatment clinical trial is a research study meant to help improve current treatments or obtain information on new treatments for patients with cancer. When clinical trials show that a new treatment is better than the standard treatment, the new treatment may become the standard treatment.   Because cancer in children is rare, taking part in a clinical trial should be considered. Some clinical trials are open only to patients who have not started treatment.
                
                
                    Children with ependymoma should have their treatment planned by a team of health care providers who are experts in treating childhood brain tumors.
                    Treatment will be overseen by a pediatric oncologist, a doctor who specializes in treating children with cancer. The pediatric oncologist works with other pediatric health care providers who are experts in treating children with brain tumors and who specialize in certain areas of medicine. These may include the following specialists:         - Pediatric neurosurgeon.    -  Neurologist.    -  Neuropathologist.    -  Neuroradiologist.    -  Pediatrician.    -  Rehabilitation specialist.    -  Radiation oncologist.    -  Medical oncologist.    -  Endocrinologist.    -  Psychologist.
                
                
                    Childhood brain and spinal cord tumors may cause signs or symptoms that begin before the cancer is diagnosed and continue for months or years.
                    Childhood brain and spinal cord tumors may cause signs or symptoms that continue for months or years. Signs or symptoms caused by the tumor may begin before diagnosis. Signs or symptoms caused by treatment may begin during or right after treatment.
                
                
                    Some cancer treatments cause side effects months or years after treatment has ended.
                    These are called late effects. Late effects of cancer treatment may include the following:         - Physical problems.    - Changes in mood, feelings, thinking, learning, or memory.    -  Second cancers (new types of cancer).        Some late effects may be treated or controlled. It is important to talk with your child's doctors about the effects cancer treatment can have on your child. (See the PDQ summary on Late Effects of Treatment for Childhood Cancer for more information).
                
                
                    Four types of standard treatment are used:
                    Surgery     If the results of diagnostic tests show there may be a brain tumor, a biopsy is done by removing part of the skull and using a needle to remove a sample of the brain tissue. A pathologist views the tissue under a microscope to check for cancer cells. If cancer cells are found, the doctor will remove as much tumor as safely possible during the same surgery.        An MRI is often done after the tumor is removed to find out whether any tumor remains. If tumor remains, a second surgery to remove as much of the remaining tumor as possible may be done.    Even if the doctor removes all the cancer that can be seen at the time of the surgery, some patients may be given chemotherapy or radiation therapy after surgery to kill any cancer cells that are left. Treatment to lower the risk that the cancer will come back after surgery is called adjuvant therapy.        Radiation therapy     Radiation therapy is a cancer treatment that uses high-energy x-rays or other types of radiation to kill cancer cells or keep them from growing. There are two types of radiation therapy:             -  External radiation therapy uses a machine outside the body to send radiation toward the cancer. Certain ways of giving radiation therapy can help keep radiation from damaging nearby healthy tissue. These types of radiation therapy include the following:                  -  Conformal radiation therapy: Conformal radiation therapy is a type of external radiation therapy that uses a computer to make a 3-dimensional (3-D) picture of the tumor and shapes the radiation beams to fit the tumor.       -  Intensity-modulated radiation therapy (IMRT): IMRT is a type of 3-dimensional (3-D) radiation therapy that uses a computer to make pictures of the size and shape of the tumor. Thin beams of radiation of different intensities (strengths) are aimed at the tumor from many angles.       -  Proton-beam radiation therapy: Proton-beam therapy is a type of high-energy, external radiation therapy. A radiation therapy machine aims streams of protons (tiny, invisible, positively-charged particles) at the cancer cells to kill them.       -  Stereotactic radiosurgery: Stereotactic radiosurgery is a type of external radiation therapy. A rigid head frame is attached to the skull to keep the head still during the radiation treatment. A machine aims a single large dose of radiation directly at the tumor. This procedure does not involve surgery. It is also called stereotaxic radiosurgery, radiosurgery, and radiation surgery.                -  Internal radiation therapy uses a radioactive substance sealed in needles, seeds, wires, or catheters that are placed directly into or near the cancer.           The way the radiation therapy is given depends on the type of cancer being treated. External radiation therapy is used to treat childhood ependymoma.     Children younger than 3 years who receive radiation therapy to the brain have a higher risk of problems with growth and development than older children. 3-D conformal radiation therapy and proton-beam therapy are being studied in children younger than 3 years to see if the effects of radiation on growth and development are lessened.       Chemotherapy     Chemotherapy is a cancer treatment that uses drugs to stop the growth of cancer cells, either by killing the cells or by stopping them from dividing. When chemotherapy is taken by mouth or injected into a vein or muscle, the drugs enter the bloodstream and can reach cancer cells throughout the body (systemic chemotherapy). When chemotherapy is placed directly into the cerebrospinal fluid, an organ, or a body cavity such as the abdomen, the drugs mainly affect cancer cells in those areas (regional chemotherapy). The way the chemotherapy is given depends on the type of cancer being treated.       Observation     Observation is closely monitoring a patients condition without giving any treatment until signs or symptoms appear or change. Observation may be used to treat a child with a subependymoma who has no symptoms and whose tumor is found while treating another condition.
                
                
                    New types of treatment are being tested in clinical trials.
                    Information about clinical trials is available from the NCI website.
                
                
                    Patients may want to think about taking part in a clinical trial.
                    For some patients, taking part in a clinical trial may be the best treatment choice. Clinical trials are part of the cancer research process. Clinical trials are done to find out if new cancer treatments are safe and effective or better than the standard treatment.   Many of today's standard treatments for cancer are based on earlier clinical trials. Patients who take part in a clinical trial may receive the standard treatment or be among the first to receive a new treatment.   Patients who take part in clinical trials also help improve the way cancer will be treated in the future. Even when clinical trials do not lead to effective new treatments, they often answer important questions and help move research forward.
                  
                 
                    Patients can enter clinical trials before, during, or after starting their cancer treatment.
                    Some clinical trials only include patients who have not yet received treatment. Other trials test treatments for patients whose cancer has not gotten better. There are also clinical trials that test new ways to stop cancer from recurring (coming back) or reduce the side effects of cancer treatment.   Clinical trials are taking place in many parts of the country. See the Treatment Options section that follows for links to current treatment clinical trials. These have been retrieved from NCI's listing of clinical trials.
                 
                 
                    Follow-up tests may be needed.
                    Some of the tests that were done to diagnose the cancer or to find out the stage of the cancer may be repeated. Some tests will be repeated in order to see how well the treatment is working. Decisions about whether to continue, change, or stop treatment may be based on the results of these tests.   Some of the tests will continue to be done from time to time after treatment has ended. The results of these tests can show if your child's condition has changed or if the cancer has recurred (come back). These tests are sometimes called follow-up tests or check-ups.   Follow-up tests for childhood ependymoma include an MRI (magnetic resonance imaging) of the brain and spinal cord every 3 months for the first 1 or 2 years after treatment. After 2 years, MRIs may be done every 6 months for the next 3 years.
                 
                 
						            Treatment Options for Childhood Ependymoma
						            
						                
						                    Newly Diagnosed Childhood Ependymoma
						                    A child with a newly diagnosed ependymoma has not had treatment for the tumor. The child may have had treatment to relieve signs or symptoms caused by the tumor.     Subependymoma    Treatment of newly diagnosed subependymoma (WHO Grade I) is:            -  Surgery.     -  Observation (rarely).              Myxopapillary ependymoma    Treatment of newly diagnosed myxopapillary ependymoma (WHO Grade I) is:            -  Surgery with or without radiation therapy.              Childhood ependymoma, anaplastic ependymoma, or RELA fusionpositive ependymoma    Treatment of newly diagnosed childhood ependymoma (WHO Grade II), anaplastic ependymoma (WHO Grade III), or RELA fusionpositive ependymoma (WHO Grade II or Grade III) is:            -  Surgery.           After surgery, the plan for further treatment depends on the following:            - Whether any cancer cells remain after surgery.     - Whether the cancer has spread to other parts of the brain or spinal cord.     - The age of the child.           When the tumor is completely removed and cancer cells have not spread, treatment may include the following:            -  Radiation therapy.     - A clinical trial of radiation therapy followed by chemotherapy.     - A clinical trial of observation for patients whose tumor is completely removed or who have no sign of cancer after chemotherapy.           When part of the tumor remains after surgery, but cancer cells have not spread, treatment may include the following:            - A second surgery to remove as much of the remaining tumor as possible.     - Radiation therapy.     - Chemotherapy followed by radiation therapy.     - A clinical trial of chemotherapy given before and after radiation therapy.           When cancer cells have spread within the brain and spinal cord, treatment may include the following:            - Radiation therapy to the brain and spinal cord.           Treatment for children younger than 3 years of age may include the following:            - Chemotherapy.     - Radiation therapy.     - A clinical trial of 3-dimensional (3-D) conformal radiation therapy or proton-beam radiation therapy.            Check the list of NCI-supported cancer clinical trials that are now accepting patients with newly diagnosed childhood ependymoma. For more specific results, refine the search by using other search features, such as the location of the trial, the type of treatment, or the name of the drug. Talk with your child's doctor about clinical trials that may be right for your child. General information about clinical trials is available from the NCI website.
						                
						                
						                    Recurrent Childhood Ependymoma
						                    Treatment of recurrent childhood ependymoma may include the following:         -  Surgery.     -  Radiation therapy, which may include stereotactic radiosurgery, intensity-modulated radiation therapy, or proton-beam radiation therapy.    -  Chemotherapy.    - A clinical trial of a new treatment.        Check the list of NCI-supported cancer clinical trials that are now accepting patients with recurrent childhood ependymoma. For more specific results, refine the search by using other search features, such as the location of the trial, the type of treatment, or the name of the drug. Talk with your child's doctor about clinical trials that may be right for your child. General information about clinical trials is available from the NCI website.",cancer,train,CancerQA.csv
What is (are) Intraocular (Uveal) Melanoma ?,"Key Points
                    - Intraocular melanoma is a disease in which malignant (cancer) cells form in the tissues of the eye.    - Being older and having fair skin may increase the risk of intraocular melanoma.    - Signs of intraocular melanoma include blurred vision or a dark spot on the iris.     - Tests that examine the eye are used to help detect (find) and diagnose intraocular melanoma.    - A biopsy of the tumor is rarely needed to diagnose intraocular melanoma.    - Certain factors affect prognosis (chance of recovery) and treatment options.
                
                
                    Intraocular melanoma is a disease in which malignant (cancer) cells form in the tissues of the eye.
                    Intraocular melanoma begins in the middle of three layers of the wall of the eye. The outer layer includes the white sclera (the ""white of the eye"") and the clear cornea at the front of the eye. The inner layer has a lining of nerve tissue, called the retina, which senses light and sends images along the optic nerve to the brain.   The middle layer, where intraocular melanoma forms, is called the uvea or uveal tract, and has three main parts:         -  Iris  The iris is the colored area at the front of the eye (the ""eye color""). It can be seen through the clear cornea. The pupil is in the center of the iris and it changes size to let more or less light into the eye. Intraocular melanoma of the iris is usually a small tumor that grows slowly and rarely spreads to other parts of the body.    -  Ciliary body  The ciliary body is a ring of tissue with muscle fibers that change the size of the pupil and the shape of the lens. It is found behind the iris. Changes in the shape of the lens help the eye focus. The ciliary body also makes the clear fluid that fills the space between the cornea and the iris. Intraocular melanoma of the ciliary body is often larger and more likely to spread to other parts of the body than intraocular melanoma of the iris.      -  Choroid  The choroid is a layer of blood vessels that bring oxygen and nutrients to the eye. Most intraocular melanomas begin in the choroid. Intraocular melanoma of the choroid is often larger and more likely to spread to other parts of the body than intraocular melanoma of the iris.          Intraocular melanoma is a rare cancer that forms from cells that make melanin in the iris, ciliary body, and choroid. It is the most common eye cancer in adults.",cancer,train,CancerQA.csv
Who is at risk for Intraocular (Uveal) Melanoma? ?,"Being older and having fair skin may increase the risk of intraocular melanoma. Anything that increases your risk of getting a disease is called a risk factor. Having a risk factor does not mean that you will get cancer; not having risk factors doesnt mean that you will not get cancer. Talk with your doctor if you think you may be at risk.    Risk factors for intraocular melanoma include the following:         - Having a fair complexion, which includes the following:                - Fair skin that freckles and burns easily, does not tan, or tans poorly.      - Blue or green or other light-colored eyes.             - Older age.    - Being white.",cancer,train,CancerQA.csv
What are the symptoms of Intraocular (Uveal) Melanoma ?,Signs of intraocular melanoma include blurred vision or a dark spot on the iris. Intraocular melanoma may not cause early signs or symptoms. It is sometimes found during a regular eye exam when the doctor dilates the pupil and looks into the eye. Signs and symptoms may be caused by intraocular melanoma or by other conditions. Check with your doctor if you have any of the following:         - Blurred vision or other change in vision.    - Floaters (spots that drift in your field of vision) or flashes of light.    - A dark spot on the iris.    - A change in the size or shape of the pupil.    - A change in the position of the eyeball in the eye socket.,cancer,train,CancerQA.csv
How to diagnose Intraocular (Uveal) Melanoma ?,"Tests that examine the eye are used to help detect (find) and diagnose intraocular melanoma.
                    The following tests and procedures may be used:         -   Physical exam and history : An exam of the body to check general signs of health, including checking for signs of disease, such as lumps or anything else that seems unusual. A history of the patients health habits and past illnesses and treatments will also be taken.    -  Eye exam with dilated pupil: An exam of the eye in which the pupil is dilated (enlarged) with medicated eye drops to allow the doctor to look through the lens and pupil to the retina. The inside of the eye, including the retina and the optic nerve, is checked. Pictures may be taken over time to keep track of changes in the size of the tumor. There are several types of eye exams:               -  Ophthalmoscopy : An exam of the inside of the back of the eye to check the retina and optic nerve using a small magnifying lens and a light.      -  Slit-lamp biomicroscopy : An exam of the inside of the eye to check the retina, optic nerve, and other parts of the eye using a strong beam of light and a microscope.      -  Gonioscopy : An exam of the front part of the eye between the cornea and iris. A special instrument is used to see if the area where fluid drains out of the eye is blocked.             -   Ultrasound exam of the eye: A procedure in which high-energy sound waves (ultrasound) are bounced off the internal tissues of the eye to make echoes. Eye drops are used to numb the eye and a small probe that sends and receives sound waves is placed gently on the surface of the eye. The echoes make a picture of the inside of the eye and the distance from the cornea to the retina is measured. The picture, called a sonogram, shows on the screen of the ultrasound monitor.     -  High-resolution ultrasound biomicroscopy : A procedure in which high-energy sound waves (ultrasound) are bounced off the internal tissues of the eye to make echoes. Eye drops are used to numb the eye and a small probe that sends and receives sound waves is placed gently on the surface of the eye. The echoes make a more detailed picture of the inside of the eye than a regular ultrasound. The tumor is checked for its size, shape, and thickness, and for signs that the tumor has spread to nearby tissue.    -  Transillumination of the globe and iris: An exam of the iris, cornea, lens, and ciliary body with a light placed on either the upper or lower lid.    -  Fluorescein angiography : A procedure to look at blood vessels and the flow of blood inside the eye. An orange fluorescent dye (fluorescein) is injected into a blood vessel in the arm and goes into the bloodstream. As the dye travels through blood vessels of the eye, a special camera takes pictures of the retina and choroid to find any areas that are blocked or leaking.     -  Indocyanine green angiography: A procedure to look at blood vessels in the choroid layer of the eye. A green dye (indocyanine green) is injected into a blood vessel in the arm and goes into the bloodstream. As the dye travels through blood vessels of the eye, a special camera takes pictures of the retina and choroid to find any areas that are blocked or leaking.     -  Ocular coherence tomography : An imaging test that uses light waves to take cross-section pictures of the retina, and sometimes the choroid, to see if there is swelling or fluid beneath the retina.
                
                
                    A biopsy of the tumor is rarely needed to diagnose intraocular melanoma.
                    A biopsy is the removal of cells or tissues so they can be viewed under a microscope to check for signs of cancer. Rarely, a biopsy of the tumor is needed to diagnose intraocular melanoma. Tissue that is removed during a biopsy or surgery to remove the tumor may be tested to get more information about prognosis and which treatment options are best.    The following tests may be done on the sample of tissue:         -   Cytogenetic analysis: A laboratory test in which cells in a sample of tissue are viewed under a microscope to look for certain changes in the chromosomes.    -   Gene expression profiling : A laboratory test in which cells in a sample of tissue are checked for certain types of RNA.        A biopsy may result in retinal detachment (the retina separates from other tissues in the eye). This can be repaired by surgery.",cancer,train,CancerQA.csv
What is the outlook for Intraocular (Uveal) Melanoma ?,"Certain factors affect prognosis (chance of recovery) and treatment options. The prognosis (chance of recovery) and treatment options depend on the following:          - How the melanoma cells look under a microscope.    - The size and thickness of the tumor.    - The part of the eye the tumor is in (the iris, ciliary body, or choroid).    - Whether the tumor has spread within the eye or to other places in the body.    - Whether there are certain changes in the genes linked to intraocular melanoma.    - The patient's age and general health.    - Whether the tumor has recurred (come back) after treatment.",cancer,train,CancerQA.csv
What are the stages of Intraocular (Uveal) Melanoma ?,"Key Points
                    - After intraocular melanoma has been diagnosed, tests are done to find out if cancer cells have spread to other parts of the body.     - The following sizes are used to describe intraocular melanoma:          - Small     - Medium     - Large        - There are three ways that cancer spreads in the body.    - Cancer may spread from where it began to other parts of the body.    - There are two staging systems for intraocular melanoma.    - The following stages are used for intraocular melanoma of the iris:         - Stage I     - Stage II     - Stage III     - Stage IV        - The following stages are used for intraocular melanoma of the ciliary body and choroid:         - Stage I     - Stage II     - Stage III     - Stage IV
                
                
                    After intraocular melanoma has been diagnosed, tests are done to find out if cancer cells have spread to other parts of the body.
                    The process used to find out if cancer has spread to other parts of the body is called staging. The information gathered from the staging process determines the stage of the disease. It is important to know the stage in order to plan treatment.    The following tests and procedures may be used in the staging process:         -   Blood chemistry studies : A procedure in which a blood sample is checked to measure the amounts of certain substances released into the blood by organs and tissues in the body. An unusual (higher or lower than normal) amount of a substance can be a sign of disease.     -   Liver function tests : A procedure in which a blood sample is checked to measure the amounts of certain substances released into the blood by the liver. A higher than normal amount of a substance can be a sign the cancer has spread to the liver.    -   Ultrasound exam: A procedure in which high-energy sound waves (ultrasound) are bounced off internal tissues or organs, such as the liver, and make echoes. The echoes form a picture of body tissues called a sonogram.    -   Chest x-ray : An x-ray of the organs and bones inside the chest. An x-ray is a type of energy beam that can go through the body and onto film, making a picture of areas inside the body.    -   MRI (magnetic resonance imaging): A procedure that uses a magnet, radio waves, and a computer to make a series of detailed pictures of areas inside the body. This procedure is also called nuclear magnetic resonance imaging (NMRI).    -   CT scan (CAT scan): A procedure that makes a series of detailed pictures of areas inside the body, such as the chest, abdomen, or pelvis, taken from different angles. The pictures are made by a computer linked to an x-ray machine. A dye may be injected into a vein or swallowed to help the organs or tissues show up more clearly. This procedure is also called computed tomography, computerized tomography, or computerized axial tomography.    -   PET scan (positron emission tomography scan): A procedure to find malignant tumor cells in the body. A very small amount of radioactive glucose (sugar) is injected into a vein. The PET scanner rotates around the body and makes a picture of where glucose is being used in the body. Malignant tumor cells show up brighter in the picture because they are more active and take up more glucose than normal cells do. Sometimes a PET scan and a CT scan are done at the same time. If there is any cancer, this increases the chance that it will be found.
                
                
                    The following sizes are used to describe intraocular melanoma:
                    Small    The tumor is 5 to 16 millimeters in diameter and from 1 to 3 millimeters thick.           Medium    The tumor is 16 millimeters or smaller in diameter and from 3.1 to 8 millimeters thick.       Large    The tumor is:            - more than 8 millimeters thick and any diameter; or     - at least 2 millimeters thick and more than 16 millimeters in diameter.            Though most intraocular melanoma tumors are raised, some are flat. These diffuse tumors grow widely across the uvea.
                
                
                    There are three ways that cancer spreads in the body.
                    Cancer can spread through tissue, the lymph system, and the blood:         - Tissue. The cancer spreads from where it began by growing into nearby areas.     - Lymph system. The cancer spreads from where it began by getting into the lymph system. The cancer travels through the lymph vessels to other parts of the body.     - Blood. The cancer spreads from where it began by getting into the blood. The cancer travels through the blood vessels to other parts of the body.
                
                
                    Cancer may spread from where it began to other parts of the body.
                    When cancer spreads to another part of the body, it is called metastasis. Cancer cells break away from where they began (the primary tumor) and travel through the lymph system or blood.         - Lymph system. The cancer gets into the lymph system, travels through the lymph vessels, and forms a tumor (metastatic tumor) in another part of the body.    - Blood. The cancer gets into the blood, travels through the blood vessels, and forms a tumor (metastatic tumor) in another part of the body.        The metastatic tumor is the same type of cancer as the primary tumor. For example, if intraocular melanoma spreads to the liver, the cancer cells in the liver are actually intraocular melanoma cells. The disease is metastatic intraocular melanoma, not liver cancer.
                
                
                    There are two staging systems for intraocular melanoma.
                    Intraocular melanoma has two staging systems. The staging system used depends on where in the eye the cancer first formed:         -  Iris.    -  Ciliary body and choroid.         If intraocular melanoma spreads to the optic nerve or nearby tissue of the eye socket, it is called extraocular extension.
                
                
                    The following stages are used for intraocular melanoma of the iris:
                    Stage I    In stage I, the tumor is in the iris only and is not more than one fourth the size of the iris.       Stage II     Stage II is divided into stages IIA and IIB.            - In stage IIA, the tumor:                   - is in the iris only and is more than one fourth the size of the iris; or       - is in the iris only and has caused glaucoma; or       - has spread next to and/or into the ciliary body, choroid, or both. The tumor has caused glaucoma.                - In stage IIB, the tumor has spread next to and/or into the ciliary body, choroid, or both, and has also spread into the sclera. The tumor has caused glaucoma.              Stage III     Stage III is divided into stages IIIA and IIIB.            - In stage IIIA, the tumor has spread through the sclera to the outside of the eyeball. The part of the tumor outside the eyeball is not more than 5 millimeters thick.     - In stage IIIB, the tumor has spread through the sclera to the outside of the eyeball. The part of the tumor outside the eyeball is more than 5 millimeters thick.              Stage IV    In stage IV, the tumor may be any size and has spread:            - to nearby lymph nodes; or     - to other parts of the body, such as the liver, lung, or bone, or to areas under the skin.
                
                
                    The following stages are used for intraocular melanoma of the ciliary body and choroid:
                    Intraocular melanoma of the ciliary body and choroid is grouped into four size categories. The category depends on how wide and thick the tumor is. Category 1 tumors are the smallest and category 4 tumors are the biggest.   Category 1:         - The tumor is not more than 12 millimeters wide and not more than 3 millimeters thick; or    - the tumor is not more than 9 millimeters wide and 3.1 to 6 millimeters thick.        Category 2:         - The tumor is 12.1 to 18 millimeters wide and not more than 3 millimeters thick; or    - the tumor is 9.1 to 15 millimeters wide and 3.1 to 6 millimeters thick; or    - the tumor is not more than 12 millimeters wide and 6.1 to 9 millimeters thick.        Category 3:         - The tumor is 15.1 to 18 millimeters wide and 3.1 to 6 millimeters thick; or    - the tumor is 12.1 to 18 millimeters wide and 6.1 to 9 millimeters thick; or    - the tumor is 3.1 to 18 millimeters wide and 9.1 to 12 millimeters thick; or    - the tumor is 9.1 to 15 millimeters wide and 12.1 to 15 millimeters thick.        Category 4:         - The tumor is more than 18 millimeters wide and may be any thickness; or    - the tumor is 15.1 to 18 millimeters wide and more than 12 millimeters thick; or    - the tumor is 12.1 to 15 millimeters wide and more than 15 millimeters thick.          Stage I    In stage I, the tumor is size category 1 and is in the choroid only.       Stage II     Stage II is divided into stages IIA and IIB.            - In stage IIA, the tumor:                   - is size category 1 and has spread to the ciliary body; or       - is size category 1 and has spread through the sclera to the outside of the eyeball. The part of the tumor outside the eyeball is not more than 5 millimeters thick. The tumor may have spread to the ciliary body; or       - is size category 2 and is in the choroid only.                - In stage IIB, the tumor:                  - is size category 2 and has spread to the ciliary body; or       - is size category 3 and is in the choroid only.                         Stage III     Stage III is divided into stages IIIA, IIIB, and IIIC.            - In stage IIIA, the tumor:                  - is size category 2 and has spread through the sclera to the outside of the eyeball. The part of the tumor outside the eyeball is not more than 5 millimeters thick. The tumor may have spread to the ciliary body; or       - is size category 3 and has spread to the ciliary body; or       - is size category 3 and has spread through the sclera to the outside of the eyeball. The part of the tumor outside the eyeball is not more than 5 millimeters thick. The tumor has not spread to the ciliary body; or       - is size category 4 and is in the choroid only.                - In stage IIIB, the tumor:                  - is size category 3 and has spread through the sclera to the outside of the eyeball. The part of the tumor outside the eyeball is not more than 5 millimeters thick. The tumor has spread to the ciliary body; or       - is size category 4 and has spread to the ciliary body; or       - is size category 4 and has spread through the sclera to the outside of the eyeball. The part of the tumor outside the eyeball is not more than 5 millimeters thick. The tumor has not spread to the ciliary body.                - In stage IIIC, the tumor:                  - is size category 4 and has spread through the sclera to the outside of the eyeball. The part of the tumor outside the eyeball is not more than 5 millimeters thick. The tumor has spread to the ciliary body; or       - may be any size and has spread through the sclera to the outside of the eyeball. The part of the tumor outside the eyeball is more than 5 millimeters thick. The tumor has not spread to the ciliary body.                         Stage IV    In stage IV, the tumor may be any size and has spread:            - to nearby lymph nodes; or     - to other parts of the body, such as the liver, lung, or bone, or to areas under the skin.",cancer,test,CancerQA.csv
What are the treatments for Intraocular (Uveal) Melanoma ?,"Key Points
                    - There are different types of treatments for patients with intraocular melanoma.     - Five types of standard treatment are used:         - Surgery     - Watchful Waiting     - Radiation therapy     -  Photocoagulation     -  Thermotherapy        - New types of treatment are being tested in clinical trials.     - Treatment for intraocular (uveal) melanoma may cause side effects.    - Patients may want to think about taking part in a clinical trial.    - Patients can enter clinical trials before, during, or after starting their cancer treatment.    - Follow-up tests may be needed.
                
                
                    There are different types of treatments for patients with intraocular melanoma.
                    Different types of treatments are available for patients with intraocular melanoma. Some treatments are standard (the currently used treatment), and some are being tested in clinical trials. A treatment clinical trial is a research study meant to help improve current treatments or obtain information on new treatments for patients with cancer. When clinical trials show that a new treatment is better than the standard treatment, the new treatment may become the standard treatment. Patients may want to think about taking part in a clinical trial. Some clinical trials are open only to patients who have not started treatment.
                
                
                    Five types of standard treatment are used:
                    Surgery     Surgery is the most common treatment for intraocular melanoma. The following types of surgery may be used:            -  Resection: Surgery to remove the tumor and a small amount of healthy tissue around it.     -  Enucleation: Surgery to remove the eye and part of the optic nerve. This is done if vision cannot be saved and the tumor is large, has spread to the optic nerve, or causes high pressure inside the eye. After surgery, the patient is usually fitted for an artificial eye to match the size and color of the other eye.      -  Exenteration: Surgery to remove the eye and eyelid, and muscles, nerves, and fat in the eye socket. After surgery, the patient may be fitted for an artificial eye to match the size and color of the other eye or a facial prosthesis.              Watchful Waiting     Watchful waiting is closely monitoring a patients condition without giving any treatment until signs or symptoms appear or change. Pictures are taken over time to keep track of changes in the size of the tumor and how fast it is growing.    Watchful waiting is used for patients who do not have signs or symptoms and the tumor is not growing. It is also used when the tumor is in the only eye with useful vision.       Radiation therapy     Radiation therapy is a cancer treatment that uses high-energy x-rays or other types of radiation to kill cancer cells or keep them from growing. There are two types of radiation therapy:            -  External radiation therapy uses a machine outside the body to send radiation toward the cancer. Certain ways of giving radiation therapy can help keep radiation from damaging nearby healthy tissue. These types of external radiation therapy include the following:                  -  Charged-particle external beam radiation therapy is a type of external-beam radiation therapy. A special radiation therapy machine aims tiny, invisible particles, called protons or helium ions, at the cancer cells to kill them with little damage to nearby normal tissues. Charged-particle radiation therapy uses a different type of radiation than the x-ray type of radiation therapy.       -  Gamma Knife therapy is a type of stereotactic radiosurgery used for some melanomas. This treatment can be given in one treatment. It aims tightly focused gamma rays directly at the tumor so there is little damage to healthy tissue. Gamma Knife therapy does not use a knife to remove the tumor and is not an operation.                -  Internal radiation therapy uses a radioactive substance sealed in needles, seeds, wires, or catheters that are placed directly into or near the cancer. Certain ways of giving radiation therapy can help keep radiation from damaging healthy tissue. This type of internal radiation therapy may include the following:                  -  Localized plaque radiation therapy is a type of internal radiation therapy that may be used for tumors of the eye. Radioactive seeds are attached to one side of a disk, called a plaque, and placed directly on the outside wall of the eye near the tumor. The side of the plaque with the seeds on it faces the eyeball, aiming radiation at the tumor. The plaque helps protect other nearby tissue from the radiation.                       The way the radiation therapy is given depends on the type and stage of the cancer being treated. External and internal radiation therapy are used to treat intraocular melanoma.        Photocoagulation     Photocoagulation is a procedure that uses laser light to destroy blood vessels that bring nutrients to the tumor, causing the tumor cells to die. Photocoagulation may be used to treat small tumors. This is also called light coagulation.        Thermotherapy     Thermotherapy is the use of heat from a laser to destroy cancer cells and shrink the tumor.
                
                
                    New types of treatment are being tested in clinical trials.
                    Information about clinical trials is available from the NCI website.
                
                
                    Treatment for intraocular (uveal) melanoma may cause side effects.
                    For information about side effects caused by treatment for cancer, see our Side Effects page.
                
                
                    Patients may want to think about taking part in a clinical trial.
                    For some patients, taking part in a clinical trial may be the best treatment choice. Clinical trials are part of the cancer research process. Clinical trials are done to find out if new cancer treatments are safe and effective or better than the standard treatment.   Many of today's standard treatments for cancer are based on earlier clinical trials. Patients who take part in a clinical trial may receive the standard treatment or be among the first to receive a new treatment.   Patients who take part in clinical trials also help improve the way cancer will be treated in the future. Even when clinical trials do not lead to effective new treatments, they often answer important questions and help move research forward.
                
                
                    Patients can enter clinical trials before, during, or after starting their cancer treatment.
                    Some clinical trials only include patients who have not yet received treatment. Other trials test treatments for patients whose cancer has not gotten better. There are also clinical trials that test new ways to stop cancer from recurring (coming back) or reduce the side effects of cancer treatment.   Clinical trials are taking place in many parts of the country. See the Treatment Options section that follows for links to current treatment clinical trials. These have been retrieved from NCI's listing of clinical trials.
                
                
                    Follow-up tests may be needed.
                    Some of the tests that were done to diagnose the cancer or to find out the stage of the cancer may be repeated. Some tests will be repeated in order to see how well the treatment is working. Decisions about whether to continue, change, or stop treatment may be based on the results of these tests.   Some of the tests will continue to be done from time to time after treatment has ended. The results of these tests can show if your condition has changed or if the cancer has recurred (come back). These tests are sometimes called follow-up tests or check-ups.
                
		        
		            Treatment Options for Intraocular (Uveal) Melanoma
		            
		                
		                    Iris Melanoma
		                    Treatment of iris melanoma may include the following:         -  Watchful waiting.     -  Surgery (resection or enucleation).    -  Plaque radiation therapy, for tumors that cannot be removed by surgery.        Check the list of NCI-supported cancer clinical trials that are now accepting patients with iris melanoma. For more specific results, refine the search by using other search features, such as the location of the trial, the type of treatment, or the name of the drug. Talk with your doctor about clinical trials that may be right for you. General information about clinical trials is available from the NCI website.
		                
		                
		                    Ciliary Body Melanoma
		                    Treatment of tumors in the ciliary body and choroid may include the following:         -  Plaque radiation therapy.    -  Charged-particle external-beam radiation therapy.    -  Surgery (resection or enucleation).        Check the list of NCI-supported cancer clinical trials that are now accepting patients with ciliary body and choroid melanoma, small size. For more specific results, refine the search by using other search features, such as the location of the trial, the type of treatment, or the name of the drug. Talk with your doctor about clinical trials that may be right for you. General information about clinical trials is available from the NCI website.
		                
		                
		                    Choroid Melanoma
		                    Treatment of small choroid melanoma may include the following:         -  Watchful waiting.    -  Plaque radiation therapy.    -  Charged-particle external-beam radiation therapy.    -  Gamma Knife therapy.    -  Thermotherapy.    -  Surgery (resection or enucleation).        Treatment of medium choroid melanoma may include the following:         - Plaque radiation therapy with or without photocoagulation or thermotherapy.     - Charged-particle external-beam radiation therapy.    - Surgery (resection or enucleation).        Treatment of large choroid melanoma may include the following:         - Enucleation when the tumor is too large for treatments that save the eye.        Check the list of NCI-supported cancer clinical trials that are now accepting patients with ciliary body and choroid melanoma, small size. For more specific results, refine the search by using other search features, such as the location of the trial, the type of treatment, or the name of the drug. Talk with your doctor about clinical trials that may be right for you. General information about clinical trials is available from the NCI website.
		                
		                
		                    Extraocular Extension Melanoma and Metastatic Intraocular (Uveal) Melanoma
		                    Treatment of extraocular extension melanoma that has spread to the bone around the eye may include the following:         -  Surgery (exenteration).    - A clinical trial.        An effective treatment for metastatic intraocular melanoma has not been found. A clinical trial may be a treatment option. Talk with your doctor about your treatment options.   Check the list of NCI-supported cancer clinical trials that are now accepting patients with extraocular extension melanoma and metastatic intraocular melanoma. For more specific results, refine the search by using other search features, such as the location of the trial, the type of treatment, or the name of the drug. Talk with your doctor about clinical trials that may be right for you. General information about clinical trials is available from the NCI website.
		                
		                
		                    Recurrent Intraocular (Uveal) Melanoma
		                    An effective treatment for recurrent intraocular melanoma has not been found. A clinical trial may be a treatment option. Talk with your doctor about your treatment options.   Check the list of NCI-supported cancer clinical trials that are now accepting patients with recurrent intraocular melanoma. For more specific results, refine the search by using other search features, such as the location of the trial, the type of treatment, or the name of the drug. Talk with your doctor about clinical trials that may be right for you. General information about clinical trials is available from the NCI website.",cancer,train,CancerQA.csv
what research (or clinical trials) is being done for Intraocular (Uveal) Melanoma ?,"New types of treatment are being tested in clinical trials.
                    Information about clinical trials is available from the NCI website.
                
                
                    Patients may want to think about taking part in a clinical trial.
                    For some patients, taking part in a clinical trial may be the best treatment choice. Clinical trials are part of the cancer research process. Clinical trials are done to find out if new cancer treatments are safe and effective or better than the standard treatment.   Many of today's standard treatments for cancer are based on earlier clinical trials. Patients who take part in a clinical trial may receive the standard treatment or be among the first to receive a new treatment.   Patients who take part in clinical trials also help improve the way cancer will be treated in the future. Even when clinical trials do not lead to effective new treatments, they often answer important questions and help move research forward.
                
                
                    Patients can enter clinical trials before, during, or after starting their cancer treatment.
                    Some clinical trials only include patients who have not yet received treatment. Other trials test treatments for patients whose cancer has not gotten better. There are also clinical trials that test new ways to stop cancer from recurring (coming back) or reduce the side effects of cancer treatment.   Clinical trials are taking place in many parts of the country. See the Treatment Options section that follows for links to current treatment clinical trials. These have been retrieved from NCI's listing of clinical trials.",cancer,train,CancerQA.csv
What is (are) Neuroblastoma ?,"Key Points
                    - Neuroblastoma is a disease in which malignant (cancer) cells form in nerve tissue.    - Most cases of neuroblastoma are diagnosed before 1 year of age.     - The risk factors for neuroblastoma are not known.
                
                
                    Neuroblastoma is a disease in which malignant (cancer) cells form in nerve tissue.
                    Neuroblastoma often begins in the nerve tissue of the adrenal glands. There are two adrenal glands, one on top of each kidney, in the back of the upper abdomen. The adrenal glands make important hormones that help control heart rate, blood pressure, blood sugar, and the way the body reacts to stress. Neuroblastoma may also begin in the abdomen, chest, spinal cord, or in nerve tissue near the spine in the neck.    Neuroblastoma most often begins during early childhood, usually in children younger than 5 years of age.   See the PDQ summary on Neuroblastoma Treatment for more information about neuroblastoma.
                
                
                    Most cases of neuroblastoma are diagnosed before 1 year of age.
                    Neuroblastoma is the most common type of cancer in infants. The number of new cases of neuroblastoma is greatest among children under 1 year of age. As children get older, the number of new cases decreases. Neuroblastoma is slightly more common in males than females.    Neuroblastoma sometimes forms before birth but is usually found later, when the tumor begins to grow and cause symptoms. In rare cases, neuroblastoma may be found before birth, by fetal ultrasound.",cancer,train,CancerQA.csv
Who is at risk for Neuroblastoma? ?,The risk factors for neuroblastoma are not known.,cancer,train,CancerQA.csv
Who is at risk for Neuroblastoma? ?,"Key Points
                    - Screening tests have risks.    - The risks of neuroblastoma screening include the following:         -  Neuroblastoma may be overdiagnosed.     - False-negative test results can occur.     - False-positive test results can occur.
                
                
                    Screening tests have risks.
                    Decisions about screening tests can be difficult. Not all screening tests are helpful and most have risks. Before having any screening test, you may want to discuss the test with your doctor. It is important to know the risks of the test and whether it has been proven to reduce the risk of dying from cancer.
                
                
                    The risks of neuroblastoma screening include the following:
                    Neuroblastoma may be overdiagnosed.     When a screening test result leads to the diagnosis and treatment of a disease that may never have caused symptoms or become life-threatening, it is called overdiagnosis. For example, when a urine test result shows a higher than normal amount of homovanillic acid (HMA) or vanillyl mandelic acid (VMA), tests and treatments for neuroblastoma are likely to be done, but may not be needed. At this time, it is not possible to know which neuroblastomas found by a screening test will cause symptoms and which neuroblastomas will not. Diagnostic tests (such as biopsies) and cancer treatments (such as surgery, radiation therapy, and chemotherapy) can have serious risks, including physical and emotional problems.       False-negative test results can occur.    Screening test results may appear to be normal even though neuroblastoma is present. A person who receives a false-negative test result (one that shows there is no cancer when there really is) may delay seeking medical care even if there are symptoms.       False-positive test results can occur.    Screening test results may appear to be abnormal even though no cancer is present. A false-positive test result (one that shows there is cancer when there really isn't) can cause anxiety and is usually followed by more tests and procedures, which also have risks.",cancer,train,CancerQA.csv
What is (are) Myelodysplastic Syndromes ?,"Key Points
                    - Myelodysplastic syndromes are a group of cancers in which immature blood cells in the bone marrow do not mature or become healthy blood cells.     - The different types of myelodysplastic syndromes are diagnosed based on certain changes in the blood cells and bone marrow.    - Age and past treatment with chemotherapy or radiation therapy affect the risk of a myelodysplastic syndrome.     - Signs and symptoms of a myelodysplastic syndrome include shortness of breath and feeling tired.    - Tests that examine the blood and bone marrow are used to detect (find) and diagnose myelodysplastic syndromes.    - Certain factors affect prognosis and treatment options.
                
                
                    Myelodysplastic syndromes are a group of cancers in which immature blood cells in the bone marrow do not mature or become healthy blood cells.
                    In a healthy person, the bone marrow makes blood stem cells (immature cells) that become mature blood cells over time.     A blood stem cell may become a lymphoid stem cell or a myeloid stem cell. A lymphoid stem cell becomes a white blood cell. A myeloid stem cell becomes one of three types of mature blood cells:         -  Red blood cells that carry oxygen and other substances to all tissues of the body.    -  Platelets that form blood clots to stop bleeding.     - White blood cells that fight infection and disease.          In a patient with a myelodysplastic syndrome, the blood stem cells (immature cells) do not become mature red blood cells, white blood cells, or platelets in the bone marrow. These immature blood cells, called blasts, do not work the way they should and either die in the bone marrow or soon after they go into the blood. This leaves less room for healthy white blood cells, red blood cells, and platelets to form in the bone marrow. When there are fewer healthy blood cells, infection, anemia, or easy bleeding may occur.
                
                
                    The different types of myelodysplastic syndromes are diagnosed based on certain changes in the blood cells and bone marrow.
                    -  Refractory anemia: There are too few red blood cells in the blood and the patient has anemia. The number of white blood cells and platelets is normal.    -  Refractory anemia with ring sideroblasts: There are too few red blood cells in the blood and the patient has anemia. The red blood cells have too much iron inside the cell. The number of white blood cells and platelets is normal.    -  Refractory anemia with excess blasts: There are too few red blood cells in the blood and the patient has anemia. Five percent to 19% of the cells in the bone marrow are blasts. There also may be changes to the white blood cells and platelets. Refractory anemia with excess blasts may progress to acute myeloid leukemia (AML). See the PDQ Adult Acute Myeloid Leukemia Treatment summary for more information.    -  Refractory cytopenia with multilineage dysplasia: There are too few of at least two types of blood cells (red blood cells, platelets, or white blood cells). Less than 5% of the cells in the bone marrow are blasts and less than 1% of the cells in the blood are blasts. If red blood cells are affected, they may have extra iron. Refractory cytopenia may progress to acute myeloid leukemia (AML).     -  Refractory cytopenia with unilineage dysplasia: There are too few of one type of blood cell (red blood cells, platelets, or white blood cells). There are changes in 10% or more of two other types of blood cells. Less than 5% of the cells in the bone marrow are blasts and less than 1% of the cells in the blood are blasts.     -  Unclassifiable myelodysplastic syndrome: The numbers of blasts in the bone marrow and blood are normal, and the disease is not one of the other myelodysplastic syndromes.     -  Myelodysplastic syndrome associated with an isolated del(5q) chromosome abnormality: There are too few red blood cells in the blood and the patient has anemia. Less than 5% of the cells in the bone marrow and blood are blasts. There is a specific change in the chromosome.    -   Chronic myelomonocytic leukemia (CMML): See the PDQ summary on Myelodysplastic/ Myeloproliferative Neoplasms Treatment for more information.",cancer,train,CancerQA.csv
What are the treatments for Myelodysplastic Syndromes ?,"Key Points
                    - There are different types of treatment for patients with myelodysplastic syndromes.    - Treatment for myelodysplastic syndromes includes supportive care, drug therapy, and stem cell transplantation.    - Three types of standard treatment are used:         -  Supportive care      - Drug therapy     - Chemotherapy with stem cell transplant        - New types of treatment are being tested in clinical trials.    - Patients may want to think about taking part in a clinical trial.    - Patients can enter clinical trials before, during, or after starting their treatment.    - Follow-up tests may be needed.
                
                
                    There are different types of treatment for patients with myelodysplastic syndromes.
                    Different types of treatment are available for patients with myelodysplastic syndromes. Some treatments are standard (the currently used treatment), and some are being tested in clinical trials. A treatment clinical trial is a research study meant to help improve current treatments or obtain information on new treatments for patients with cancer. When clinical trials show that a new treatment is better than the standard treatment, the new treatment may become the standard treatment. Patients may want to think about taking part in a clinical trial. Some clinical trials are open only to patients who have not started treatment.
                
                
                    Treatment for myelodysplastic syndromes includes supportive care, drug therapy, and stem cell transplantation.
                    Patients with a myelodysplastic syndrome who have symptoms caused by low blood counts are given supportive care to relieve symptoms and improve quality of life. Drug therapy may be used to slow progression of the disease. Certain patients can be cured with aggressive treatment with chemotherapy followed by stem cell transplant using stem cells from a donor.
                
                
                    Three types of standard treatment are used:
                    Supportive care     Supportive care is given to lessen the problems caused by the disease or its treatment. Supportive care may include the following:                  -  Transfusion therapy   Transfusion therapy (blood transfusion) is a method of giving red blood cells, white blood cells, or platelets to replace blood cells destroyed by disease or treatment. A red blood cell transfusion is given when the red blood cell count is low and signs or symptoms of anemia, such as shortness of breath or feeling very tired, occur. A platelet transfusion is usually given when the patient is bleeding, is having a procedure that may cause bleeding, or when the platelet count is very low.  Patients who receive many blood cell transfusions may have tissue and organ damage caused by the buildup of extra iron. These patients may be treated with iron chelation therapy to remove the extra iron from the blood.        -  Erythropoiesis-stimulating agents   Erythropoiesis-stimulating agents (ESAs) may be given to increase the number of mature red blood cells made by the body and to lessen the effects of anemia. Sometimes granulocyte colony-stimulating factor (G-CSF) is given with ESAs to help the treatment work better.        -  Antibiotic therapy   Antibiotics may be given to fight infection.                    Drug therapy                  -  Lenalidomide  Patients with myelodysplastic syndrome associated with an isolated del(5q) chromosome abnormality who need frequent red blood cell transfusions may be treated with lenalidomide. Lenalidomide is used to lessen the need for red blood cell transfusions.       -  Immunosuppressive therapy   Antithymocyte globulin (ATG) works to suppress or weaken the immune system. It is used to lessen the need for red blood cell transfusions.       -  Azacitidine and decitabine   Azacitidine and decitabine are used to treat myelodysplastic syndromes by killing cells that are dividing rapidly. They also help genes that are involved in cell growth to work the way they should. Treatment with azacitidine and decitabine may slow the progression of myelodysplastic syndromes to acute myeloid leukemia.       -  Chemotherapy used in acute myeloid leukemia (AML)  Patients with a myelodysplastic syndrome and a high number of blasts in their bone marrow have a high risk of acute leukemia. They may be treated with the same chemotherapy regimen used in patients with acute myeloid leukemia.                    Chemotherapy with stem cell transplant    Stem cell transplant is a method of giving chemotherapy and replacing blood-forming cells destroyed by the treatment. Stem cells (immature blood cells) are removed from the blood or bone marrow of a donor and are frozen for storage. After the chemotherapy is completed, the stored stem cells are thawed and given back to the patient through an infusion. These reinfused stem cells grow into (and restore) the body's blood cells.     This treatment may not work as well in patients whose myelodysplastic syndrome was caused by past treatment for cancer.
                
                
                    New types of treatment are being tested in clinical trials.
                    Information about clinical trials is available from the NCI website.
                
                
                    Patients may want to think about taking part in a clinical trial.
                    For some patients, taking part in a clinical trial may be the best treatment choice. Clinical trials are part of the cancer research process. Clinical trials are done to find out if new cancer treatments are safe and effective or better than the standard treatment.   Many of today's standard treatments for cancer are based on earlier clinical trials. Patients who take part in a clinical trial may receive the standard treatment or be among the first to receive a new treatment.   Patients who take part in clinical trials also help improve the way cancer will be treated in the future. Even when clinical trials do not lead to effective new treatments, they often answer important questions and help move research forward.
                
                
                    Patients can enter clinical trials before, during, or after starting their treatment.
                    Some clinical trials only include patients who have not yet received treatment. Other trials test treatments for patients whose cancer has not gotten better. There are also clinical trials that test new ways to stop cancer from recurring (coming back) or reduce the side effects of cancer treatment.   Clinical trials are taking place in many parts of the country. See the Treatment Options section that follows for links to current treatment clinical trials. These have been retrieved from NCI's listing of clinical trials.
                
                
                    Follow-up tests may be needed.
                    Some of the tests that were done to diagnose the cancer or to find out the stage of the cancer may be repeated. Some tests will be repeated in order to see how well the treatment is working. Decisions about whether to continue, change, or stop treatment may be based on the results of these tests.   Some of the tests will continue to be done from time to time after treatment has ended. The results of these tests can show if your condition has changed or if the cancer has recurred (come back). These tests are sometimes called follow-up tests or check-ups.",cancer,train,CancerQA.csv
What is (are) Colon Cancer ?,"Key Points
                    - Colon cancer is a disease in which malignant (cancer) cells form in the tissues of the colon.    - Health history affects the risk of developing colon cancer.    - Signs of colon cancer include blood in the stool or a change in bowel habits.    - Tests that examine the colon and rectum are used to detect (find) and diagnose colon cancer.    - Certain factors affect prognosis (chance of recovery) and treatment options.
                
                
                    Colon cancer is a disease in which malignant (cancer) cells form in the tissues of the colon.
                    The colon is part of the bodys digestive system. The digestive system removes and processes nutrients (vitamins, minerals, carbohydrates, fats, proteins, and water) from foods and helps pass waste material out of the body. The digestive system is made up of the esophagus, stomach, and the small and large intestines. The colon (large bowel) is the first part of the large intestine and is about 5 feet long. Together, the rectum and anal canal make up the last part of the large intestine and are about 6-8 inches long. The anal canal ends at the anus (the opening of the large intestine to the outside of the body).      Gastrointestinal stromal tumors can occur in the colon. See the PDQ summary on Gastrointestinal Stromal Tumors Treatment for more information.    See the PDQ summary about Unusual Cancers of Childhood Treatment for information about colorectal cancer in children.",cancer,train,CancerQA.csv
Who is at risk for Colon Cancer? ?,"Health history affects the risk of developing colon cancer. Anything that increases your chance of getting a disease is called a risk factor. Having a risk factor does not mean that you will get cancer; not having risk factors doesnt mean that you will not get cancer. Talk to your doctor if you think you may be at risk for colorectal cancer.    Risk factors for colorectal cancer include the following:            - Having a family history of colon or rectal cancer in a first-degree relative (parent, sibling, or child).     - Having a personal history of cancer of the colon, rectum, or ovary.     - Having a personal history of high-risk adenomas (colorectal polyps that are 1 centimeter or larger in size or that have cells that look abnormal under a microscope).     - Having inherited changes in certain genes that increase the risk of familial adenomatous polyposis (FAP) or Lynch syndrome (hereditary nonpolyposis colorectal cancer).     - Having a personal history of chronic ulcerative colitis or Crohn disease for 8 years or more.     - Having three or more alcoholic drinks per day.     - Smoking cigarettes.     - Being black.     - Being obese.           Older age is a main risk factor for most cancers. The chance of getting cancer increases as you get older.",cancer,train,CancerQA.csv
What are the symptoms of Colon Cancer ?,"Signs of colon cancer include blood in the stool or a change in bowel habits. These and other signs and symptoms may be caused by colon cancer or by other conditions. Check with your doctor if you have any of the following:         - A change in bowel habits.    -  Blood (either bright red or very dark) in the stool.    -  Diarrhea, constipation, or feeling that the bowel does not empty all the way.    - Stools that are narrower than usual.    - Frequent gas pains, bloating, fullness, or cramps.    - Weight loss for no known reason.    - Feeling very tired.    -  Vomiting.",cancer,train,CancerQA.csv
How to diagnose Colon Cancer ?,"Tests that examine the colon and rectum are used to detect (find) and diagnose colon cancer. The following tests and procedures may be used:         -   Physical exam and history : An exam of the body to check general signs of health, including checking for signs of disease, such as lumps or anything else that seems unusual. A history of the patients health habits and past illnesses and treatments will also be taken.    -   Digital rectal exam : An exam of the rectum. The doctor or nurse inserts a lubricated, gloved finger into the rectum to feel for lumps or anything else that seems unusual.    -   Fecal occult blood test (FOBT): A test to check stool (solid waste) for blood that can only be seen with a microscope. A small sample of stool is placed on a special card or in a special container and returned to the doctor or laboratory for testing. Blood in the stool may be a sign of polyps, cancer, or other conditions. There are two types of FOBTs:               -  Guaiac FOBT : The sample of stool on the special card is tested with a chemical. If there is blood in the stool, the special card changes color.      -  Immunochemical FOBT : A liquid is added to the stool sample. This mixture is injected into a machine that contains antibodies that can detect blood in the stool. If there is blood in the stool, a line appears in a window in the machine. This test is also called fecal immunochemical test or FIT.             -   Barium enema : A series of x-rays of the lower gastrointestinal tract. A liquid that contains barium (a silver-white metallic compound) is put into the rectum. The barium coats the lower gastrointestinal tract and x-rays are taken. This procedure is also called a lower GI series.    -   Sigmoidoscopy : A procedure to look inside the rectum and sigmoid (lower) colon for polyps (small areas of bulging tissue), other abnormal areas, or cancer. A sigmoidoscope is inserted through the rectum into the sigmoid colon. A sigmoidoscope is a thin, tube-like instrument with a light and a lens for viewing. It may also have a tool to remove polyps or tissue samples, which are checked under a microscope for signs of cancer.    -   Colonoscopy : A procedure to look inside the rectum and colon for polyps, abnormal areas, or cancer. A colonoscope is inserted through the rectum into the colon. A colonoscope is a thin, tube-like instrument with a light and a lens for viewing. It may also have a tool to remove polyps or tissue samples, which are checked under a microscope for signs of cancer.    -   Virtual colonoscopy : A procedure that uses a series of x-rays called computed tomography to make a series of pictures of the colon. A computer puts the pictures together to create detailed images that may show polyps and anything else that seems unusual on the inside surface of the colon. This test is also called colonography or CT colonography.     -   Biopsy : The removal of cells or tissues so they can be viewed under a microscope by a pathologist to check for signs of cancer.",cancer,train,CancerQA.csv
What is the outlook for Colon Cancer ?,"Certain factors affect prognosis (chance of recovery) and treatment options. The prognosis (chance of recovery) and treatment options depend on the following:         - The stage of the cancer (whether the cancer is in the inner lining of the colon only or has spread through the colon wall, or has spread to lymph nodes or other places in the body).    - Whether the cancer has blocked or made a hole in the colon.    - Whether there are any cancer cells left after surgery.    - Whether the cancer has recurred.     - The patients general health.        The prognosis also depends on the blood levels of carcinoembryonic antigen (CEA) before treatment begins. CEA is a substance in the blood that may be increased when cancer is present.",cancer,train,CancerQA.csv
What are the stages of Colon Cancer ?,"Key Points
                    - After colon cancer has been diagnosed, tests are done to find out if cancer cells have spread within the colon or to other parts of the body.    - There are three ways that cancer spreads in the body.    - Cancer may spread from where it began to other parts of the body.    - The following stages are used for colon cancer:         - Stage 0 (Carcinoma in Situ)     - Stage I     - Stage II     - Stage III     - Stage IV
                
                
                    After colon cancer has been diagnosed, tests are done to find out if cancer cells have spread within the colon or to other parts of the body.
                    The process used to find out if cancer has spread within the colon or to other parts of the body is called staging. The information gathered from the staging process determines the stage of the disease. It is important to know the stage in order to plan treatment.    The following tests and procedures may be used in the staging process:         -   CT scan (CAT scan): A procedure that makes a series of detailed pictures of areas inside the body, such as the abdomen or chest, taken from different angles. The pictures are made by a computer linked to an x-ray machine. A dye may be injected into a vein or swallowed to help the organs or tissues show up more clearly. This procedure is also called computed tomography, computerized tomography, or computerized axial tomography.     -   MRI (magnetic resonance imaging): A procedure that uses a magnet, radio waves, and a computer to make a series of detailed pictures of areas inside the colon. A substance called gadolinium is injected into the patient through a vein. The gadolinium collects around the cancer cells so they show up brighter in the picture. This procedure is also called nuclear magnetic resonance imaging (NMRI).    -   PET scan (positron emission tomography scan): A procedure to find malignant tumor cells in the body. A small amount of radioactive glucose (sugar) is injected into a vein. The PET scanner rotates around the body and makes a picture of where glucose is being used in the body. Malignant tumor cells show up brighter in the picture because they are more active and take up more glucose than normal cells do.    -   Chest x-ray : An x-ray of the organs and bones inside the chest. An x-ray is a type of energy beam that can go through the body and onto film, making a picture of areas inside the body.    -   Surgery : A procedure to remove the tumor and see how far it has spread through the colon.    -   Lymph node biopsy : The removal of all or part of a lymph node. A pathologist views the tissue under a microscope to look for cancer cells.    -   Complete blood count (CBC): A procedure in which a sample of blood is drawn and checked for the following:                - The number of red blood cells, white blood cells, and platelets.      - The amount of hemoglobin (the protein that carries oxygen) in the red blood cells.      - The portion of the blood sample made up of red blood cells.             -   Carcinoembryonic antigen (CEA) assay : A test that measures the level of CEA in the blood. CEA is released into the bloodstream from both cancer cells and normal cells. When found in higher than normal amounts, it can be a sign of colon cancer or other conditions.
                
                
                    There are three ways that cancer spreads in the body.
                    Cancer can spread through tissue, the lymph system, and the blood:         - Tissue. The cancer spreads from where it began by growing into nearby areas.     - Lymph system. The cancer spreads from where it began by getting into the lymph system. The cancer travels through the lymph vessels to other parts of the body.     - Blood. The cancer spreads from where it began by getting into the blood. The cancer travels through the blood vessels to other parts of the body.
                
                
                    Cancer may spread from where it began to other parts of the body.
                    When cancer spreads to another part of the body, it is called metastasis. Cancer cells break away from where they began (the primary tumor) and travel through the lymph system or blood.         - Lymph system. The cancer gets into the lymph system, travels through the lymph vessels, and forms a tumor (metastatic tumor) in another part of the body.    - Blood. The cancer gets into the blood, travels through the blood vessels, and forms a tumor (metastatic tumor) in another part of the body.        The metastatic tumor is the same type of cancer as the primary tumor. For example, if colon cancer spreads to the lung, the cancer cells in the lung are actually colon cancer cells. The disease is metastatic colon cancer, not lung cancer.
                
                
                    The following stages are used for colon cancer:
                    Stage 0 (Carcinoma in Situ)     In stage 0, abnormal cells are found in the mucosa (innermost layer) of the colon wall. These abnormal cells may become cancer and spread. Stage 0 is also called carcinoma in situ.       Stage I     In stage I, cancer has formed in the mucosa (innermost layer) of the colon wall and has spread to the submucosa (layer of tissue under the mucosa). Cancer may have spread to the muscle layer of the colon wall.       Stage II      Stage II colon cancer is divided into stage IIA, stage IIB, and stage IIC.             - Stage IIA: Cancer has spread through the muscle layer of the colon wall to the serosa (outermost layer) of the colon wall.      - Stage IIB: Cancer has spread through the serosa (outermost layer) of the colon wall but has not spread to nearby organs.      - Stage IIC: Cancer has spread through the serosa (outermost layer) of the colon wall to nearby organs.               Stage III     Stage III colon cancer is divided into stage IIIA, stage IIIB, and stage IIIC.     In stage IIIA:            -  Cancer has spread through the mucosa (innermost layer) of the colon wall to the submucosa (layer of tissue under the mucosa) and may have spread to the muscle layer of the colon wall. Cancer has spread to at least one but not more than 3 nearby lymph nodes or cancer cells have formed in tissues near the lymph nodes; or     - Cancer has spread through the mucosa (innermost layer) of the colon wall to the submucosa (layer of tissue under the mucosa). Cancer has spread to at least 4 but not more than 6 nearby lymph nodes.             In stage IIIB:            - Cancer has spread through the muscle layer of the colon wall to the serosa (outermost layer) of the colon wall or has spread through the serosa but not to nearby organs. Cancer has spread to at least one but not more than 3 nearby lymph nodes or cancer cells have formed in tissues near the lymph nodes; or     - Cancer has spread to the muscle layer of the colon wall or to the serosa (outermost layer) of the colon wall. Cancer has spread to at least 4 but not more than 6 nearby lymph nodes; or     - Cancer has spread through the mucosa (innermost layer) of the colon wall to the submucosa (layer of tissue under the mucosa) and may have spread to the muscle layer of the colon wall. Cancer has spread to 7 or more nearby lymph nodes.            In stage IIIC:            - Cancer has spread through the serosa (outermost layer) of the colon wall but has not spread to nearby organs. Cancer has spread to at least 4 but not more than 6 nearby lymph nodes; or     - Cancer has spread through the muscle layer of the colon wall to the serosa (outermost layer) of the colon wall or has spread through the serosa but has not spread to nearby organs. Cancer has spread to 7 or more nearby lymph nodes; or     - Cancer has spread through the serosa (outermost layer) of the colon wall and has spread to nearby organs. Cancer has spread to one or more nearby lymph nodes or cancer cells have formed in tissues near the lymph nodes.               Stage IV      Stage IV colon cancer is divided into stage IVA and stage IVB.            - Stage IVA: Cancer may have spread through the colon wall and may have spread to nearby organs or lymph nodes. Cancer has spread to one organ that is not near the colon, such as the liver, lung, or ovary, or to a distant lymph node.     - Stage IVB: Cancer may have spread through the colon wall and may have spread to nearby organs or lymph nodes. Cancer has spread to more than one organ that is not near the colon or into the lining of the abdominal wall.",cancer,train,CancerQA.csv
What are the treatments for Colon Cancer ?,"Key Points
                    - There are different types of treatment for patients with colon cancer.     - Six types of standard treatment are used:         - Surgery     - Radiofrequency ablation     - Cryosurgery     - Chemotherapy     - Radiation therapy     - Targeted therapy        - New types of treatment are being tested in clinical trials.     - Patients may want to think about taking part in a clinical trial.    - Patients can enter clinical trials before, during, or after starting their cancer treatment.    - Follow-up tests may be needed.
                
                
                    There are different types of treatment for patients with colon cancer.
                    Different types of treatment are available for patients with colon cancer. Some treatments are standard (the currently used treatment), and some are being tested in clinical trials. A treatment clinical trial is a research study meant to help improve current treatments or obtain information on new treatments for patients with cancer. When clinical trials show that a new treatment is better than the standard treatment, the new treatment may become the standard treatment. Patients may want to think about taking part in a clinical trial. Some clinical trials are open only to patients who have not started treatment.
                
                
                    Six types of standard treatment are used:
                    Surgery     Surgery (removing the cancer in an operation) is the most common treatment for all stages of colon cancer. A doctor may remove the cancer using one of the following types of surgery:            -  Local excision: If the cancer is found at a very early stage, the doctor may remove it without cutting through the abdominal wall. Instead, the doctor may put a tube with a cutting tool through the rectum into the colon and cut the cancer out. This is called a local excision. If the cancer is found in a polyp (a small bulging area of tissue), the operation is called a polypectomy.     -  Resection of the colon with anastomosis: If the cancer is larger, the doctor will perform a partial colectomy (removing the cancer and a small amount of healthy tissue around it). The doctor may then perform an anastomosis (sewing the healthy parts of the colon together). The doctor will also usually remove lymph nodes near the colon and examine them under a microscope to see whether they contain cancer.     - Resection of the colon with colostomy: If the doctor is not able to sew the 2 ends of the colon back together, a stoma (an opening) is made on the outside of the body for waste to pass through. This procedure is called a colostomy. A bag is placed around the stoma to collect the waste. Sometimes the colostomy is needed only until the lower colon has healed, and then it can be reversed. If the doctor needs to remove the entire lower colon, however, the colostomy may be permanent.            Even if the doctor removes all the cancer that can be seen at the time of the operation, some patients may be given chemotherapy or radiation therapy after surgery to kill any cancer cells that are left. Treatment given after the surgery, to lower the risk that the cancer will come back, is called adjuvant therapy.       Radiofrequency ablation      Radiofrequency ablation is the use of a special probe with tiny electrodes that kill cancer cells. Sometimes the probe is inserted directly through the skin and only local anesthesia is needed. In other cases, the probe is inserted through an incision in the abdomen. This is done in the hospital with general anesthesia.       Cryosurgery     Cryosurgery is a treatment that uses an instrument to freeze and destroy abnormal tissue. This type of treatment is also called cryotherapy.       Chemotherapy    Chemotherapy is a cancer treatment that uses drugs to stop the growth of cancer cells, either by killing the cells or by stopping them from dividing. When chemotherapy is taken by mouth or injected into a vein or muscle, the drugs enter the bloodstream and can reach cancer cells throughout the body (systemic chemotherapy). When chemotherapy is placed directly into the cerebrospinal fluid, an organ, or a body cavity such as the abdomen, the drugs mainly affect cancer cells in those areas (regional chemotherapy).      Chemoembolization of the hepatic artery may be used to treat cancer that has spread to the liver. This involves blocking the hepatic artery (the main artery that supplies blood to the liver) and injecting anticancer drugs between the blockage and the liver. The livers arteries then deliver the drugs throughout the liver. Only a small amount of the drug reaches other parts of the body. The blockage may be temporary or permanent, depending on what is used to block the artery. The liver continues to receive some blood from the hepatic portal vein, which carries blood from the stomach and intestine.    The way the chemotherapy is given depends on the type and stage of the cancer being treated.    See Drugs Approved for Colon and Rectal Cancer for more information.       Radiation therapy    Radiation therapy is a cancer treatment that uses high-energy x-rays or other types of radiation to kill cancer cells or keep them from growing. There are two types of radiation therapy:            -  External radiation therapy uses a machine outside the body to send radiation toward the cancer.     -  Internal radiation therapy uses a radioactive substance sealed in needles, seeds, wires, or catheters that are placed directly into or near the cancer.           The way the radiation therapy is given depends on the type and stage of the cancer being treated. External radiation therapy is used as palliative therapy to relieve symptoms and improve quality of life.       Targeted therapy     Targeted therapy is a type of treatment that uses drugs or other substances to identify and attack specific cancer cells without harming normal cells.     Types of targeted therapies used in the treatment of colon cancer include the following:            -  Monoclonal antibodies: Monoclonal antibodies are made in the laboratory from a single type of immune system cell. These antibodies can identify substances on cancer cells or normal substances that may help cancer cells grow. The antibodies attach to the substances and kill the cancer cells, block their growth, or keep them from spreading. Monoclonal antibodies are given by infusion. They may be used alone or to carry drugs, toxins, or radioactive material directly to cancer cells.                  -  Bevacizumab and ramucirumab are types of monoclonal antibodies that bind to a protein called vascular endothelial growth factor (VEGF). This may prevent the growth of new blood vessels that tumors need to grow.       -  Cetuximab and panitumumab are types of monoclonal antibodies that bind to a protein called epidermal growth factor receptor (EGFR) on the surface of some types of cancer cells. This may stop cancer cells from growing and dividing.                -  Angiogenesis inhibitors: Angiogenesis inhibitors stop the growth of new blood vessels that tumors need to grow.                   -  Ziv-aflibercept is a vascular endothelial growth factor trap that blocks an enzyme needed for the growth of new blood vessels in tumors.       -  Regorafenib is used to treat colorectal cancer that has spread to other parts of the body and has not gotten better with other treatment. It blocks the action of certain proteins, including vascular endothelial growth factor. This may help keep cancer cells from growing and may kill them. It may also prevent the growth of new blood vessels that tumors need to grow.                      See Drugs Approved for Colon and Rectal Cancer for more information.
                
                
                    New types of treatment are being tested in clinical trials.
                    Information about clinical trials is available from the NCI website.
                
                
                    Patients may want to think about taking part in a clinical trial.
                    For some patients, taking part in a clinical trial may be the best treatment choice. Clinical trials are part of the cancer research process. Clinical trials are done to find out if new cancer treatments are safe and effective or better than the standard treatment.   Many of today's standard treatments for cancer are based on earlier clinical trials. Patients who take part in a clinical trial may receive the standard treatment or be among the first to receive a new treatment.   Patients who take part in clinical trials also help improve the way cancer will be treated in the future. Even when clinical trials do not lead to effective new treatments, they often answer important questions and help move research forward.
                
                
                    Patients can enter clinical trials before, during, or after starting their cancer treatment.
                    Some clinical trials only include patients who have not yet received treatment. Other trials test treatments for patients whose cancer has not gotten better. There are also clinical trials that test new ways to stop cancer from recurring (coming back) or reduce the side effects of cancer treatment.   Clinical trials are taking place in many parts of the country. See the Treatment Options section that follows for links to current treatment clinical trials. These have been retrieved from NCI's listing of clinical trials.
                
                
                    Follow-up tests may be needed.
                    Some of the tests that were done to diagnose the cancer or to find out the stage of the cancer may be repeated. Some tests will be repeated in order to see how well the treatment is working. Decisions about whether to continue, change, or stop treatment may be based on the results of these tests.   Some of the tests will continue to be done from time to time after treatment has ended. The results of these tests can show if your condition has changed or if the cancer has recurred (come back). These tests are sometimes called follow-up tests or check-ups.
                
	        	
	            	Treatment Options for Colon Cancer
			            
			                
			                    Stage 0 (Carcinoma in Situ)
			                    Treatment of stage 0 (carcinoma in situ) may include the following types of surgery:         -  Local excision or simple polypectomy.    -  Resection and anastomosis. This is done when the tumor is too large to remove by local excision.        Check the list of NCI-supported cancer clinical trials that are now accepting patients with stage 0 colon cancer. For more specific results, refine the search by using other search features, such as the location of the trial, the type of treatment, or the name of the drug. Talk with your doctor about clinical trials that may be right for you. General information about clinical trials is available from the NCI website.
			                
			                
			                    Stage I Colon Cancer
			                    Treatment of stage I colon cancer usually includes the following:         -  Resection and anastomosis.        Check the list of NCI-supported cancer clinical trials that are now accepting patients with stage I colon cancer. For more specific results, refine the search by using other search features, such as the location of the trial, the type of treatment, or the name of the drug. Talk with your doctor about clinical trials that may be right for you. General information about clinical trials is available from the NCI website.
			                
			                
			                    Stage II Colon Cancer
			                    Treatment of stage II colon cancer may include the following:         -  Resection and anastomosis.        Check the list of NCI-supported cancer clinical trials that are now accepting patients with stage II colon cancer. For more specific results, refine the search by using other search features, such as the location of the trial, the type of treatment, or the name of the drug. Talk with your doctor about clinical trials that may be right for you. General information about clinical trials is available from the NCI website.
			                
			                
			                    Stage III Colon Cancer
			                    Treatment of stage III colon cancer may include the following:         -  Resection and anastomosis which may be followed by chemotherapy.    -  Clinical trials of new chemotherapy regimens after surgery.        Check the list of NCI-supported cancer clinical trials that are now accepting patients with stage III colon cancer. For more specific results, refine the search by using other search features, such as the location of the trial, the type of treatment, or the name of the drug. Talk with your doctor about clinical trials that may be right for you. General information about clinical trials is available from the NCI website.
			                
			                
			                    Stage IV and Recurrent Colon Cancer
			                    Treatment of stage IV and recurrent colon cancer may include the following:         -  Local excision for tumors that have recurred.    -  Resection with or without anastomosis.    -  Surgery to remove parts of other organs, such as the liver, lungs, and ovaries, where the cancer may have recurred or spread. Treatment of cancer that has spread to the liver may also include the following:               -  Chemotherapy given before surgery to shrink the tumor, after surgery, or both before and after.       -  Radiofrequency ablation or cryosurgery, for patients who cannot have surgery.      -  Chemoembolization of the hepatic artery.                       -  Radiation therapy or chemotherapy may be offered to some patients as palliative therapy to relieve symptoms and improve quality of life.    - Chemotherapy and/or targeted therapy with a monoclonal antibody or an angiogenesis inhibitor.     -  Clinical trials of chemotherapy and/or targeted therapy.        Check the list of NCI-supported cancer clinical trials that are now accepting patients with stage IV colon cancer and recurrent colon cancer. For more specific results, refine the search by using other search features, such as the location of the trial, the type of treatment, or the name of the drug. Talk with your doctor about clinical trials that may be right for you. General information about clinical trials is available from the NCI website.",cancer,train,CancerQA.csv
what research (or clinical trials) is being done for Colon Cancer ?,"New types of treatment are being tested in clinical trials.
                    Information about clinical trials is available from the NCI website.
                
                
                    Patients may want to think about taking part in a clinical trial.
                    For some patients, taking part in a clinical trial may be the best treatment choice. Clinical trials are part of the cancer research process. Clinical trials are done to find out if new cancer treatments are safe and effective or better than the standard treatment.   Many of today's standard treatments for cancer are based on earlier clinical trials. Patients who take part in a clinical trial may receive the standard treatment or be among the first to receive a new treatment.   Patients who take part in clinical trials also help improve the way cancer will be treated in the future. Even when clinical trials do not lead to effective new treatments, they often answer important questions and help move research forward.
                
                
                    Patients can enter clinical trials before, during, or after starting their cancer treatment.
                    Some clinical trials only include patients who have not yet received treatment. Other trials test treatments for patients whose cancer has not gotten better. There are also clinical trials that test new ways to stop cancer from recurring (coming back) or reduce the side effects of cancer treatment.   Clinical trials are taking place in many parts of the country. See the Treatment Options section that follows for links to current treatment clinical trials. These have been retrieved from NCI's listing of clinical trials.",cancer,train,CancerQA.csv
What is (are) Oral Cavity and Oropharyngeal Cancer ?,"Key Points
                    - Oral cavity and oropharyngeal cancer are diseases in which malignant (cancer) cells form in the mouth and throat.    - The number of new cases of oral cavity and oropharyngeal cancer and the number of deaths from oral cavity and oropharyngeal cancer varies by race and gender.    - Different factors increase or decrease the risk of oral cavity and oropharyngeal cancer.
                
                
                    Oral cavity and oropharyngeal cancer are diseases in which malignant (cancer) cells form in the mouth and throat.
                    Oral cavity cancer forms in any of these tissues of the oral cavity:         - The front two thirds of the tongue.    - The gingiva (gums).    - The buccal mucosa (the lining of the inside of the cheeks).    - The floor (bottom) of the mouth under the tongue.    - The hard palate (the front of the roof of the mouth).    - The retromolar trigone (the small area behind the wisdom teeth).          Oropharyngeal cancer forms in any of these tissues of the oropharynx:         - The middle part of the pharynx (throat) behind the mouth.    - The back one third of the tongue.    - The soft palate (the back of the roof of the mouth).    - The side and back walls of the throat.    - The tonsils.          Most oral cavity and oropharyngeal cancers start in squamous cells, the thin, flat cells that line the lips, oral cavity, and oropharynx. Cancer that forms in squamous cells is called squamous cell carcinoma.   See the following PDQ summaries for more information about the screening, diagnosis, and treatment of oral cavity and oropharyngeal cancer:         -  Oral Cavity and Oropharyngeal Cancer Prevention     -  Lip and Oral Cavity Cancer Treatment     -  Oropharyngeal Cancer Treatment
                
                
                    The number of new cases of oral cavity and oropharyngeal cancer and the number of deaths from oral cavity and oropharyngeal cancer varies by race and gender.
                    Over the past ten years, the number of new cases and deaths from oral cavity and oropharyngeal cancer slightly increased in white men and women. The number slightly decreased among black men and women.   Oral cavity and oropharyngeal cancer is more common in men than in women. Although oral cavity and oropharyngeal cancer may occur in adults of any age, it occurs most often in those aged 55 to 64 years.   France, Brazil, and parts of Asia have much higher rates of oral cavity and oropharyngeal cancer than most other countries.    The number of new cases of oropharyngeal cancer caused by certain types of human papillomavirus (HPV) infection has increased. One kind of HPV, called HPV 16, is often passed from one person to another during sexual activity.",cancer,train,CancerQA.csv
Who is at risk for Oral Cavity and Oropharyngeal Cancer? ?,"The number of new cases of oral cavity and oropharyngeal cancer and the number of deaths from oral cavity and oropharyngeal cancer varies by race and gender. Over the past ten years, the number of new cases and deaths from oral cavity and oropharyngeal cancer slightly increased in white men and women. The number slightly decreased among black men and women.   Oral cavity and oropharyngeal cancer is more common in men than in women. Although oral cavity and oropharyngeal cancer may occur in adults of any age, it occurs most often in those aged 55 to 64 years.   France, Brazil, and parts of Asia have much higher rates of oral cavity and oropharyngeal cancer than most other countries.    The number of new cases of oropharyngeal cancer caused by certain types of human papillomavirus (HPV) infection has increased. One kind of HPV, called HPV 16, is often passed from one person to another during sexual activity.",cancer,train,CancerQA.csv
Who is at risk for Oral Cavity and Oropharyngeal Cancer? ?,"Different factors increase or decrease the risk of oral cavity and oropharyngeal cancer. Anything that increases your chance of getting a disease is called a risk factor. Anything that decreases your chance of getting a disease is called a protective factor.    For information about risk factors and protective factors for oral cavity and oropharyngeal cancer, see the PDQ summary on Oral Cavity and Oropharyngeal Cancer Prevention.",cancer,test,CancerQA.csv
What is (are) Pituitary Tumors ?,"Key Points
                    - A pituitary tumor is a growth of abnormal cells in the tissues of the pituitary gland.    - The pituitary gland hormones control many other glands in the body.    - Having certain genetic conditions increases the risk of developing a pituitary tumor.    - Signs of a pituitary tumor include problems with vision and certain physical changes.    - Imaging studies and tests that examine the blood and urine are used to detect (find) and diagnose a pituitary tumor.    - Certain factors affect prognosis (chance of recovery) and treatment options.
                
                
                    A pituitary tumor is a growth of abnormal cells in the tissues of the pituitary gland.
                    Pituitary tumors form in the pituitary gland, a pea-sized organ in the center of the brain, just above the back of the nose. The pituitary gland is sometimes called the ""master endocrine gland"" because it makes hormones that affect the way many parts of the body work. It also controls hormones made by many other glands in the body.      Pituitary tumors are divided into three groups:         -  Benign pituitary adenomas: Tumors that are not cancer. These tumors grow very slowly and do not spread from the pituitary gland to other parts of the body.     - Invasive pituitary adenomas: Benign tumors that may spread to bones of the skull or the sinus cavity below the pituitary gland.    - Pituitary carcinomas: Tumors that are malignant (cancer). These pituitary tumors spread into other areas of the central nervous system (brain and spinal cord) or outside of the central nervous system. Very few pituitary tumors are malignant.        Pituitary tumors may be either non-functioning or functioning.          - Non-functioning pituitary tumors do not make extra amounts of hormones.    - Functioning pituitary tumors make more than the normal amount of one or more hormones. Most pituitary tumors are functioning tumors. The extra hormones made by pituitary tumors may cause certain signs or symptoms of disease.
                
                
                    The pituitary gland hormones control many other glands in the body.
                    Hormones made by the pituitary gland include:         -  Prolactin: A hormone that causes a womans breasts to make milk during and after pregnancy.     -  Adrenocorticotropic hormone (ACTH): A hormone that causes the adrenal glands to make a hormone called cortisol. Cortisol helps control the use of sugar, protein, and fats in the body and helps the body deal with stress.    -  Growth hormone: A hormone that helps control body growth and the use of sugar and fat in the body. Growth hormone is also called somatotropin.    -  Thyroid-stimulating hormone: A hormone that causes the thyroid gland to make other hormones that control growth, body temperature, and heart rate. Thyroid-stimulating hormone is also called thyrotropin.     -  Luteinizing hormone (LH) and follicle-stimulating hormone (FSH): Hormones that control the menstrual cycle in women and the making of sperm in men.",cancer,train,CancerQA.csv
Who is at risk for Pituitary Tumors? ?,Having certain genetic conditions increases the risk of developing a pituitary tumor.Anything that increases your risk of getting a disease is called a risk factor. Having a risk factor does not mean that you will get cancer; not having risk factors doesnt mean that you will not get cancer. Talk with your doctor if you think you may be at risk. Risk factors for pituitary tumors include having the following hereditary diseases:         -  Multiple endocrine neoplasia type 1 (MEN1) syndrome.    -  Carney complex.    - Isolated familial acromegaly.,cancer,train,CancerQA.csv
What are the symptoms of Pituitary Tumors ?,"Signs of a pituitary tumor include problems with vision and certain physical changes. Signs and symptoms can be caused by the growth of the tumor and/or by hormones the tumor makes or by other conditions. Some tumors may not cause signs or symptoms. Check with your doctor if you have any of these problems.     Signs and symptoms of a non-functioning pituitary tumor    Sometimes, a pituitary tumor may press on or damage parts of the pituitary gland, causing it to stop making one or more hormones. Too little of a certain hormone will affect the work of the gland or organ that the hormone controls. The following signs and symptoms may occur:         - Headache.    - Some loss of vision.    - Loss of body hair.    - In women, less frequent or no menstrual periods or no milk from the breasts.     - In men, loss of facial hair, growth of breast tissue, and impotence.    - In women and men, lower sex drive.    -  In children, slowed growth and sexual development.        Most of the tumors that make LH and FSH do not make enough extra hormone to cause signs and symptoms. These tumors are considered to be non-functioning tumors.    Signs and symptoms of a functioning pituitary tumor    When a functioning pituitary tumor makes extra hormones, the signs and symptoms will depend on the type of hormone being made.    Too much prolactin may cause:          - Headache.    - Some loss of vision.    - Less frequent or no menstrual periods or menstrual periods with a very light flow.     - Trouble becoming pregnant or an inability to become pregnant.    - Impotence in men.    - Lower sex drive.    - Flow of breast milk in a woman who is not pregnant or breast-feeding.         Too much ACTH may cause:          - Headache.    - Some loss of vision.    - Weight gain in the face, neck, and trunk of the body, and thin arms and legs.     - A lump of fat on the back of the neck.    - Thin skin that may have purple or pink stretch marks on the chest or abdomen.    - Easy bruising.    - Growth of fine hair on the face, upper back, or arms.    - Bones that break easily.    -  Anxiety, irritability, and depression.         Too much growth hormone may cause:          - Headache.    - Some loss of vision.    - In adults, acromegaly (growth of the bones in the face, hands, and feet). In children, the whole body may grow much taller and larger than normal.    - Tingling or numbness in the hands and fingers.    - Snoring or pauses in breathing during sleep.    -  Joint pain.    - Sweating more than usual.    - Dysmorphophobia (extreme dislike of or concern about one or more parts of the body).         Too much thyroid-stimulating hormone may cause:          - Irregular heartbeat.    - Shakiness.    - Weight loss.     - Trouble sleeping.    - Frequent bowel movements.    - Sweating.         Other general signs and symptoms of pituitary tumors:          -  Nausea and vomiting.    -  Confusion.    - Dizziness.    -  Seizures.    - Runny or ""drippy"" nose (cerebrospinal fluid that surrounds the brain and spinal cord leaks into the nose).",cancer,train,CancerQA.csv
How to diagnose Pituitary Tumors ?,"Imaging studies and tests that examine the blood and urine are used to detect (find) and diagnose a pituitary tumor. The following tests and procedures may be used:         -   Physical exam and history : An exam of the body to check general signs of health, including checking for signs of disease, such as lumps or anything else that seems unusual. A history of the patients health habits and past illnesses and treatments will also be taken.     -  Eye exam: An exam to check vision and the general health of the eyes.    -  Visual field exam: An exam to check a persons field of vision (the total area in which objects can be seen). This test measures both central vision (how much a person can see when looking straight ahead) and peripheral vision (how much a person can see in all other directions while staring straight ahead). The eyes are tested one at a time. The eye not being tested is covered.    -   Neurological exam : A series of questions and tests to check the brain, spinal cord, and nerve function. The exam checks a persons mental status, coordination, and ability to walk normally, and how well the muscles, senses, and reflexes work. This may also be called a neuro exam or a neurologic exam.     -   MRI (magnetic resonance imaging) with gadolinium : A procedure that uses a magnet, radio waves, and a computer to make a series of detailed pictures of areas inside the brain and spinal cord. A substance called gadolinium is injected into a vein. The gadolinium collects around the cancer cells so they show up brighter in the picture. This procedure is also called nuclear magnetic resonance imaging (NMRI).    -   Blood chemistry study : A procedure in which a blood sample is checked to measure the amounts of certain substances, such as glucose (sugar), released into the blood by organs and tissues in the body. An unusual (higher or lower than normal) amount of a substance can be a sign of disease.     -  Blood tests: Tests to measure the levels of testosterone or estrogen in the blood. A higher or lower than normal amount of these hormones may be a sign of pituitary tumor.    -  Twenty-four-hour urine test: A test in which urine is collected for 24 hours to measure the amounts of certain substances. An unusual (higher or lower than normal) amount of a substance can be a sign of disease in the organ or tissue that makes it. A higher than normal amount of the hormone cortisol may be a sign of a pituitary tumor and Cushing syndrome.     -  High-dose dexamethasone suppression test: A test in which one or more high doses of dexamethasone are given. The level of cortisol is checked from a sample of blood or from urine that is collected for three days. This test is done to check if the adrenal gland is making too much cortisol or if the pituitary gland is telling the adrenal glands to make too much cortisol.    -  Low-dose dexamethasone suppression test: A test in which one or more small doses of dexamethasone are given. The level of cortisol is checked from a sample of blood or from urine that is collected for three days. This test is done to check if the adrenal gland is making too much cortisol.     -   Venous sampling for pituitary tumors: A procedure in which a sample of blood is taken from veins coming from the pituitary gland. The sample is checked to measure the amount of ACTH released into the blood by the gland. Venous sampling may be done if blood tests show there is a tumor making ACTH, but the pituitary gland looks normal in the imaging tests.     -   Biopsy : The removal of cells or tissues so they can be viewed under a microscope by a pathologist to check for signs of cancer.  The following tests may be done on the sample of tissue that is removed:               -  Immunohistochemistry : A test that uses antibodies to check for certain antigens in a sample of tissue. The antibody is usually linked to a radioactive substance or a dye that causes the tissue to light up under a microscope. This type of test may be used to tell the difference between different types of cancer.      -  Immunocytochemistry : A test that uses antibodies to check for certain antigens in a sample of cells. The antibody is usually linked to a radioactive substance or a dye that causes the cells to light up under a microscope. This type of test may be used to tell the difference between different types of cancer.      -  Light and electron microscopy : A laboratory test in which cells in a sample of tissue are viewed under regular and high-powered microscopes to look for certain changes in the cells.",cancer,test,CancerQA.csv
What is the outlook for Pituitary Tumors ?,Certain factors affect prognosis (chance of recovery) and treatment options. The prognosis (chance of recovery) depends on the type of tumor and whether the tumor has spread into other areas of the central nervous system (brain and spinal cord) or outside of the central nervous system to other parts of the body.   Treatment options depend on the following:         - The type and size of the tumor.    - Whether the tumor is making hormones.    - Whether the tumor is causing problems with vision or other signs or symptoms.    - Whether the tumor has spread into the brain around the pituitary gland or to other parts of the body.    - Whether the tumor has just been diagnosed or has recurred (come back).,cancer,train,CancerQA.csv
What are the stages of Pituitary Tumors ?,"Key Points
                    - Once a pituitary tumor has been diagnosed, tests are done to find out if it has spread within the central nervous system (brain and spinal cord) or to other parts of the body.     - Pituitary tumors are described in several ways.
                
                
                    Once a pituitary tumor has been diagnosed, tests are done to find out if it has spread within the central nervous system (brain and spinal cord) or to other parts of the body.
                    The extent or spread of cancer is usually described as stages. There is no standard staging system for pituitary tumors. Once a pituitary tumor is found, tests are done to find out if the tumor has spread into the brain or to other parts of the body. The following test may be used:          -   MRI (magnetic resonance imaging): A procedure that uses a magnet, radio waves, and a computer to make a series of detailed pictures of areas inside the body. This procedure is also called nuclear magnetic resonance imaging (NMRI).
                
                
                    Pituitary tumors are described in several ways.
                    Pituitary tumors are described by their size and grade, whether or not they make extra hormones, and whether the tumor has spread to other parts of the body.   The following sizes are used:         - Microadenoma: The tumor is smaller than 1 centimeter.    - Macroadenoma: The tumor is 1 centimeter or larger.        Most pituitary adenomas are microadenomas.    The grade of a pituitary tumor is based on how far it has grown into the surrounding area of the brain, including the sella (the bone at the base of the skull, where the pituitary gland sits).",cancer,train,CancerQA.csv
What are the treatments for Pituitary Tumors ?,"Key Points
                    - There are different types of treatment for patients with pituitary tumors.    - Four types of standard treatment are used:         - Surgery     - Radiation therapy     - Drug therapy     - Chemotherapy        - New types of treatment are being tested in clinical trials.     - Patients may want to think about taking part in a clinical trial.    - Patients can enter clinical trials before, during, or after starting their cancer treatment.    - Follow-up tests may be needed.
                
                
                    There are different types of treatment for patients with pituitary tumors.
                    Different types of treatments are available for patients with pituitary tumors. Some treatments are standard (the currently used treatment), and some are being tested in clinical trials. A treatment clinical trial is a research study meant to help improve current treatments or obtain information on new treatments for patients with cancer. When clinical trials show that a new treatment is better than the standard treatment, the new treatment may become the standard treatment. Patients may want to think about taking part in a clinical trial. Some clinical trials are open only to patients who have not started treatment.
                
                
                    Four types of standard treatment are used:
                    Surgery    Many pituitary tumors can be removed by surgery using one of the following operations:            -  Transsphenoidal surgery: A type of surgery in which the instruments are inserted into part of the brain by going through an incision (cut) made under the upper lip or at the bottom of the nose between the nostrils and then through the sphenoid bone (a butterfly-shaped bone at the base of the skull) to reach the pituitary gland. The pituitary gland lies just above the sphenoid bone.     -  Endoscopic transsphenoidal surgery: A type of surgery in which an endoscope is inserted through an incision (cut) made at the back of the inside of the nose and then through the sphenoid bone to reach the pituitary gland. An endoscope is a thin, tube-like instrument with a light, a lens for viewing, and a tool for removing tumor tissue.     -  Craniotomy: Surgery to remove the tumor through an opening made in the skull.            Even if the doctor removes all the cancer that can be seen at the time of the surgery, some patients may be given chemotherapy or radiation therapy after surgery to kill any cancer cells that are left. Treatment given after the surgery, to lower the risk that the cancer will come back, is called adjuvant therapy.        Radiation therapy     Radiation therapy is a cancer treatment that uses high-energy x-rays or other types of radiation to kill cancer cells or keep them from growing. There are two types of radiation therapy:            -  External radiation therapy uses a machine outside the body to send radiation toward the cancer. Certain ways of giving radiation therapy can help keep radiation from damaging nearby healthy tissue. This type of radiation therapy may include the following:                  -  Stereotactic radiosurgery: A rigid head frame is attached to the skull to keep the head still during the radiation treatment. A machine aims a single large dose of radiation directly at the tumor. This procedure does not involve surgery. It is also called stereotaxic radiosurgery, radiosurgery, and radiation surgery.                -   Internal radiation therapy uses a radioactive substance sealed in needles, seeds, wires, or catheters that are placed directly into or near the cancer.           The way the radiation therapy is given depends on the type of the cancer being treated. External radiation therapy is used to treat pituitary tumors.       Drug therapy     Drugs may be given to stop a functioning pituitary tumor from making too many hormones.       Chemotherapy    Chemotherapy may be used as palliative treatment for pituitary carcinomas, to relieve symptoms and improve the patient's quality of life. Chemotherapy uses drugs to stop the growth of cancer cells, either by killing the cells or by stopping them from dividing. When chemotherapy is taken by mouth or injected into a vein or muscle, the drugs enter the bloodstream and can reach cancer cells throughout the body (systemic chemotherapy). When chemotherapy is placed directly into the cerebrospinal fluid, an organ, or a body cavity such as the abdomen, the drugs mainly affect cancer cells in those areas (regional chemotherapy). The way the chemotherapy is given depends on the type of the cancer being treated.
                
                
                    New types of treatment are being tested in clinical trials.
                    Information about clinical trials is available from the NCI website.
                
                
                    Patients may want to think about taking part in a clinical trial.
                    For some patients, taking part in a clinical trial may be the best treatment choice. Clinical trials are part of the cancer research process. Clinical trials are done to find out if new cancer treatments are safe and effective or better than the standard treatment.   Many of today's standard treatments for cancer are based on earlier clinical trials. Patients who take part in a clinical trial may receive the standard treatment or be among the first to receive a new treatment.   Patients who take part in clinical trials also help improve the way cancer will be treated in the future. Even when clinical trials do not lead to effective new treatments, they often answer important questions and help move research forward.
                
                
                    Patients can enter clinical trials before, during, or after starting their cancer treatment.
                    Some clinical trials only include patients who have not yet received treatment. Other trials test treatments for patients whose cancer has not gotten better. There are also clinical trials that test new ways to stop cancer from recurring (coming back) or reduce the side effects of cancer treatment.   Clinical trials are taking place in many parts of the country. See the Treatment Options section that follows for links to current treatment clinical trials. These have been retrieved from NCI's listing of clinical trials.
                
                
                    Follow-up tests may be needed.
                    Some of the tests that were done to diagnose the cancer or to find out the stage of the cancer may be repeated. Some tests will be repeated in order to see how well the treatment is working. Decisions about whether to continue, change, or stop treatment may be based on the results of these tests.   Some of the tests will continue to be done from time to time after treatment has ended. The results of these tests can show if your condition has changed or if the cancer has recurred (come back). These tests are sometimes called follow-up tests or check-ups.
                
 		        
		            Treatment Options for Pituitary Tumors
		            
		                
		                    Non-functioning Pituitary Tumors
		                    Treatment may include the following:          -  Surgery (transsphenoidal surgery, if possible) to remove the tumor, followed by watchful waiting (closely monitoring a patients condition without giving any treatment until signs or symptoms appear or change). Radiation therapy is given if the tumor comes back.     - Radiation therapy alone.         Treatment for luteinizing hormone -producing and follicle-stimulating hormone -producing tumors is usually transsphenoidal surgery to remove the tumor.
		                
		                
		                    Prolactin-Producing Pituitary Tumors
		                    Treatment may include the following:         -  Drug therapy to stop the tumor from making prolactin and to stop the tumor from growing.    -  Surgery to remove the tumor (transsphenoidal surgery or craniotomy) when the tumor does not respond to drug therapy or when the patient cannot take the drug.     -  Radiation therapy.     - Surgery followed by radiation therapy.
		                
		                
		                    ACTH-Producing Pituitary Tumors
		                    Treatment may include the following:         -  Surgery (usually transsphenoidal surgery) to remove the tumor, with or without radiation therapy.     - Radiation therapy alone.     -  Drug therapy to stop the tumor from making ACTH.     - A clinical trial of stereotactic radiation surgery.
		                
		                
		                    Growth HormoneProducing Pituitary Tumors
		                    Treatment may include the following:         -  Surgery (usually transsphenoidal or endoscopic transsphenoidal surgery) to remove the tumor, with or without radiation therapy.     -  Drug therapy to stop the tumor from making growth hormone.
		                
		                
		                    Thyroid-Stimulating HormoneProducing Tumors
		                    Treatment may include the following:         -  Surgery (usually transsphenoidal surgery) to remove the tumor, with or without radiation therapy.     -  Drug therapy to stop the tumor from making hormones.
		                
		                
		                    Pituitary Carcinomas
		                    Treatment of pituitary carcinomas is palliative, to relieve symptoms and improve the quality of life. Treatment may include the following:         -  Surgery (transsphenoidal surgery or craniotomy) to remove the cancer, with or without radiation therapy.     -  Drug therapy to stop the tumor from making hormones.     -  Chemotherapy.
		                
		                
		                    Recurrent Pituitary Tumors
		                    Treatment may include the following:         -  Radiation therapy.     - A clinical trial of stereotactic radiation surgery.",cancer,test,CancerQA.csv
what research (or clinical trials) is being done for Pituitary Tumors ?,"New types of treatment are being tested in clinical trials.
                    Information about clinical trials is available from the NCI website.
                
                
                    Patients may want to think about taking part in a clinical trial.
                    For some patients, taking part in a clinical trial may be the best treatment choice. Clinical trials are part of the cancer research process. Clinical trials are done to find out if new cancer treatments are safe and effective or better than the standard treatment.   Many of today's standard treatments for cancer are based on earlier clinical trials. Patients who take part in a clinical trial may receive the standard treatment or be among the first to receive a new treatment.   Patients who take part in clinical trials also help improve the way cancer will be treated in the future. Even when clinical trials do not lead to effective new treatments, they often answer important questions and help move research forward.
                
                
                    Patients can enter clinical trials before, during, or after starting their cancer treatment.
                    Some clinical trials only include patients who have not yet received treatment. Other trials test treatments for patients whose cancer has not gotten better. There are also clinical trials that test new ways to stop cancer from recurring (coming back) or reduce the side effects of cancer treatment.   Clinical trials are taking place in many parts of the country. See the Treatment Options section that follows for links to current treatment clinical trials. These have been retrieved from NCI's listing of clinical trials.",cancer,train,CancerQA.csv
What is (are) Chronic Myeloproliferative Neoplasms ?,"Key Points
                    - Myeloproliferative neoplasms are a group of diseases in which the bone marrow makes too many red blood cells, white blood cells, or platelets.     - There are 6 types of chronic myeloproliferative neoplasms.    - Tests that examine the blood and bone marrow are used to detect (find) and diagnose chronic myeloproliferative neoplasms.
                
                
                    Myeloproliferative neoplasms are a group of diseases in which the bone marrow makes too many red blood cells, white blood cells, or platelets.
                    Normally, the bone marrow makes blood stem cells (immature cells) that become mature blood cells over time.     A blood stem cell may become a myeloid stem cell or a lymphoid stem cell. A lymphoid stem cell becomes a white blood cell. A myeloid stem cell becomes one of three types of mature blood cells:         -  Red blood cells that carry oxygen and other substances to all tissues of the body.    - White blood cells that fight infection and disease.    -  Platelets that form blood clots to stop bleeding.          In myeloproliferative neoplasms, too many blood stem cells become one or more types of blood cells. The neoplasms usually get worse slowly as the number of extra blood cells increases.
                
                
                    There are 6 types of chronic myeloproliferative neoplasms.
                    The type of myeloproliferative neoplasm is based on whether too many red blood cells, white blood cells, or platelets are being made. Sometimes the body will make too many of more than one type of blood cell, but usually one type of blood cell is affected more than the others are. Chronic myeloproliferative neoplasms include the following 6 types:         -  Chronic myelogenous leukemia.    -  Polycythemia vera.    -  Primary myelofibrosis (also called chronic idiopathic myelofibrosis).     -  Essential thrombocythemia.    -  Chronic neutrophilic leukemia.    -  Chronic eosinophilic leukemia.        These types are described below. Chronic myeloproliferative neoplasms sometimes become acute leukemia, in which too many abnormal white blood cells are made.",cancer,train,CancerQA.csv
How to diagnose Chronic Myeloproliferative Neoplasms ?,"Tests that examine the blood and bone marrow are used to detect (find) and diagnose chronic myeloproliferative neoplasms. The following tests and procedures may be used:         -   Physical exam and history : An exam of the body to check general signs of health, including checking for signs of disease, such as lumps or anything else that seems unusual. A history of the patients health habits and past illnesses and treatments will also be taken.    -   Complete blood count (CBC) with differential : A procedure in which a sample of blood is drawn and checked for the following:                - The number of red blood cells and platelets.       - The number and type of white blood cells.      - The amount of hemoglobin (the protein that carries oxygen) in the red blood cells.       - The portion of the blood sample made up of red blood cells.              -   Peripheral blood smear : A procedure in which a sample of blood is checked for the following:                - Whether there are red blood cells shaped like teardrops.      - The number and kinds of white blood cells.      - The number of platelets.      - Whether there are blast cells.              -   Blood chemistry studies : A procedure in which a blood sample is checked to measure the amounts of certain substances released into the blood by organs and tissues in the body. An unusual (higher or lower than normal) amount of a substance can be a sign of disease.    -   Bone marrow aspiration and biopsy : The removal of bone marrow, blood, and a small piece of bone by inserting a hollow needle into the hipbone or breastbone. A pathologist views the bone marrow, blood, and bone under a microscope to look for abnormal cells.    -   Cytogenetic analysis : A test in which cells in a sample of blood or bone marrow are viewed under a microscope to look for certain changes in the chromosomes. Certain diseases or disorders may be diagnosed or ruled out based on the chromosomal changes.    -   Gene mutation test: A laboratory test done on a bone marrow or blood sample to check for mutations in  JAK2 ,  MPL , or  CALR genes. A JAK2 gene mutation is often found in patients with polycythemia vera, essential thrombocythemia, or primary myelofibrosis. MPL or CALR gene mutations are found in patients with essential thrombocythemia or primary myelofibrosis.",cancer,train,CancerQA.csv
What are the stages of Chronic Myeloproliferative Neoplasms ?,"Key Points
                    - There is no standard staging system for chronic myeloproliferative neoplasms.
                
                
                    There is no standard staging system for chronic myeloproliferative neoplasms.
                    Staging is the process used to find out how far the cancer has spread. There is no standard staging system for chronic myeloproliferative neoplasms. Treatment is based on the type of myeloproliferative neoplasm the patient has. It is important to know the type in order to plan treatment.",cancer,train,CancerQA.csv
What are the treatments for Chronic Myeloproliferative Neoplasms ?,"Key Points
                    - There are different types of treatment for patients with chronic myeloproliferative neoplasms.    - Eleven types of standard treatment are used:          - Watchful waiting     -  Phlebotomy      -  Platelet apheresis      - Transfusion therapy     -  Chemotherapy      -  Radiation therapy      - Other drug therapy     -  Surgery      - Biologic therapy      - Targeted therapy     - High-dose chemotherapy with stem cell transplant        - New types of treatment are being tested in clinical trials.    - Patients may want to think about taking part in a clinical trial.    - Patients can enter clinical trials before, during, or after starting their cancer treatment.    - Follow-up tests may be needed.
                
                
                    There are different types of treatment for patients with chronic myeloproliferative neoplasms.
                    Different types of treatments are available for patients with chronic myeloproliferative neoplasms. Some treatments are standard (the currently used treatment), and some are being tested in clinical trials. A treatment clinical trial is a research study meant to help improve current treatments or obtain information on new treatments. When clinical trials show that a new treatment is better than the standard treatment, the new treatment may become the standard treatment. Patients may want to think about taking part in a clinical trial. Some clinical trials are open only to patients who have not started treatment.
                
                
                    Eleven types of standard treatment are used:
                    Watchful waiting     Watchful waiting is closely monitoring a patients condition without giving any treatment until signs or symptoms appear or change.        Phlebotomy      Phlebotomy is a procedure in which blood is taken from a vein. A sample of blood may be taken for tests such as a CBC or blood chemistry. Sometimes phlebotomy is used as a treatment and blood is taken from the body to remove extra red blood cells. Phlebotomy is used in this way to treat some chronic myeloproliferative neoplasms.         Platelet apheresis      Platelet apheresis is a treatment that uses a special machine to remove platelets from the blood. Blood is taken from the patient and put through a blood cell separator where the platelets are removed. The rest of the blood is then returned to the patients bloodstream.       Transfusion therapy     Transfusion therapy (blood transfusion) is a method of giving red blood cells, white blood cells, or platelets to replace blood cells destroyed by disease or cancer treatment.        Chemotherapy      Chemotherapy is a cancer treatment that uses drugs to stop the growth of cancer cells, either by killing the cells or by stopping them from dividing. When chemotherapy is taken by mouth or injected into a vein or muscle, the drugs enter the bloodstream and can reach cancer cells throughout the body (systemic chemotherapy). When chemotherapy is placed directly into the cerebrospinal fluid, an organ, or a body cavity such as the abdomen, the drugs mainly affect cancer cells in those areas (regional chemotherapy). The way the chemotherapy is given depends on the type and stage of the cancer being treated.    See Drugs Approved for Myeloproliferative Neoplasms for more information.        Radiation therapy      Radiation therapy is a cancer treatment that uses high-energy x-rays or other types of radiation to kill cancer cells or keep them from growing. There are two types of radiation therapy:            -  External radiation therapy uses a machine outside the body to send radiation toward the cancer.     -  Internal radiation therapy uses a radioactive substance sealed in needles, seeds, wires, or catheters that are placed directly into or near the cancer.           The way the radiation therapy is given depends on the type of cancer being treated. External radiation therapy is used to treat chronic myeloproliferative neoplasms, and is usually directed at the spleen.       Other drug therapy     Prednisone and danazol are drugs that may be used to treat anemia in patients with primary myelofibrosis.     Anagrelide therapy is used to reduce the risk of blood clots in patients who have too many platelets in their blood. Low-dose aspirin may also be used to reduce the risk of blood clots.     Thalidomide, lenalidomide, and pomalidomide are drugs that prevent blood vessels from growing into areas of tumor cells.     See Drugs Approved for Myeloproliferative Neoplasms for more information.        Surgery      Splenectomy (surgery to remove the spleen) may be done if the spleen is enlarged.        Biologic therapy      Biologic therapy is a treatment that uses the patient's immune system to fight cancer or other diseases. Substances made by the body or made in a laboratory are used to boost, direct, or restore the body's natural defenses against disease. This type of treatment is also called biotherapy or immunotherapy. Interferon alfa and pegylated interferon alpha are biologic agents commonly used to treat some chronic myeloproliferative neoplasms.      Erythropoietic growth factors are also biologic agents. They are used to stimulate the bone marrow to make red blood cells.        Targeted therapy     Targeted therapy is a type of treatment that uses drugs or other substances to identify and attack specific cancer cells without harming normal cells. Tyrosine kinase inhibitors are targeted therapy drugs that block signals needed for tumors to grow.      Ruxolitinib is a tyrosine kinase inhibitor used to treat certain types of myelofibrosis.    See Drugs Approved for Myeloproliferative Neoplasms for more information.    Other types of targeted therapies are being studied in clinical trials.       High-dose chemotherapy with stem cell transplant     High-dose chemotherapy with stem cell transplant is a method of giving high doses of chemotherapy and replacing blood-forming cells destroyed by the cancer treatment. Stem cells (immature blood cells) are removed from the blood or bone marrow of the patient or a donor and are frozen and stored. After the chemotherapy is completed, the stored stem cells are thawed and given back to the patient through an infusion. These reinfused stem cells grow into (and restore) the body's blood cells.
                
                
                    New types of treatment are being tested in clinical trials.
                    Information about clinical trials is available from the NCI website.
                
                
                    Patients may want to think about taking part in a clinical trial.
                    For some patients, taking part in a clinical trial may be the best treatment choice. Clinical trials are part of the cancer research process. Clinical trials are done to find out if new cancer treatments are safe and effective or better than the standard treatment.   Many of today's standard treatments for cancer are based on earlier clinical trials. Patients who take part in a clinical trial may receive the standard treatment or be among the first to receive a new treatment.   Patients who take part in clinical trials also help improve the way cancer will be treated in the future. Even when clinical trials do not lead to effective new treatments, they often answer important questions and help move research forward.
                
                
                    Patients can enter clinical trials before, during, or after starting their cancer treatment.
                    Some clinical trials only include patients who have not yet received treatment. Other trials test treatments for patients whose cancer has not gotten better. There are also clinical trials that test new ways to stop cancer from recurring (coming back) or reduce the side effects of cancer treatment.   Clinical trials are taking place in many parts of the country. See the Treatment Options section that follows for links to current treatment clinical trials. These have been retrieved from NCI's listing of clinical trials.
                
                
                    Follow-up tests may be needed.
                    Some of the tests that were done to diagnose the cancer or to find out the stage of the cancer may be repeated. Some tests will be repeated in order to see how well the treatment is working. Decisions about whether to continue, change, or stop treatment may be based on the results of these tests.   Some of the tests will continue to be done from time to time after treatment has ended. The results of these tests can show if your condition has changed or if the cancer has recurred (come back). These tests are sometimes called follow-up tests or check-ups.
                
                
								            Treatment Options for Chronic Myeloproliferative Neoplasms
								            
								                
								                    Chronic Myelogenous Leukemia
								                    See the PDQ summary about Chronic Myelogenous Leukemia Treatment for information.
								                
								                
								                    Polycythemia Vera
								                    The purpose of treatment for polycythemia vera is to reduce the number of extra blood cells. Treatment of polycythemia vera may include the following:             -  Phlebotomy.     -  Chemotherapy with or without phlebotomy.     -  Biologic therapy using interferon alfa or pegylated interferon alpha.     - Low-dose aspirin.            Check the list of NCI-supported cancer clinical trials that are now accepting patients with polycythemia vera. For more specific results, refine the search by using other search features, such as the location of the trial, the type of treatment, or the name of the drug. Talk with your doctor about clinical trials that may be right for you. General information about clinical trials is available from the NCI website.
								                
								                
								                    Primary Myelofibrosis
								                    Treatment of primary myelofibrosis in patients without signs or symptoms is usually watchful waiting.    Patients with primary myelofibrosis may have signs or symptoms of anemia. Anemia is usually treated with transfusion of red blood cells to relieve symptoms and improve quality of life. In addition, anemia may be treated with:             -  Erythropoietic growth factors.     -  Prednisone.     -  Danazol.     -  Thalidomide, lenalidomide, or pomalidomide, with or without prednisone.            Treatment of primary myelofibrosis in patients with other signs or symptoms may include the following:            -  Targeted therapy with ruxolitinib.     -  Chemotherapy.     -  Donor stem cell transplant.     - Thalidomide, lenalidomide, or pomalidomide.     -  Splenectomy.     -  Radiation therapy to the spleen, lymph nodes, or other areas outside the bone marrow where blood cells are forming.     -  Biologic therapy using interferon alfa or erythropoietic growth factors.     - A clinical trial of other targeted therapy drugs.            Check the list of NCI-supported cancer clinical trials that are now accepting patients with primary myelofibrosis. For more specific results, refine the search by using other search features, such as the location of the trial, the type of treatment, or the name of the drug. Talk with your doctor about clinical trials that may be right for you. General information about clinical trials is available from the NCI website.
								                
								                
								                    Essential Thrombocythemia
								                    Treatment of essential thrombocythemia in patients younger than 60 years who have no signs or symptoms and an acceptable platelet count is usually watchful waiting. Treatment of other patients may include the following:            -  Chemotherapy.     -  Anagrelide therapy.     -  Biologic therapy using interferon alfa or pegylated interferon alpha.     - Platelet apheresis.     - A clinical trial of a new treatment.            Check the list of NCI-supported cancer clinical trials that are now accepting patients with essential thrombocythemia. For more specific results, refine the search by using other search features, such as the location of the trial, the type of treatment, or the name of the drug. Talk with your doctor about clinical trials that may be right for you. General information about clinical trials is available from the NCI website.
								                
								                
								                    Chronic Neutrophilic Leukemia
								                    Treatment of chronic neutrophilic leukemia may include the following:            -  Donor bone marrow transplant.     -  Chemotherapy.     -  Biologic therapy using interferon alfa.      - A clinical trial of a new treatment.            Check the list of NCI-supported cancer clinical trials that are now accepting patients with chronic neutrophilic leukemia. For more specific results, refine the search by using other search features, such as the location of the trial, the type of treatment, or the name of the drug. Talk with your doctor about clinical trials that may be right for you. General information about clinical trials is available from the NCI website.
								                
								                
								                    Chronic Eosinophilic Leukemia
								                    Treatment of chronic eosinophilic leukemia may include the following:            -  Bone marrow transplant.     -  Biologic therapy using interferon alfa.     - A clinical trial of a new treatment.            Check the list of NCI-supported cancer clinical trials that are now accepting patients with chronic eosinophilic leukemia. For more specific results, refine the search by using other search features, such as the location of the trial, the type of treatment, or the name of the drug. Talk with your doctor about clinical trials that may be right for you. General information about clinical trials is available from the NCI website.",cancer,test,CancerQA.csv
What is (are) Skin Cancer ?,"Key Points
                    - Skin cancer is a disease in which malignant (cancer) cells form in the tissues of the skin.    - There are several types of skin cancer.    - Skin cancer is the most common cancer in the United States.
                
                
                    Skin cancer is a disease in which malignant (cancer) cells form in the tissues of the skin.
                    The skin is the bodys largest organ. It protects against heat, sunlight, injury, and infection. Skin also helps control body temperature and stores water, fat, and vitamin D. The skin has several layers, but the two main layers are the epidermis (upper or outer layer) and the dermis (lower or inner layer).     The epidermis is made up of 3 kinds of cells:         -  Squamous cells are the thin, flat cells that make up most of the epidermis.    -  Basal cells are the round cells under the squamous cells.    -  Melanocytes are found throughout the lower part of the epidermis. They make melanin, the pigment that gives skin its natural color. When skin is exposed to the sun, melanocytes make more pigment, causing the skin to tan, or darken.        The dermis contains blood and lymph vessels, hair follicles, and glands.     See the following PDQ summaries for more information about skin cancer:         -  Skin Cancer Screening     -  Skin Cancer Treatment     -  Melanoma Treatment     -  Genetics of Skin Cancer
                
                
                    There are several types of skin cancer.
                    The most common types of skin cancer are squamous cell carcinoma, which forms in the squamous cells and basal cell carcinoma, which forms in the basal cells. Squamous cell carcinoma and basal cell carcinoma are also called nonmelanoma skin cancers. Melanoma, which forms in the melanocytes, is a less common type of skin cancer that grows and spreads quickly.    Skin cancer can occur anywhere on the body, but it is most common in areas exposed to sunlight, such as the face, neck, hands, and arms.
                
                
                    Skin cancer is the most common cancer in the United States.
                    Basal cell carcinoma and squamous cell carcinoma are the most common types of skin cancer in the United States. The number of new cases of nonmelanoma skin cancer appears to be increasing every year. These nonmelanoma skin cancers can usually be cured.   The number of new cases of melanoma has been increasing for at least 30 years. Melanoma is more likely to spread to nearby tissues and other parts of the body and can be harder to cure. Finding and treating melanoma skin cancer early may help prevent death from melanoma.",cancer,train,CancerQA.csv
How to prevent Skin Cancer ?,"Key Points
                    - Avoiding risk factors and increasing protective factors may help prevent cancer.    - Being exposed to ultraviolet radiation is a risk factor for skin cancer.    - It is not known if the following lower the risk of nonmelanoma skin cancer:         - Sunscreen use and avoiding sun exposure     - Chemopreventive agents        - It is not known if the following lower the risk of melanoma:         - Sunscreen     - Counseling and protecting the skin from the sun        - Cancer prevention clinical trials are used to study ways to prevent cancer.    -  New ways to prevent skin cancer are being studied in clinical trials.
                
                
                    Avoiding risk factors and increasing protective factors may help prevent cancer.
                    Avoiding cancer risk factors may help prevent certain cancers. Risk factors include smoking, being overweight, and not getting enough exercise. Increasing protective factors such as quitting smoking and exercising may also help prevent some cancers. Talk to your doctor or other health care professional about how you might lower your risk of cancer.
                
                
                    Being exposed to ultraviolet radiation is a risk factor for skin cancer.
                    Some studies suggest that being exposed to ultraviolet (UV) radiation and the sensitivity of a persons skin to UV radiation are risk factors for skin cancer. UV radiation is the name for the invisible rays that are part of the energy that comes from the sun. Sunlamps and tanning beds also give off UV radiation.   Risk factors for nonmelanoma and melanoma cancers are not the same.         -  Risk factors for nonmelanoma skin cancer:                  - Being exposed to natural sunlight or artificial sunlight (such as from tanning beds) over long periods of time.       - Having a fair complexion, which includes the following:                         - Fair skin that freckles and burns easily, does not tan, or tans poorly.         - Blue or green or other light-colored eyes.          - Red or blond hair.                       - Having actinic keratosis.        - Past treatment with radiation.       - Having a weakened immune system.       - Being exposed to arsenic.                -  Risk factors for melanoma skin cancer:                  - Having a fair complexion, which includes the following:                         - Fair skin that freckles and burns easily, does not tan, or tans poorly.          - Blue or green or other light-colored eyes.         - Red or blond hair.                      - Being exposed to natural sunlight or artificial sunlight (such as from tanning beds) over long periods of time.       - Having a history of many blistering sunburns, especially as a child or teenager.       - Having several large or many small moles.       - Having a family history of unusual moles (atypical nevus syndrome).       - Having a family or personal history of melanoma.        - Being white.
                
                
                    It is not known if the following lower the risk of nonmelanoma skin cancer:
                    Sunscreen use and avoiding sun exposure    It is not known if nonmelanoma skin cancer risk is decreased by staying out of the sun, using sunscreens, or wearing protective clothing when outdoors. This is because not enough studies have been done to prove this.    Sunscreen may help decrease the amount of UV radiation to the skin. One study found that wearing sunscreen can help prevent actinic keratoses, scaly patches of skin that sometimes become squamous cell carcinoma.     The harms of using sunscreen are likely to be small and include allergic reactions to skin creams and lower levels of vitamin D made in the skin because of less sun exposure.     It is also possible that when a person uses sunscreen to avoid sunburn they may spend too much time in the sun and be exposed to harmful UV radiation.    Although protecting the skin and eyes from the sun has not been proven to lower the chance of getting skin cancer, skin experts suggest the following:            -  Use sunscreen that protects against UV radiation.     -  Do not stay out in the sun for long periods of time, especially when the sun is at its strongest.     -  Wear long sleeve shirts, long pants, sun hats, and sunglasses, when outdoors.              Chemopreventive agents     Chemoprevention is the use of drugs, vitamins, or other agents to try to reduce the risk of cancer. The following chemopreventive agents have been studied to find whether they lower the risk of nonmelanoma skin cancer:         Beta carotene      Studies of beta carotene (taken as a supplement in pills) have not shown that it prevents nonmelanoma skin cancer from forming or coming back.            Isotretinoin      High doses of isotretinoin have been shown to prevent new skin cancers in patients with xeroderma pigmentosum. However, isotretinoin has not been shown to prevent nonmelanoma skin cancers from coming back in patients previously treated for nonmelanoma skin cancers. Treatment with isotretinoin can cause serious side effects.            Selenium      Studies have shown that selenium (taken in brewer's yeast tablets) does not lower the risk of basal cell carcinoma, and may increase the risk of squamous cell carcinoma.            Celecoxib      A study of celecoxib in patients with actinic keratosis and a history of nonmelanoma skin cancer found those who took celecoxib had slightly lower rates of recurrent nonmelanoma skin cancers. Celecoxib may have serious side effects on the heart and blood vessels.             Alpha-difluoromethylornithine (DFMO)      A study of alpha-difluoromethylornithine (DFMO) in patients with a history of nonmelanoma skin cancer showed that those who took DFMO had lower rates of nonmelanoma skin cancers coming back than those who took a placebo. DFMO may cause hearing loss which is usually temporary.            Nicotinamide (vitamin B3)      Studies have shown that nicotinamide (vitamin B3) helps prevent new actinic keratoses lesions from forming in people who had four or fewer actinic lesions before taking nicotinamide. More studies are needed to find out if nicotinamide prevents nonmelanoma skin cancer from forming or coming back.
                
                
                    It is not known if the following lower the risk of melanoma:
                    Sunscreen    It has not been proven that using sunscreen to prevent sunburn can protect against melanoma caused by UV radiation. Other risk factors such as having skin that burns easily, having a large number of benign moles, or having atypical nevi may also play a role in whether melanoma forms.       Counseling and protecting the skin from the sun    It is not known if people who receive counseling or information about avoiding sun exposure make changes in their behavior to protect their skin from the sun.
                
                
                    Cancer prevention clinical trials are used to study ways to prevent cancer.
                    Cancer prevention clinical trials are used to study ways to lower the risk of developing certain types of cancer. Some cancer prevention trials are conducted with healthy people who have not had cancer but who have an increased risk for cancer. Other prevention trials are conducted with people who have had cancer and are trying to prevent another cancer of the same type or to lower their chance of developing a new type of cancer. Other trials are done with healthy volunteers who are not known to have any risk factors for cancer.   The purpose of some cancer prevention clinical trials is to find out whether actions people take can prevent cancer. These may include eating fruits and vegetables, exercising, quitting smoking, or taking certain medicines, vitamins, minerals, or food supplements.
                
                
                    New ways to prevent skin cancer are being studied in clinical trials.
                    Clinical trials are taking place in many parts of the country. Information about clinical trials can be found in the Clinical Trials section of the NCI Web site. Check NCI's list of cancer clinical trials for nonmelanoma skin cancer prevention trials and melanoma prevention trials that are now accepting patients.",cancer,train,CancerQA.csv
Who is at risk for Skin Cancer? ?,"Key Points
                    - Avoiding risk factors and increasing protective factors may help prevent cancer.    - Being exposed to ultraviolet radiation is a risk factor for skin cancer.    - It is not known if the following lower the risk of nonmelanoma skin cancer:         - Sunscreen use and avoiding sun exposure     - Chemopreventive agents        - It is not known if the following lower the risk of melanoma:         - Sunscreen     - Counseling and protecting the skin from the sun        - Cancer prevention clinical trials are used to study ways to prevent cancer.    -  New ways to prevent skin cancer are being studied in clinical trials.
                
                
                    Avoiding risk factors and increasing protective factors may help prevent cancer.
                    Avoiding cancer risk factors may help prevent certain cancers. Risk factors include smoking, being overweight, and not getting enough exercise. Increasing protective factors such as quitting smoking and exercising may also help prevent some cancers. Talk to your doctor or other health care professional about how you might lower your risk of cancer.
                
                
                    Being exposed to ultraviolet radiation is a risk factor for skin cancer.
                    Some studies suggest that being exposed to ultraviolet (UV) radiation and the sensitivity of a persons skin to UV radiation are risk factors for skin cancer. UV radiation is the name for the invisible rays that are part of the energy that comes from the sun. Sunlamps and tanning beds also give off UV radiation.   Risk factors for nonmelanoma and melanoma cancers are not the same.         -  Risk factors for nonmelanoma skin cancer:                  - Being exposed to natural sunlight or artificial sunlight (such as from tanning beds) over long periods of time.       - Having a fair complexion, which includes the following:                         - Fair skin that freckles and burns easily, does not tan, or tans poorly.         - Blue or green or other light-colored eyes.          - Red or blond hair.                       - Having actinic keratosis.        - Past treatment with radiation.       - Having a weakened immune system.       - Being exposed to arsenic.                -  Risk factors for melanoma skin cancer:                  - Having a fair complexion, which includes the following:                         - Fair skin that freckles and burns easily, does not tan, or tans poorly.          - Blue or green or other light-colored eyes.         - Red or blond hair.                      - Being exposed to natural sunlight or artificial sunlight (such as from tanning beds) over long periods of time.       - Having a history of many blistering sunburns, especially as a child or teenager.       - Having several large or many small moles.       - Having a family history of unusual moles (atypical nevus syndrome).       - Having a family or personal history of melanoma.        - Being white.
                
                
                    It is not known if the following lower the risk of nonmelanoma skin cancer:
                    Sunscreen use and avoiding sun exposure    It is not known if nonmelanoma skin cancer risk is decreased by staying out of the sun, using sunscreens, or wearing protective clothing when outdoors. This is because not enough studies have been done to prove this.    Sunscreen may help decrease the amount of UV radiation to the skin. One study found that wearing sunscreen can help prevent actinic keratoses, scaly patches of skin that sometimes become squamous cell carcinoma.     The harms of using sunscreen are likely to be small and include allergic reactions to skin creams and lower levels of vitamin D made in the skin because of less sun exposure.     It is also possible that when a person uses sunscreen to avoid sunburn they may spend too much time in the sun and be exposed to harmful UV radiation.    Although protecting the skin and eyes from the sun has not been proven to lower the chance of getting skin cancer, skin experts suggest the following:            -  Use sunscreen that protects against UV radiation.     -  Do not stay out in the sun for long periods of time, especially when the sun is at its strongest.     -  Wear long sleeve shirts, long pants, sun hats, and sunglasses, when outdoors.              Chemopreventive agents     Chemoprevention is the use of drugs, vitamins, or other agents to try to reduce the risk of cancer. The following chemopreventive agents have been studied to find whether they lower the risk of nonmelanoma skin cancer:         Beta carotene      Studies of beta carotene (taken as a supplement in pills) have not shown that it prevents nonmelanoma skin cancer from forming or coming back.            Isotretinoin      High doses of isotretinoin have been shown to prevent new skin cancers in patients with xeroderma pigmentosum. However, isotretinoin has not been shown to prevent nonmelanoma skin cancers from coming back in patients previously treated for nonmelanoma skin cancers. Treatment with isotretinoin can cause serious side effects.            Selenium      Studies have shown that selenium (taken in brewer's yeast tablets) does not lower the risk of basal cell carcinoma, and may increase the risk of squamous cell carcinoma.            Celecoxib      A study of celecoxib in patients with actinic keratosis and a history of nonmelanoma skin cancer found those who took celecoxib had slightly lower rates of recurrent nonmelanoma skin cancers. Celecoxib may have serious side effects on the heart and blood vessels.             Alpha-difluoromethylornithine (DFMO)      A study of alpha-difluoromethylornithine (DFMO) in patients with a history of nonmelanoma skin cancer showed that those who took DFMO had lower rates of nonmelanoma skin cancers coming back than those who took a placebo. DFMO may cause hearing loss which is usually temporary.            Nicotinamide (vitamin B3)      Studies have shown that nicotinamide (vitamin B3) helps prevent new actinic keratoses lesions from forming in people who had four or fewer actinic lesions before taking nicotinamide. More studies are needed to find out if nicotinamide prevents nonmelanoma skin cancer from forming or coming back.
                
                
                    It is not known if the following lower the risk of melanoma:
                    Sunscreen    It has not been proven that using sunscreen to prevent sunburn can protect against melanoma caused by UV radiation. Other risk factors such as having skin that burns easily, having a large number of benign moles, or having atypical nevi may also play a role in whether melanoma forms.       Counseling and protecting the skin from the sun    It is not known if people who receive counseling or information about avoiding sun exposure make changes in their behavior to protect their skin from the sun.",cancer,train,CancerQA.csv
what research (or clinical trials) is being done for Skin Cancer ?,"Cancer prevention clinical trials are used to study ways to prevent cancer.
                    Cancer prevention clinical trials are used to study ways to lower the risk of developing certain types of cancer. Some cancer prevention trials are conducted with healthy people who have not had cancer but who have an increased risk for cancer. Other prevention trials are conducted with people who have had cancer and are trying to prevent another cancer of the same type or to lower their chance of developing a new type of cancer. Other trials are done with healthy volunteers who are not known to have any risk factors for cancer.   The purpose of some cancer prevention clinical trials is to find out whether actions people take can prevent cancer. These may include eating fruits and vegetables, exercising, quitting smoking, or taking certain medicines, vitamins, minerals, or food supplements.
                
                
                    New ways to prevent skin cancer are being studied in clinical trials.
                    Clinical trials are taking place in many parts of the country. Information about clinical trials can be found in the Clinical Trials section of the NCI Web site. Check NCI's list of cancer clinical trials for nonmelanoma skin cancer prevention trials and melanoma prevention trials that are now accepting patients.",cancer,test,CancerQA.csv
What is (are) Colorectal Cancer ?,"Key Points
                    - Colorectal cancer is a disease in which malignant (cancer) cells form in the tissues of the colon or the rectum.     - Colorectal cancer is the second leading cause of death from cancer in the United States.
                
                
                    Colorectal cancer is a disease in which malignant (cancer) cells form in the tissues of the colon or the rectum.
                    The colon is part of the body's digestive system. The digestive system removes and processes nutrients (vitamins, minerals, carbohydrates, fats, proteins, and water) from foods and helps pass waste material out of the body. The digestive system is made up of the mouth, throat, esophagus, stomach, and the small and large intestines. The colon (large bowel) is the first part of the large intestine and is about 5 feet long. Together, the rectum and anal canal make up the last part of the large intestine and are 6 to 8 inches long. The anal canal ends at the anus (the opening of the large intestine to the outside of the body).       Cancer that begins in the colon is called colon cancer, and cancer that begins in the rectum is called rectal cancer. Cancer that affects either of these organs may also be called colorectal cancer.   See the following PDQ summaries for more information about colorectal cancer:         -  Colorectal Cancer Screening     -  Colon Cancer Treatment     -  Rectal Cancer Treatment     -  Genetics of Colorectal Cancer
                
                
                    Colorectal cancer is the second leading cause of death from cancer in the United States.
                    The number of new colorectal cancer cases and the number of deaths from colorectal cancer are both decreasing a little bit each year. However, in adults younger than 50 years, the number of new colorectal cancer cases has slowly increased since 1998. The number of new colorectal cancers and deaths from colorectal cancer are higher in African Americans than in other races.   Finding and treating colorectal cancer early may prevent death from colorectal cancer. Screening tests may be used to help find colorectal cancer.",cancer,train,CancerQA.csv
How to prevent Colorectal Cancer ?,"Key Points
                    - Avoiding risk factors and increasing protective factors may help prevent cancer.    - The following risk factors increase the risk of colorectal cancer:         - Age     - Family history of colorectal cancer     - Personal history     - Inherited risk     - Alcohol     - Cigarette smoking     - Obesity        - The following protective factors decrease the risk of colorectal cancer:         - Physical activity     - Aspirin     - Combination hormone replacement therapy      - Polyp removal        - It is not clear if the following affect the risk of colorectal cancer:         - Nonsteroidal anti-inflammatory drugs (NSAIDs) other than aspirin     - Calcium     - Diet        - The following factors do not affect the risk of colorectal cancer:         - Hormone replacement therapy with estrogen only     - Statins        - Cancer prevention clinical trials are used to study ways to prevent cancer.    - New ways to prevent colorectal cancer are being studied in clinical trials.
                
                
                    Avoiding risk factors and increasing protective factors may help prevent cancer.
                    Avoiding cancer risk factors may help prevent certain cancers. Risk factors include smoking, being overweight, and not getting enough exercise. Increasing protective factors such as quitting smoking and exercising may also help prevent some cancers. Talk to your doctor or other health care professional about how you might lower your risk of cancer.
                
                
                    The following risk factors increase the risk of colorectal cancer:
                    Age    The risk of colorectal cancer increases after age 50. Most cases of colorectal cancer are diagnosed after age 50.       Family history of colorectal cancer    Having a parent, brother, sister, or child with colorectal cancer doubles a person's risk of colorectal cancer.       Personal history    Having a personal history of the following conditions increases the risk of colorectal cancer:             - Previous colorectal cancer.     - High-risk adenomas (colorectal polyps that are 1 centimeter or larger in size or that have cells that look abnormal under a microscope).     -  Ovarian cancer.     -  Inflammatory bowel disease (such as ulcerative colitis or Crohn disease).              Inherited risk    The risk of colorectal cancer is increased when certain gene changes linked to familial adenomatous polyposis (FAP) or hereditary nonpolyposis colon cancer (HNPCC or Lynch Syndrome) are inherited.       Alcohol    Drinking 3 or more alcoholic beverages per day increases the risk of colorectal cancer. Drinking alcohol is also linked to the risk of forming large colorectal adenomas (benign tumors).       Cigarette smoking    Cigarette smoking is linked to an increased risk of colorectal cancer and death from colorectal cancer.    Smoking cigarettes is also linked to an increased risk of forming colorectal adenomas. Cigarette smokers who have had surgery to remove colorectal adenomas are at an increased risk for the adenomas to recur (come back).       Obesity     Obesity is linked to an increased risk of colorectal cancer and death from colorectal cancer.
                
                
                    The following protective factors decrease the risk of colorectal cancer:
                    Physical activity    A lifestyle that includes regular physical activity is linked to a decreased risk of colorectal cancer.       Aspirin    Studies have shown that taking aspirin lowers the risk of colorectal cancer and the risk of death from colorectal cancer. The decrease in risk begins 10 to 20 years after patients start taking aspirin.    The possible harms of aspirin use (100 mg or less) daily or every other day include an increased risk of stroke and bleeding in the stomach and intestines. These risks may be greater among the elderly, men, and those with conditions linked to a higher than normal risk of bleeding.       Combination hormone replacement therapy      Studies have shown that combination hormone replacement therapy (HRT) that includes both estrogen and progestin lowers the risk of invasive colorectal cancer in postmenopausal women.     However, in women who take combination HRT and do develop colorectal cancer, the cancer is more likely to be advanced when it is diagnosed and the risk of dying from colorectal cancer is not decreased.    The possible harms of combination HRT include an increased risk of having:            -  Breast cancer.     - Heart disease.     -  Blood clots.              Polyp removal    Most colorectal polyps are adenomas, which may develop into cancer. Removing colorectal polyps that are larger than 1 centimeter (pea-sized) may lower the risk of colorectal cancer. It is not known if removing smaller polyps lowers the risk of colorectal cancer.     The possible harms of polyp removal during colonoscopy or sigmoidoscopy include a tear in the wall of the colon and bleeding.
                
                
                    It is not clear if the following affect the risk of colorectal cancer:
                    Nonsteroidal anti-inflammatory drugs (NSAIDs) other than aspirin    It is not known if the use of nonsteroidal anti-inflammatory drugs or NSAIDs (such as sulindac, celecoxib, naproxen, and ibuprofen) lowers the risk of colorectal cancer.     Studies have shown that taking the nonsteroidal anti-inflammatory drug celecoxib reduces the risk of colorectal adenomas (benign tumors) coming back after they have been removed. It is not clear if this results in a lower risk of colorectal cancer.     Taking sulindac or celecoxib has been shown to reduce the number and size of polyps that form in the colon and rectum of people with familial adenomatous polyposis (FAP). It is not clear if this results in a lower risk of colorectal cancer.    The possible harms of NSAIDs include:            -  Kidney problems.     - Bleeding in the stomach, intestines, or brain.     - Heart problems such as heart attack and congestive heart failure.              Calcium    It is not known if taking calcium supplements lowers the risk of colorectal cancer.        Diet    It is not known if a diet low in fat and meat and high in fiber, fruits, and vegetables lowers the risk of colorectal cancer.     Some studies have shown that a diet high in fat, proteins, calories, and meat increases the risk of colorectal cancer, but other studies have not.
                
                
                    The following factors do not affect the risk of colorectal cancer:
                    Hormone replacement therapy with estrogen only    Hormone replacement therapy with estrogen only does not lower the risk of having invasive colorectal cancer or the risk of dying from colorectal cancer.       Statins    Studies have shown that taking statins (drugs that lower cholesterol) does not increase or decrease the risk of colorectal cancer.
                
                
                    Cancer prevention clinical trials are used to study ways to prevent cancer.
                    Cancer prevention clinical trials are used to study ways to lower the risk of developing certain types of cancer. Some cancer prevention trials are conducted with healthy people who have not had cancer but who have an increased risk for cancer. Other prevention trials are conducted with people who have had cancer and are trying to prevent another cancer of the same type or to lower their chance of developing a new type of cancer. Other trials are done with healthy volunteers who are not known to have any risk factors for cancer.     The purpose of some cancer prevention clinical trials is to find out whether actions people take can prevent cancer. These may include exercising more or quitting smoking or taking certain medicines, vitamins, minerals, or food supplements.
                
                
                    New ways to prevent colorectal cancer are being studied in clinical trials.
                    Clinical trials are taking place in many parts of the country. Information about clinical trials can be found in the Clinical Trials section of the NCI website. Check NCI's list of cancer clinical trials for colon cancer prevention trials or rectal cancer prevention trials that are now accepting patients.",cancer,test,CancerQA.csv
Who is at risk for Colorectal Cancer? ?,"Key Points
                    - Avoiding risk factors and increasing protective factors may help prevent cancer.    - The following risk factors increase the risk of colorectal cancer:         - Age     - Family history of colorectal cancer     - Personal history     - Inherited risk     - Alcohol     - Cigarette smoking     - Obesity        - The following protective factors decrease the risk of colorectal cancer:         - Physical activity     - Aspirin     - Combination hormone replacement therapy      - Polyp removal        - It is not clear if the following affect the risk of colorectal cancer:         - Nonsteroidal anti-inflammatory drugs (NSAIDs) other than aspirin     - Calcium     - Diet        - The following factors do not affect the risk of colorectal cancer:         - Hormone replacement therapy with estrogen only     - Statins        - Cancer prevention clinical trials are used to study ways to prevent cancer.    - New ways to prevent colorectal cancer are being studied in clinical trials.
                
                
                    Avoiding risk factors and increasing protective factors may help prevent cancer.
                    Avoiding cancer risk factors may help prevent certain cancers. Risk factors include smoking, being overweight, and not getting enough exercise. Increasing protective factors such as quitting smoking and exercising may also help prevent some cancers. Talk to your doctor or other health care professional about how you might lower your risk of cancer.
                
                
                    The following risk factors increase the risk of colorectal cancer:
                    Age    The risk of colorectal cancer increases after age 50. Most cases of colorectal cancer are diagnosed after age 50.       Family history of colorectal cancer    Having a parent, brother, sister, or child with colorectal cancer doubles a person's risk of colorectal cancer.       Personal history    Having a personal history of the following conditions increases the risk of colorectal cancer:             - Previous colorectal cancer.     - High-risk adenomas (colorectal polyps that are 1 centimeter or larger in size or that have cells that look abnormal under a microscope).     -  Ovarian cancer.     -  Inflammatory bowel disease (such as ulcerative colitis or Crohn disease).              Inherited risk    The risk of colorectal cancer is increased when certain gene changes linked to familial adenomatous polyposis (FAP) or hereditary nonpolyposis colon cancer (HNPCC or Lynch Syndrome) are inherited.       Alcohol    Drinking 3 or more alcoholic beverages per day increases the risk of colorectal cancer. Drinking alcohol is also linked to the risk of forming large colorectal adenomas (benign tumors).       Cigarette smoking    Cigarette smoking is linked to an increased risk of colorectal cancer and death from colorectal cancer.    Smoking cigarettes is also linked to an increased risk of forming colorectal adenomas. Cigarette smokers who have had surgery to remove colorectal adenomas are at an increased risk for the adenomas to recur (come back).       Obesity     Obesity is linked to an increased risk of colorectal cancer and death from colorectal cancer.
                
                
                    It is not clear if the following affect the risk of colorectal cancer:
                    Nonsteroidal anti-inflammatory drugs (NSAIDs) other than aspirin    It is not known if the use of nonsteroidal anti-inflammatory drugs or NSAIDs (such as sulindac, celecoxib, naproxen, and ibuprofen) lowers the risk of colorectal cancer.     Studies have shown that taking the nonsteroidal anti-inflammatory drug celecoxib reduces the risk of colorectal adenomas (benign tumors) coming back after they have been removed. It is not clear if this results in a lower risk of colorectal cancer.     Taking sulindac or celecoxib has been shown to reduce the number and size of polyps that form in the colon and rectum of people with familial adenomatous polyposis (FAP). It is not clear if this results in a lower risk of colorectal cancer.    The possible harms of NSAIDs include:            -  Kidney problems.     - Bleeding in the stomach, intestines, or brain.     - Heart problems such as heart attack and congestive heart failure.              Calcium    It is not known if taking calcium supplements lowers the risk of colorectal cancer.        Diet    It is not known if a diet low in fat and meat and high in fiber, fruits, and vegetables lowers the risk of colorectal cancer.     Some studies have shown that a diet high in fat, proteins, calories, and meat increases the risk of colorectal cancer, but other studies have not.
                
                
                    The following factors do not affect the risk of colorectal cancer:
                    Hormone replacement therapy with estrogen only    Hormone replacement therapy with estrogen only does not lower the risk of having invasive colorectal cancer or the risk of dying from colorectal cancer.       Statins    Studies have shown that taking statins (drugs that lower cholesterol) does not increase or decrease the risk of colorectal cancer.",cancer,train,CancerQA.csv
what research (or clinical trials) is being done for Colorectal Cancer ?,"Cancer prevention clinical trials are used to study ways to prevent cancer.
                    Cancer prevention clinical trials are used to study ways to lower the risk of developing certain types of cancer. Some cancer prevention trials are conducted with healthy people who have not had cancer but who have an increased risk for cancer. Other prevention trials are conducted with people who have had cancer and are trying to prevent another cancer of the same type or to lower their chance of developing a new type of cancer. Other trials are done with healthy volunteers who are not known to have any risk factors for cancer.     The purpose of some cancer prevention clinical trials is to find out whether actions people take can prevent cancer. These may include exercising more or quitting smoking or taking certain medicines, vitamins, minerals, or food supplements.
                
                
                    New ways to prevent colorectal cancer are being studied in clinical trials.
                    Clinical trials are taking place in many parts of the country. Information about clinical trials can be found in the Clinical Trials section of the NCI website. Check NCI's list of cancer clinical trials for colon cancer prevention trials or rectal cancer prevention trials that are now accepting patients.",cancer,train,CancerQA.csv
How to prevent Oral Cavity and Oropharyngeal Cancer ?,"Key Points
                    - Avoiding risk factors and increasing protective factors may help prevent cancer.    - The following are risk factors for oral cavity cancer and oropharyngeal cancer:         - Tobacco use     - Alcohol use     - Tobacco and alcohol use     - Betel quid or gutka chewing     - Personal history of head and neck cancer        - The following is a risk factor for oropharyngeal cancer:         - HPV infection        - The following is a protective factor for oral cavity cancer and oropharyngeal cancer:         - Quitting smoking        - It is not clear whether avoiding certain risk factors will decrease the risk of oral cavity cancer or oropharyngeal cancer.    - Cancer prevention clinical trials are used to study ways to prevent cancer.    -  New ways to prevent oral cavity cancer and oropharyngeal cancer are being studied in clinical trials.
                
                
                    Avoiding risk factors and increasing protective factors may help prevent cancer.
                    Avoiding cancer risk factors may help prevent certain cancers. Risk factors include smoking, being overweight, and not getting enough exercise. Increasing protective factors such as quitting smoking and exercising may also help prevent some cancers. Talk to your doctor or other health care professional about how you might lower your risk of cancer.    Oral cavity cancer and oropharyngeal cancer are two different diseases, but they have some risk factors in common.
                
                
                    The following are risk factors for oral cavity cancer and oropharyngeal cancer:
                    Tobacco use    Using tobacco is the most common cause of oral cavity cancer and oropharyngeal cancer. The risk of these cancers is about 5 to 10 times higher for current smokers than for people who have never smoked.    The use of all types of tobacco, including cigarettes, pipes, cigars, and smokeless tobacco (snuff and chewing tobacco) can cause cancer of the oral cavity and oropharynx. For cigarette smokers, the risk of oral cavity cancer and oropharyngeal cancer increases with the number of cigarettes smoked per day.       Alcohol use    Using alcohol is also an important risk factor for oral cavity cancer and oropharyngeal cancer.    The risk of oral cavity cancer and oropharyngeal cancer increases with the number of alcoholic drinks consumed per day. The risk of oral cavity cancer and oropharyngeal cancer is about twice as high in people who have 3 to 4 alcoholic drinks per day and 5 times higher in people who have 5 or more alcoholic drinks per day compared with those who don't drink alcohol.       Tobacco and alcohol use    The risk of oral cavity cancer and oropharyngeal cancer is 2 to 3 times higher in people who use both tobacco and alcohol than it is in people who use only tobacco or only alcohol. The risk of oral cavity cancer and oropharyngeal cancer is about 35 times higher in people who smoke 2 or more packs of cigarettes per day and have more than 4 alcoholic drinks per day than it is in people who have never smoked cigarettes or consumed alcohol.        Betel quid or gutka chewing    Chewing betel quid or gutka (betel quid mixed with tobacco) has been shown to increase the risk of oral cavity cancer and oropharyngeal cancer. Betel quid contains areca nut, which is a cancer-causing substance. The risk of oral cavity cancer and oropharyngeal cancer increases with how long and how often betel quid or gutka are chewed. The risk for oral cavity cancer and oropharyngeal cancer is higher when chewing gutka than when chewing betel quid alone. Betel quid and gutka chewing is common in many countries in South Asia and Southeast Asia, including China and India.        Personal history of head and neck cancer    A personal history of head and neck cancer increases the risk of oral cavity cancer and oropharyngeal cancer.
                
                
                    The following is a risk factor for oropharyngeal cancer:
                    HPV infection    Being infected with certain types of HPV, especially HPV type 16, increases the risk of oropharyngeal cancer. HPV infection is spread mainly through sexual contact.     The risk of oropharyngeal cancer is about 15 times higher in people who have oral HPV 16 infection compared with people who do not have oral HPV 16 infection.
                
                
                    The following is a protective factor for oral cavity cancer and oropharyngeal cancer:
                    Quitting smoking    Studies have shown that when people stop smoking cigarettes, their risk of oral cavity cancer and oropharyngeal cancer decreases by one half (50%) within 5 years. Within 20 years of quitting, their risk of oral cavity cancer and oropharyngeal cancer is the same as for a person who never smoked cigarettes.
                
                
                    It is not clear whether avoiding certain risk factors will decrease the risk of oral cavity cancer or oropharyngeal cancer.
                    It has not been proven that stopping alcohol use will decrease the risk of oral cavity cancer or oropharyngeal cancer.    Getting an HPV vaccination greatly lessens the risk of oral HPV infection. It is not yet known whether getting an HPV vaccination at any age will decrease the risk of oropharyngeal cancer from HPV infection.
                
                
                    Cancer prevention clinical trials are used to study ways to prevent cancer.
                    Cancer prevention clinical trials are used to study ways to lower the risk of certain types of cancer. Some cancer prevention trials are done with healthy people who have not had cancer but who have an increased risk for cancer. Other prevention trials are done with people who have had cancer and are trying to prevent another cancer of the same type or to lower their chance of developing a new type of cancer. Other trials are done with healthy volunteers who are not known to have any risk factors for cancer.    The purpose of some cancer prevention clinical trials is to find out whether actions people take can prevent cancer. These may include eating fruits and vegetables, exercising, quitting smoking, or taking certain medicines, vitamins, minerals, or food supplements.
                
                
                    New ways to prevent oral cavity cancer and oropharyngeal cancer are being studied in clinical trials.
                    Clinical trials are taking place in many parts of the country. Information about clinical trials can be found in the Clinical Trials section of the NCI website. Check NCI's list of cancer clinical trials for oral cavity cancer prevention trials and oropharyngeal cancer prevention trials that are now accepting patients.",cancer,test,CancerQA.csv
Who is at risk for Oral Cavity and Oropharyngeal Cancer? ?,"Key Points
                    - Avoiding risk factors and increasing protective factors may help prevent cancer.    - The following are risk factors for oral cavity cancer and oropharyngeal cancer:         - Tobacco use     - Alcohol use     - Tobacco and alcohol use     - Betel quid or gutka chewing     - Personal history of head and neck cancer        - The following is a risk factor for oropharyngeal cancer:         - HPV infection        - The following is a protective factor for oral cavity cancer and oropharyngeal cancer:         - Quitting smoking        - It is not clear whether avoiding certain risk factors will decrease the risk of oral cavity cancer or oropharyngeal cancer.    - Cancer prevention clinical trials are used to study ways to prevent cancer.    -  New ways to prevent oral cavity cancer and oropharyngeal cancer are being studied in clinical trials.
                
                
                    Avoiding risk factors and increasing protective factors may help prevent cancer.
                    Avoiding cancer risk factors may help prevent certain cancers. Risk factors include smoking, being overweight, and not getting enough exercise. Increasing protective factors such as quitting smoking and exercising may also help prevent some cancers. Talk to your doctor or other health care professional about how you might lower your risk of cancer.    Oral cavity cancer and oropharyngeal cancer are two different diseases, but they have some risk factors in common.
                
                
                    The following are risk factors for oral cavity cancer and oropharyngeal cancer:
                    Tobacco use    Using tobacco is the most common cause of oral cavity cancer and oropharyngeal cancer. The risk of these cancers is about 5 to 10 times higher for current smokers than for people who have never smoked.    The use of all types of tobacco, including cigarettes, pipes, cigars, and smokeless tobacco (snuff and chewing tobacco) can cause cancer of the oral cavity and oropharynx. For cigarette smokers, the risk of oral cavity cancer and oropharyngeal cancer increases with the number of cigarettes smoked per day.       Alcohol use    Using alcohol is also an important risk factor for oral cavity cancer and oropharyngeal cancer.    The risk of oral cavity cancer and oropharyngeal cancer increases with the number of alcoholic drinks consumed per day. The risk of oral cavity cancer and oropharyngeal cancer is about twice as high in people who have 3 to 4 alcoholic drinks per day and 5 times higher in people who have 5 or more alcoholic drinks per day compared with those who don't drink alcohol.       Tobacco and alcohol use    The risk of oral cavity cancer and oropharyngeal cancer is 2 to 3 times higher in people who use both tobacco and alcohol than it is in people who use only tobacco or only alcohol. The risk of oral cavity cancer and oropharyngeal cancer is about 35 times higher in people who smoke 2 or more packs of cigarettes per day and have more than 4 alcoholic drinks per day than it is in people who have never smoked cigarettes or consumed alcohol.        Betel quid or gutka chewing    Chewing betel quid or gutka (betel quid mixed with tobacco) has been shown to increase the risk of oral cavity cancer and oropharyngeal cancer. Betel quid contains areca nut, which is a cancer-causing substance. The risk of oral cavity cancer and oropharyngeal cancer increases with how long and how often betel quid or gutka are chewed. The risk for oral cavity cancer and oropharyngeal cancer is higher when chewing gutka than when chewing betel quid alone. Betel quid and gutka chewing is common in many countries in South Asia and Southeast Asia, including China and India.        Personal history of head and neck cancer    A personal history of head and neck cancer increases the risk of oral cavity cancer and oropharyngeal cancer.
                
                
                    The following is a risk factor for oropharyngeal cancer:
                    HPV infection    Being infected with certain types of HPV, especially HPV type 16, increases the risk of oropharyngeal cancer. HPV infection is spread mainly through sexual contact.     The risk of oropharyngeal cancer is about 15 times higher in people who have oral HPV 16 infection compared with people who do not have oral HPV 16 infection.
                
                
                    It is not clear whether avoiding certain risk factors will decrease the risk of oral cavity cancer or oropharyngeal cancer.
                    It has not been proven that stopping alcohol use will decrease the risk of oral cavity cancer or oropharyngeal cancer.    Getting an HPV vaccination greatly lessens the risk of oral HPV infection. It is not yet known whether getting an HPV vaccination at any age will decrease the risk of oropharyngeal cancer from HPV infection.",cancer,train,CancerQA.csv
what research (or clinical trials) is being done for Oral Cavity and Oropharyngeal Cancer ?,"Cancer prevention clinical trials are used to study ways to prevent cancer.
                    Cancer prevention clinical trials are used to study ways to lower the risk of certain types of cancer. Some cancer prevention trials are done with healthy people who have not had cancer but who have an increased risk for cancer. Other prevention trials are done with people who have had cancer and are trying to prevent another cancer of the same type or to lower their chance of developing a new type of cancer. Other trials are done with healthy volunteers who are not known to have any risk factors for cancer.    The purpose of some cancer prevention clinical trials is to find out whether actions people take can prevent cancer. These may include eating fruits and vegetables, exercising, quitting smoking, or taking certain medicines, vitamins, minerals, or food supplements.
                
                
                    New ways to prevent oral cavity cancer and oropharyngeal cancer are being studied in clinical trials.
                    Clinical trials are taking place in many parts of the country. Information about clinical trials can be found in the Clinical Trials section of the NCI website. Check NCI's list of cancer clinical trials for oral cavity cancer prevention trials and oropharyngeal cancer prevention trials that are now accepting patients.",cancer,test,CancerQA.csv
What is (are) Salivary Gland Cancer ?,"Key Points
                    - Salivary gland cancer is a rare disease in which malignant (cancer) cells form in the tissues of the salivary glands.    - Being exposed to certain types of radiation may increase the risk of salivary cancer.     - Signs of salivary gland cancer include a lump or trouble swallowing.     - Tests that examine the head, neck, and the inside of the mouth are used to detect (find) and diagnose salivary gland cancer.    - Certain factors affect treatment options and prognosis (chance of recovery).
                
                
                    Salivary gland cancer is a rare disease in which malignant (cancer) cells form in the tissues of the salivary glands.
                    The salivary glands make saliva and release it into the mouth. Saliva has enzymes that help digest food and antibodies that help protect against infections of the mouth and throat. There are 3 pairs of major salivary glands:         - Parotid glands: These are the largest salivary glands and are found in front of and just below each ear. Most major salivary gland tumors begin in this gland.    - Sublingual glands: These glands are found under the tongue in the floor of the mouth.    - Submandibular glands: These glands are found below the jawbone.         There are also hundreds of small (minor) salivary glands lining parts of the mouth, nose, and larynx that can be seen only with a microscope. Most small salivary gland tumors begin in the palate (roof of the mouth).   More than half of all salivary gland tumors are benign (not cancerous) and do not spread to other tissues.     Salivary gland cancer is a type of head and neck cancer.",cancer,train,CancerQA.csv
Who is at risk for Salivary Gland Cancer? ?,"Being exposed to certain types of radiation may increase the risk of salivary cancer. Anything that increases the chance of getting a disease is called a risk factor. Having a risk factor does not mean that you will get cancer; not having risk factors doesnt mean that you will not get cancer. Talk with your doctor if you think you may be at risk. Although the cause of most salivary gland cancers is not known, risk factors include the following:         - Older age.    - Treatment with radiation therapy to the head and neck.    - Being exposed to certain substances at work.",cancer,train,CancerQA.csv
What are the symptoms of Salivary Gland Cancer ?,"Signs of salivary gland cancer include a lump or trouble swallowing. Salivary gland cancer may not cause any symptoms. It may be found during a regular dental check-up or physical exam. Signs and symptoms may be caused by salivary gland cancer or by other conditions. Check with your doctor if you have any of the following:         - A lump (usually painless) in the area of the ear, cheek, jaw, lip, or inside the mouth.    -  Fluid draining from the ear.    - Trouble swallowing or opening the mouth widely.    - Numbness or weakness in the face.    - Pain in the face that does not go away.",cancer,test,CancerQA.csv
How to diagnose Salivary Gland Cancer ?,"Tests that examine the head, neck, and the inside of the mouth are used to detect (find) and diagnose salivary gland cancer. The following procedures may be used:         -  Physical exam and history : An exam of the body to check general signs of health. The head, neck, mouth, and throat will be checked for signs of disease, such as lumps or anything else that seems unusual. A history of the patient's health habits and past illnesses and treatments will also be taken.    -   MRI (magnetic resonance imaging): A procedure that uses a magnet, radio waves, and a computer to make a series of detailed pictures of areas inside the body. This procedure is also called nuclear magnetic resonance imaging (NMRI).    -   CT scan (CAT scan): A procedure that makes a series of detailed pictures of areas inside the body, taken from different angles. The pictures are made by a computer linked to an x-ray machine. A dye may be injected into a vein or swallowed to help the organs or tissues show up more clearly. This procedure is also called computed tomography, computerized tomography, or computerized axial tomography.     -   PET scan (positron emission tomography scan): A procedure to find malignant tumor cells in the body. A small amount of radioactive glucose (sugar) is injected into a vein. The PET scanner rotates around the body and makes a picture of where glucose is being used in the body. Malignant tumor cells show up brighter in the picture because they are more active and take up more glucose than normal cells do.    -   Endoscopy : A procedure to look at organs and tissues inside the body to check for abnormal areas. For salivary gland cancer, an endoscope is inserted into the mouth to look at the mouth, throat, and larynx. An endoscope is a thin, tube-like instrument with a light and a lens for viewing.     -   Biopsy : The removal of cells or tissues so they can be viewed under a microscope by a pathologist to check for signs of cancer.               -  Fine needle aspiration (FNA) biopsy : The removal of tissue or fluid using a thin needle. An FNA is the most common type of biopsy used for salivary gland cancer.      -  Incisional biopsy : The removal of part of a lump or a sample of tissue that doesnt look normal.      -  Surgery : If cancer cannot be diagnosed from the sample of tissue removed during an FNA biopsy or an incisional biopsy, the mass may be removed and checked for signs of cancer.                 Because salivary gland cancer can be hard to diagnose, patients should ask to have the tissue samples checked by a pathologist who has experience in diagnosing salivary gland cancer.",cancer,train,CancerQA.csv
What is the outlook for Salivary Gland Cancer ?,Certain factors affect treatment options and prognosis (chance of recovery). The treatment options and prognosis (chance of recovery) depend on the following:         - The stage of the cancer (especially the size of the tumor).    - The type of salivary gland the cancer is in.    - The type of cancer cells (how they look under a microscope).    - The patient's age and general health.,cancer,test,CancerQA.csv
What are the stages of Salivary Gland Cancer ?,"Key Points
                    - After salivary gland cancer has been diagnosed, tests are done to find out if cancer cells have spread within the salivary gland or to other parts of the body.     - There are three ways that cancer spreads in the body.    - Cancer may spread from where it began to other parts of the body.    - The following stages are used for major salivary gland cancers:         - Stage I     - Stage II     - Stage III     - Stage IV
                
                
                    After salivary gland cancer has been diagnosed, tests are done to find out if cancer cells have spread within the salivary gland or to other parts of the body.
                    The process used to find out if cancer has spread within the salivary glands or to other parts of the body is called staging. The information gathered from the staging process determines the stage of the disease. It is important to know the stage in order to plan treatment. The following procedures may be used in the staging process:         -   MRI (magnetic resonance imaging): A procedure that uses a magnet, radio waves, and a computer to make a series of detailed pictures of areas inside the body. This procedure is also called nuclear magnetic resonance imaging (NMRI).    -   CT scan (CAT scan): A procedure that makes a series of detailed pictures of areas inside the body, taken from different angles. The pictures are made by a computer linked to an x-ray machine. A dye may be injected into a vein or swallowed to help the organs or tissues show up more clearly. This procedure is also called computed tomography, computerized tomography, or computerized axial tomography.
                
                
                    There are three ways that cancer spreads in the body.
                    Cancer can spread through tissue, the lymph system, and the blood:         - Tissue. The cancer spreads from where it began by growing into nearby areas.     - Lymph system. The cancer spreads from where it began by getting into the lymph system. The cancer travels through the lymph vessels to other parts of the body.     - Blood. The cancer spreads from where it began by getting into the blood. The cancer travels through the blood vessels to other parts of the body.
                
                
                    Cancer may spread from where it began to other parts of the body.
                    When cancer spreads to another part of the body, it is called metastasis. Cancer cells break away from where they began (the primary tumor) and travel through the lymph system or blood.         - Lymph system. The cancer gets into the lymph system, travels through the lymph vessels, and forms a tumor (metastatic tumor) in another part of the body.    - Blood. The cancer gets into the blood, travels through the blood vessels, and forms a tumor (metastatic tumor) in another part of the body.        The metastatic tumor is the same type of cancer as the primary tumor. For example, if salivary gland cancer spreads to the lung, the cancer cells in the lung are actually salivary gland cancer cells. The disease is metastatic salivary gland cancer, not lung cancer.
                
                
                    The following stages are used for major salivary gland cancers:
                    Stage I    In stage I, the tumor is in the salivary gland only and is 2 centimeters or smaller.        Stage II    In stage II, the tumor is in the salivary gland only and is larger than 2 centimeters but not larger than 4 centimeters.       Stage III    In stage III, one of the following is true:            - The tumor is not larger than 4 centimeters and has spread to a single lymph node on the same side as the tumor and the lymph node is 3 centimeters or smaller.     - The tumor is larger than 4 centimeters and/or has spread to soft tissue around the affected gland. Cancer may have spread to a single lymph node on the same side as the tumor and the lymph node is 3 centimeters or smaller.              Stage IV     Stage IV is divided into stages IVA, IVB, and IVC as follows:            -  Stage IVA:                  - The tumor may be any size and may have spread to soft tissue around the affected gland. Cancer has spread to a single lymph node on the same side as the tumor and the lymph node is larger than 3 centimeters but not larger than 6 centimeters, or has spread to more than one lymph node on either or both sides of the body and the lymph nodes are not larger than 6 centimeters; or       - Cancer has spread to the skin, jawbone, ear canal, and/or facial nerve, and may have spread to one or more lymph nodes on either or both sides of the body. The lymph nodes are not larger than 6 centimeters.                -  Stage IVB:                  - The tumor may be any size and may have spread to soft tissue around the affected gland. Cancer has spread to a lymph node larger than 6 centimeters; or       - Cancer has spread to the base of the skull and/or the carotid artery, and may have spread to one or more lymph nodes of any size on either or both sides of the body.                -  Stage IVC:                  - The tumor may be any size and may have spread to soft tissue around the affected gland, to the skin, jawbone, ear canal, facial nerve, base of the skull, or carotid artery, or to one or more lymph nodes on either or both sides of the body. Cancer has spread to distant parts of the body.                       Salivary gland cancers are also grouped by grade. The grade of a tumor tells how fast the cancer cells are growing, based on how the cells look under a microscope. Low-grade cancers grow more slowly than high-grade cancers.     Minor salivary gland cancers are staged according to where they were first found in the body.",cancer,train,CancerQA.csv
What are the treatments for Salivary Gland Cancer ?,"Key Points
                    - There are different types of treatment for patients with salivary gland cancer.     - Patients with salivary gland cancer should have their treatment planned by a team of doctors who are experts in treating head and neck cancer.    - Three types of standard treatment are used:         - Surgery      - Radiation therapy      - Chemotherapy         - New types of treatment are being tested in clinical trials.         - Radiosensitizers        - Patients may want to think about taking part in a clinical trial.    - Patients can enter clinical trials before, during, or after starting their cancer treatment.    - Follow-up tests may be needed.
                
                
                    There are different types of treatment for patients with salivary gland cancer.
                    Different types of treatment are available for patients with salivary gland cancer. Some treatments are standard (the currently used treatment), and some are being tested in clinical trials. A treatment clinical trial is a research study meant to help improve current treatments or obtain information on new treatments for patients with cancer. When clinical trials show that a new treatment is better than the standard treatment, the new treatment may become the standard treatment. Patients may want to think about taking part in a clinical trial. Some clinical trials are open only to patients who have not started treatment.
                
                
                    Patients with salivary gland cancer should have their treatment planned by a team of doctors who are experts in treating head and neck cancer.
                    Your treatment will be overseen by a medical oncologist, a doctor who specializes in treating people with cancer. Because the salivary glands help in eating and digesting food, patients may need special help adjusting to the side effects of the cancer and its treatment. The medical oncologist may refer you to other doctors who have experience and expertise in treating patients with head and neck cancer and who specialize in certain areas of medicine. These include the following:         - Head and neck surgeon.    -  Radiation oncologist.    -  Dentist.    -  Speech therapist.    -  Dietitian.    -  Psychologist.    -  Rehabilitation specialist.    -  Plastic surgeon.
                
                
                    Three types of standard treatment are used:
                    Surgery      Surgery (removing the cancer in an operation) is a common treatment for salivary gland cancer. A doctor may remove the cancer and some of the healthy tissue around the cancer. In some cases, a lymphadenectomy (surgery in which lymph nodes are removed) will also be done.    Even if the doctor removes all the cancer that can be seen at the time of the surgery, some patients may be given radiation therapy after surgery to kill any cancer cells that are left. Treatment given after surgery, to lower the risk that the cancer will come back, is called adjuvant therapy.       Radiation therapy     Radiation therapy is a cancer treatment that uses high-energy x-rays or other types of radiation to kill cancer cells or keep them from growing. There are two types of radiation therapy:            -  External radiation therapy uses a machine outside the body to send radiation toward the cancer. Special types of external radiation may be used to treat some salivary gland tumors. These include:                  -  Fast neutron radiation therapy: Fast neutron radiation therapy is a type of high-energy external radiation therapy. A radiation therapy machine aims neutrons (tiny, invisible particles) at the cancer cells to kill them. Fast neutron radiation therapy uses a higher-energy radiation than the x-ray type of radiation therapy. This allows the radiation therapy to be given in fewer treatments.       -  Photon-beam radiation therapy: Photon-beam radiation therapy is a type of external radiation therapy that reaches deep tumors with high-energy x-rays made by a machine called a linear accelerator. This can be delivered as hyperfractionated radiation therapy, in which the total dose of radiation is divided into small doses and the treatments are given more than once a day.                -  Internal radiation therapy uses a radioactive substance sealed in needles, seeds, wires, or catheters that are placed directly into or near the cancer.           The way the radiation therapy is given depends on the type and stage of the cancer being treated. External radiation therapy is used to treat salivary gland cancer, and may also be used as palliative therapy to relieve symptoms and improve quality of life.       Chemotherapy      Chemotherapy is a cancer treatment that uses drugs to stop the growth of cancer cells, either by killing the cells or by stopping them from dividing. When chemotherapy is taken by mouth or injected into a vein or muscle, the drugs enter the bloodstream and can reach cancer cells throughout the body (systemic chemotherapy). When chemotherapy is placed directly into the cerebrospinal fluid, an organ, or a body cavity such as the abdomen, the drugs mainly affect cancer cells in those areas (regional chemotherapy). The way the chemotherapy is given depends on the type and stage of the cancer being treated.    See Drugs Approved for Head and Neck Cancer for more information. (Salivary gland cancer is a type of head and neck cancer.)
                
                
                    New types of treatment are being tested in clinical trials.
                    This summary section describes treatments that are being studied in clinical trials. It may not mention every new treatment being studied. Information about clinical trials is available from the NCI website.     Radiosensitizers     Radiosensitizers are drugs that make tumor cells more sensitive to radiation therapy. Combining radiation therapy with radiosensitizers may kill more tumor cells.
                
                
                    Patients may want to think about taking part in a clinical trial.
                    For some patients, taking part in a clinical trial may be the best treatment choice. Clinical trials are part of the cancer research process. Clinical trials are done to find out if new cancer treatments are safe and effective or better than the standard treatment.   Many of today's standard treatments for cancer are based on earlier clinical trials. Patients who take part in a clinical trial may receive the standard treatment or be among the first to receive a new treatment.   Patients who take part in clinical trials also help improve the way cancer will be treated in the future. Even when clinical trials do not lead to effective new treatments, they often answer important questions and help move research forward.
                
                
                    Patients can enter clinical trials before, during, or after starting their cancer treatment.
                    Some clinical trials only include patients who have not yet received treatment. Other trials test treatments for patients whose cancer has not gotten better. There are also clinical trials that test new ways to stop cancer from recurring (coming back) or reduce the side effects of cancer treatment.   Clinical trials are taking place in many parts of the country. See the Treatment Options section that follows for links to current treatment clinical trials. These have been retrieved from NCI's listing of clinical trials.
                
                
                    Follow-up tests may be needed.
                    Some of the tests that were done to diagnose the cancer or to find out the stage of the cancer may be repeated. Some tests will be repeated in order to see how well the treatment is working. Decisions about whether to continue, change, or stop treatment may be based on the results of these tests.   Some of the tests will continue to be done from time to time after treatment has ended. The results of these tests can show if your condition has changed or if the cancer has recurred (come back). These tests are sometimes called follow-up tests or check-ups.
                
		        
		            Treatment Options by Stage
		            
		                
		                    Stage I Salivary Gland Cancer
		                    Treatment for stage I salivary gland cancer depends on whether the cancer is low-grade (slow growing) or high-grade (fast growing).   If the cancer is low-grade, treatment may include the following:         -  Surgery with or without radiation therapy.    -  Fast neutron radiation therapy.        If the cancer is high-grade, treatment may include the following:         - Surgery with or without radiation therapy.    - A clinical trial of chemotherapy.    - A clinical trial of a new local therapy.        Check the list of NCI-supported cancer clinical trials that are now accepting patients with stage I salivary gland cancer. For more specific results, refine the search by using other search features, such as the location of the trial, the type of treatment, or the name of the drug. Talk with your doctor about clinical trials that may be right for you. General information about clinical trials is available from the NCI website.
		                
		                
		                    Stage II Salivary Gland Cancer
		                    Treatment for stage II salivary gland cancer depends on whether the cancer is low-grade (slow growing) or high-grade (fast growing).   If the cancer is low-grade, treatment may include the following:         -  Surgery with or without radiation therapy.    - Radiation therapy.    -  Chemotherapy.        If the cancer is high-grade, treatment may include the following:         - Surgery with or without radiation therapy.    -  Fast neutron or photon-beam radiation therapy.    - A clinical trial of radiation therapy and/or radiosensitizers.    - A clinical trial of chemotherapy.        Check the list of NCI-supported cancer clinical trials that are now accepting patients with stage II salivary gland cancer. For more specific results, refine the search by using other search features, such as the location of the trial, the type of treatment, or the name of the drug. Talk with your doctor about clinical trials that may be right for you. General information about clinical trials is available from the NCI website.
		                
		                
		                    Stage III Salivary Gland Cancer
		                    Treatment for stage III salivary gland cancer depends on whether the cancer is low-grade (slow growing) or high-grade (fast growing).   If the cancer is low-grade, treatment may include the following:         -  Surgery with or without lymphadenectomy. Radiation therapy may also be given after surgery.    - Radiation therapy.    -  Fast neutron radiation therapy to lymph nodes with cancer.    -  Chemotherapy.    - A clinical trial of fast neutron radiation therapy to the tumor.    - A clinical trial of chemotherapy.        If the cancer is high-grade, treatment may include the following:         - Surgery with or without lymphadenectomy. Radiation therapy may also be given after surgery.    - Fast neutron radiation therapy.    - Radiation therapy as palliative therapy to relieve symptoms and improve quality of life.    - A clinical trial of radiation therapy and/or radiosensitizers.    - A clinical trial of chemotherapy.        Check the list of NCI-supported cancer clinical trials that are now accepting patients with stage III salivary gland cancer. For more specific results, refine the search by using other search features, such as the location of the trial, the type of treatment, or the name of the drug. Talk with your doctor about clinical trials that may be right for you. General information about clinical trials is available from the NCI website.
		                
		                
		                    Stage IV Salivary Gland Cancer
		                    Treatment of stage IV salivary gland cancer may include the following:         -  Fast neutron or photon-beam radiation therapy.    - A clinical trial of chemotherapy with or without radiation therapy.        Check the list of NCI-supported cancer clinical trials that are now accepting patients with stage IV salivary gland cancer. For more specific results, refine the search by using other search features, such as the location of the trial, the type of treatment, or the name of the drug. Talk with your doctor about clinical trials that may be right for you. General information about clinical trials is available from the NCI website.",cancer,train,CancerQA.csv
what research (or clinical trials) is being done for Salivary Gland Cancer ?,"New types of treatment are being tested in clinical trials.
                    This summary section describes treatments that are being studied in clinical trials. It may not mention every new treatment being studied. Information about clinical trials is available from the NCI website.     Radiosensitizers     Radiosensitizers are drugs that make tumor cells more sensitive to radiation therapy. Combining radiation therapy with radiosensitizers may kill more tumor cells.
                
                
                    Patients may want to think about taking part in a clinical trial.
                    For some patients, taking part in a clinical trial may be the best treatment choice. Clinical trials are part of the cancer research process. Clinical trials are done to find out if new cancer treatments are safe and effective or better than the standard treatment.   Many of today's standard treatments for cancer are based on earlier clinical trials. Patients who take part in a clinical trial may receive the standard treatment or be among the first to receive a new treatment.   Patients who take part in clinical trials also help improve the way cancer will be treated in the future. Even when clinical trials do not lead to effective new treatments, they often answer important questions and help move research forward.
                
                
                    Patients can enter clinical trials before, during, or after starting their cancer treatment.
                    Some clinical trials only include patients who have not yet received treatment. Other trials test treatments for patients whose cancer has not gotten better. There are also clinical trials that test new ways to stop cancer from recurring (coming back) or reduce the side effects of cancer treatment.   Clinical trials are taking place in many parts of the country. See the Treatment Options section that follows for links to current treatment clinical trials. These have been retrieved from NCI's listing of clinical trials.",cancer,test,CancerQA.csv
What is (are) Rectal Cancer ?,"Key Points
                    - Rectal cancer is a disease in which malignant (cancer) cells form in the tissues of the rectum.     - Health history affects the risk of developing rectal cancer.    - Signs of rectal cancer include a change in bowel habits or blood in the stool.    - Tests that examine the rectum and colon are used to detect (find) and diagnose rectal cancer.    - Certain factors affect prognosis (chance of recovery) and treatment options.
                
                
                    Rectal cancer is a disease in which malignant (cancer) cells form in the tissues of the rectum.
                    The rectum is part of the bodys digestive system. The digestive system takes in nutrients (vitamins, minerals, carbohydrates, fats, proteins, and water) from foods and helps pass waste material out of the body. The digestive system is made up of the esophagus, stomach, and the small and large intestines. The colon (large bowel) is the first part of the large intestine and is about 5 feet long. Together, the rectum and anal canal make up the last part of the large intestine and are 6-8 inches long. The anal canal ends at the anus (the opening of the large intestine to the outside of the body).     See the following PDQ summaries for more information about rectal cancer:         -  Unusual Cancers of Childhood Treatment (see Colorectal Cancer section)    -  Colorectal Cancer Prevention     -   Colorectal Cancer Screening    -  Gastrointestinal Stromal Tumors Treatment     -  Genetics of Colorectal Cancer",cancer,train,CancerQA.csv
Who is at risk for Rectal Cancer? ?,"Health history affects the risk of developing rectal cancer. Anything that increases your chance of getting a disease is called a risk factor. Having a risk factor does not mean that you will get cancer; not having risk factors doesnt mean that you will not get cancer. Talk to your doctor if you think you may be at risk for colorectal cancer.    Risk factors for colorectal cancer include the following:            - Having a family history of colon or rectal cancer in a first-degree relative (parent, sibling, or child).     - Having a personal history of cancer of the colon, rectum, or ovary.     - Having a personal history of high-risk adenomas (colorectal polyps that are 1 centimeter or larger in size or that have cells that look abnormal under a microscope).     - Having inherited changes in certain genes that increase the risk of familial adenomatous polyposis (FAP) or Lynch syndrome (hereditary nonpolyposis colorectal cancer).     - Having a personal history of chronic ulcerative colitis or Crohn disease for 8 years or more.     - Having three or more alcoholic drinks per day.     - Smoking cigarettes.     - Being black.     - Being obese.           Older age is a main risk factor for most cancers. The chance of getting cancer increases as you get older.",cancer,train,CancerQA.csv
What are the symptoms of Rectal Cancer ?,"Signs of rectal cancer include a change in bowel habits or blood in the stool. These and other signs and symptoms may be caused by rectal cancer or by other conditions. Check with your doctor if you have any of the following:         -  Blood (either bright red or very dark) in the stool.    - A change in bowel habits.               -  Diarrhea.       -  Constipation.      - Feeling that the bowel does not empty completely.      - Stools that are narrower or have a different shape than usual.             - General abdominal discomfort (frequent gas pains, bloating, fullness, or cramps).    - Change in appetite.    - Weight loss for no known reason.    - Feeling very tired.",cancer,train,CancerQA.csv
How to diagnose Rectal Cancer ?,"Tests that examine the rectum and colon are used to detect (find) and diagnose rectal cancer. Tests used to diagnose rectal cancer include the following:         -   Physical exam and history : An exam of the body to check general signs of health, including checking for signs of disease, such as lumps or anything else that seems unusual. A history of the patients health habits and past illnesses and treatments will also be taken.    -   Digital rectal exam (DRE): An exam of the rectum. The doctor or nurse inserts a lubricated, gloved finger into the lower part of the rectum to feel for lumps or anything else that seems unusual. In women, the vagina may also be examined.    -   Colonoscopy : A procedure to look inside the rectum and colon for polyps (small pieces of bulging tissue), abnormal areas, or cancer. A colonoscope is a thin, tube-like instrument with a light and a lens for viewing. It may also have a tool to remove polyps or tissue samples, which are checked under a microscope for signs of cancer.    -   Biopsy : The removal of cells or tissues so they can be viewed under a microscope to check for signs of cancer. Tumor tissue that is removed during the biopsy may be checked to see if the patient is likely to have the gene mutation that causes HNPCC. This may help to plan treatment. The following tests may be used:               -  Reverse transcriptionpolymerase chain reaction (RTPCR) test: A laboratory test in which cells in a sample of tissue are studied using chemicals to look for certain changes in the structure or function of genes.      -  Immunohistochemistry : A test that uses antibodies to check for certain antigens in a sample of tissue. The antibody is usually linked to a radioactive substance or a dye that causes the tissue to light up under a microscope. This type of test may be used to tell the difference between different types of cancer.             -   Carcinoembryonic antigen (CEA) assay : A test that measures the level of CEA in the blood. CEA is released into the bloodstream from both cancer cells and normal cells. When found in higher than normal amounts, it can be a sign of rectal cancer or other conditions.",cancer,test,CancerQA.csv
What is the outlook for Rectal Cancer ?,"Certain factors affect prognosis (chance of recovery) and treatment options. The prognosis (chance of recovery) and treatment options depend on the following:         - The stage of the cancer (whether it affects the inner lining of the rectum only, involves the whole rectum, or has spread to lymph nodes, nearby organs, or other places in the body).    - Whether the tumor has spread into or through the bowel wall.    - Where the cancer is found in the rectum.    - Whether the bowel is blocked or has a hole in it.    - Whether all of the tumor can be removed by surgery.    -  The patients general health.     - Whether the cancer has just been diagnosed or has recurred (come back).",cancer,train,CancerQA.csv
What are the stages of Rectal Cancer ?,"Key Points
                    -  After rectal cancer has been diagnosed, tests are done to find out if cancer cells have spread within the rectum or to other parts of the body.    - There are three ways that cancer spreads in the body.    - Cancer may spread from where it began to other parts of the body.     - The following stages are used for rectal cancer:         - Stage 0 (Carcinoma in Situ)      - Stage I      - Stage II     - Stage III     - Stage IV
                
                
                    After rectal cancer has been diagnosed, tests are done to find out if cancer cells have spread within the rectum or to other parts of the body.
                    The process used to find out whether cancer has spread within the rectum or to other parts of the body is called staging. The information gathered from the staging process determines the stage of the disease. It is important to know the stage in order to plan treatment.   The following tests and procedures may be used in the staging process:         -   Chest x-ray : An x-ray of the organs and bones inside the chest. An x-ray is a type of energy beam that can go through the body and onto film, making a picture of areas inside the body.    -   Colonoscopy : A procedure to look inside the rectum and colon for polyps (small pieces of bulging tissue). abnormal areas, or cancer. A colonoscope is a thin, tube-like instrument with a light and a lens for viewing. It may also have a tool to remove polyps or tissue samples, which are checked under a microscope for signs of cancer.    -   CT scan (CAT scan): A procedure that makes a series of detailed pictures of areas inside the body, such as the abdomen, pelvis, or chest, taken from different angles. The pictures are made by a computer linked to an x-ray machine. A dye may be injected into a vein or swallowed to help the organs or tissues show up more clearly. This procedure is also called computed tomography, computerized tomography, or computerized axial tomography.    -   MRI (magnetic resonance imaging): A procedure that uses a magnet, radio waves, and a computer to make a series of detailed pictures of areas inside the body. This procedure is also called nuclear magnetic resonance imaging (NMRI).    -   PET scan (positron emission tomography scan): A procedure to find malignant tumor cells in the body. A small amount of radioactive glucose (sugar) is injected into a vein. The PET scanner rotates around the body and makes a picture of where glucose is being used in the body. Malignant tumor cells show up brighter in the picture because they are more active and take up more glucose than normal cells do.     -   Endorectal ultrasound : A procedure used to examine the rectum and nearby organs. An ultrasound transducer (probe) is inserted into the rectum and used to bounce high-energy sound waves (ultrasound) off internal tissues or organs and make echoes. The echoes form a picture of body tissues called a sonogram. The doctor can identify tumors by looking at the sonogram. This procedure is also called transrectal ultrasound.
                
                
                    There are three ways that cancer spreads in the body.
                    Cancer can spread through tissue, the lymph system, and the blood:         - Tissue. The cancer spreads from where it began by growing into nearby areas.     - Lymph system. The cancer spreads from where it began by getting into the lymph system. The cancer travels through the lymph vessels to other parts of the body.     - Blood. The cancer spreads from where it began by getting into the blood. The cancer travels through the blood vessels to other parts of the body.
                
                
                    Cancer may spread from where it began to other parts of the body.
                    When cancer spreads to another part of the body, it is called metastasis. Cancer cells break away from where they began (the primary tumor) and travel through the lymph system or blood.         - Lymph system. The cancer gets into the lymph system, travels through the lymph vessels, and forms a tumor (metastatic tumor) in another part of the body.    - Blood. The cancer gets into the blood, travels through the blood vessels, and forms a tumor (metastatic tumor) in another part of the body.        The metastatic tumor is the same type of cancer as the primary tumor. For example, if rectal cancer spreads to the lung, the cancer cells in the lung are actually rectal cancer cells. The disease is metastatic rectal cancer, not lung cancer.
                
                
                    The following stages are used for rectal cancer:
                    Stage 0 (Carcinoma in Situ)      In stage 0, abnormal cells are found in the mucosa (innermost layer) of the rectum wall. These abnormal cells may become cancer and spread. Stage 0 is also called carcinoma in situ.       Stage I      In stage I, cancer has formed in the mucosa (innermost layer) of the rectum wall and has spread to the submucosa (layer of tissue under the mucosa). Cancer may have spread to the muscle layer of the rectum wall.        Stage II      Stage II rectal cancer is divided into stage IIA, stage IIB, and stage IIC.            - Stage IIA: Cancer has spread through the muscle layer of the rectum wall to the serosa (outermost layer) of the rectum wall.      - Stage IIB: Cancer has spread through the serosa (outermost layer) of the rectum wall but has not spread to nearby organs.      - Stage IIC: Cancer has spread through the serosa (outermost layer) of the rectum wall to nearby organs.               Stage III     Stage III rectal cancer is divided into stage IIIA, stage IIIB, and stage IIIC.     In stage IIIA:            -  Cancer has spread through the mucosa (innermost layer) of the rectum wall to the submucosa (layer of tissue under the mucosa) and may have spread to the muscle layer of the rectum wall. Cancer has spread to at least one but not more than 3 nearby lymph nodes or cancer cells have formed in tissues near the lymph nodes; or     - Cancer has spread through the mucosa (innermost layer) of the rectum wall to the submucosa (layer of tissue under the mucosa). Cancer has spread to at least 4 but not more than 6 nearby lymph nodes.             In stage IIIB:            - Cancer has spread through the muscle layer of the rectum wall to the serosa (outermost layer) of the rectum wall or has spread through the serosa but not to nearby organs. Cancer has spread to at least one but not more than 3 nearby lymph nodes or cancer cells have formed in tissues near the lymph nodes; or      - Cancer has spread to the muscle layer of the rectum wall or to the serosa (outermost layer) of the rectum wall. Cancer has spread to at least 4 but not more than 6 nearby lymph nodes; or      - Cancer has spread through the mucosa (innermost layer) of the rectum wall to the submucosa (layer of tissue under the mucosa) and may have spread to the muscle layer of the rectum wall. Cancer has spread to 7 or more nearby lymph nodes.            In stage IIIC:            - Cancer has spread through the serosa (outermost layer) of the rectum wall but has not spread to nearby organs. Cancer has spread to at least 4 but not more than 6 nearby lymph nodes; or     - Cancer has spread through the muscle layer of the rectum wall to the serosa (outermost layer) of the rectum wall or has spread through the serosa but has not spread to nearby organs. Cancer has spread to 7 or more nearby lymph nodes; or      - Cancer has spread through the serosa (outermost layer) of the rectum wall and has spread to nearby organs. Cancer has spread to one or more nearby lymph nodes or cancer cells have formed in tissues near the lymph nodes.              Stage IV     Stage IV rectal cancer is divided into stage IVA and stage IVB.             - Stage IVA: Cancer may have spread through the rectum wall and may have spread to nearby organs or lymph nodes. Cancer has spread to one organ that is not near the rectum, such as the liver, lung, or ovary, or to a distant lymph node.      - Stage IVB: Cancer may have spread through the rectum wall and may have spread to nearby organs or lymph nodes. Cancer has spread to more than one organ that is not near the rectum or into the lining of the abdominal wall.",cancer,train,CancerQA.csv
What are the treatments for Rectal Cancer ?,"Key Points
                    - There are different types of treatment for patients with rectal cancer.    - Five types of standard treatment are used:         - Surgery     - Radiation therapy     - Chemotherapy     - Active surveillance     - Targeted therapy        - Other types of treatment are being tested in clinical trials.    - Patients may want to think about taking part in a clinical trial.    - Patients can enter clinical trials before, during, or after starting their cancer treatment.    - Follow-up tests may be needed.
                
                
                    There are different types of treatment for patients with rectal cancer.
                    Different types of treatment are available for patients with rectal cancer. Some treatments are standard (the currently used treatment), and some are being tested in clinical trials. A treatment clinical trial is a research study meant to help improve current treatments or obtain information on new treatments for patients with cancer. When clinical trials show that a new treatment is better than the standard treatment, the new treatment may become the standard treatment. Patients may want to think about taking part in a clinical trial. Some clinical trials are open only to patients who have not started treatment.
                
                
                    Five types of standard treatment are used:
                    Surgery     Surgery is the most common treatment for all stages of rectal cancer. The cancer is removed using one of the following types of surgery:            -  Polypectomy: If the cancer is found in a polyp (a small piece of bulging tissue), the polyp is often removed during a colonoscopy.     -  Local excision: If the cancer is found on the inside surface of the rectum and has not spread into the wall of the rectum, the cancer and a small amount of surrounding healthy tissue is removed.     -  Resection: If the cancer has spread into the wall of the rectum, the section of the rectum with cancer and nearby healthy tissue is removed. Sometimes the tissue between the rectum and the abdominal wall is also removed. The lymph nodes near the rectum are removed and checked under a microscope for signs of cancer.      -  Radiofrequency ablation: The use of a special probe with tiny electrodes that kill cancer cells. Sometimes the probe is inserted directly through the skin and only local anesthesia is needed. In other cases, the probe is inserted through an incision in the abdomen. This is done in the hospital with general anesthesia.     -  Cryosurgery: A treatment that uses an instrument to freeze and destroy abnormal tissue. This type of treatment is also called cryotherapy.     -  Pelvic exenteration: If the cancer has spread to other organs near the rectum, the lower colon, rectum, and bladder are removed. In women, the cervix, vagina, ovaries, and nearby lymph nodes may be removed. In men, the prostate may be removed. Artificial openings (stoma) are made for urine and stool to flow from the body to a collection bag.           After the cancer is removed, the surgeon will either:            - do an anastomosis (sew the healthy parts of the rectum together, sew the remaining rectum to the colon, or sew the colon to the anus); or     - make a stoma (an opening) from the rectum to the outside of the body for waste to pass through. This procedure is done if the cancer is too close to the anus and is called a colostomy. A bag is placed around the stoma to collect the waste. Sometimes the colostomy is needed only until the rectum has healed, and then it can be reversed. If the entire rectum is removed, however, the colostomy may be permanent.            Radiation therapy and/or chemotherapy may be given before surgery to shrink the tumor, make it easier to remove the cancer, and help with bowel control after surgery. Treatment given before surgery is called neoadjuvant therapy. Even if all the cancer that can be seen at the time of the operation is removed, some patients may be given radiation therapy and/or chemotherapy after surgery to kill any cancer cells that are left. Treatment given after the surgery, to lower the risk that the cancer will come back, is called adjuvant therapy.       Radiation therapy    Radiation therapy is a cancer treatment that uses high-energy x-rays or other types of radiation to kill cancer cells or keep them from growing. There are two types of radiation therapy:            -  External radiation therapy uses a machine outside the body to send radiation toward the cancer.     -  Internal radiation therapy uses a radioactive substance sealed in needles, seeds, wires, or catheters that are placed directly into or near the cancer.           The way the radiation therapy is given depends on the type and stage of the cancer being treated. External radiation therapy is used to treat rectal cancer.     Short-course preoperative radiation therapy is used in some types of rectal cancer. This treatment uses fewer and lower doses of radiation than standard treatment, followed by surgery several days after the last dose.       Chemotherapy    Chemotherapy is a cancer treatment that uses drugs to stop the growth of cancer cells, either by killing the cells or by stopping the cells from dividing. When chemotherapy is taken by mouth or injected into a vein or muscle, the drugs enter the bloodstream and can reach cancer cells throughout the body (systemic chemotherapy). When chemotherapy is placed directly in the cerebrospinal fluid, an organ, or a body cavity such as the abdomen, the drugs mainly affect cancer cells in those areas (regional chemotherapy).      Chemoembolization of the hepatic artery is a type of regional chemotherapy that may be used to treat cancer that has spread to the liver. This is done by blocking the hepatic artery (the main artery that supplies blood to the liver) and injecting anticancer drugs between the blockage and the liver. The livers arteries then carry the drugs into the liver. Only a small amount of the drug reaches other parts of the body. The blockage may be temporary or permanent, depending on what is used to block the artery. The liver continues to receive some blood from the hepatic portal vein, which carries blood from the stomach and intestine.    The way the chemotherapy is given depends on the type and stage of the cancer being treated.    See Drugs Approved for Rectal Cancer for more information.       Active surveillance     Active surveillance is closely following a patient's condition without giving any treatment unless there are changes in test results. It is used to find early signs that the condition is getting worse. In active surveillance, patients are given certain exams and tests to check if the cancer is growing. When the cancer begins to grow, treatment is given to cure the cancer. Tests include the following:            -  Digital rectal exam.     -  MRI.     -  Endoscopy.     -  Sigmoidoscopy.     -  CT scan.     -  Carcinoembryonic antigen (CEA) assay.              Targeted therapy     Targeted therapy is a type of treatment that uses drugs or other substances to identify and attack specific cancer cells without harming normal cells.    Types of targeted therapies used in the treatment of rectal cancer include the following:            -  Monoclonal antibodies: Monoclonal antibody therapy is a type of targeted therapy being used for the treatment of rectal cancer. Monoclonal antibody therapy uses antibodies made in the laboratory from a single type of immune system cell. These antibodies can identify substances on cancer cells or normal substances that may help cancer cells grow. The antibodies attach to the substances and kill the cancer cells, block their growth, or keep them from spreading. Monoclonal antibodies are given by infusion. They may be used alone or to carry drugs, toxins, or radioactive material directly to cancer cells.                   -  Bevacizumab and ramucirumab are types of monoclonal antibodies that bind to a protein called vascular endothelial growth factor (VEGF). This may prevent the growth of new blood vessels that tumors need to grow.        -  Cetuximab and panitumumab are types of monoclonal antibodies that bind to a protein called epidermal growth factor receptor (EGFR) on the surface of some types of cancer cells. This may stop cancer cells from growing and dividing.                -  Angiogenesis inhibitors: Angiogenesis inhibitors stop the growth of new blood vessels that tumors need to grow.                   -  Ziv-aflibercept is a vascular endothelial growth factor trap that blocks an enzyme needed for the growth of new blood vessels in tumors.       -  Regorafenib is used to treat colorectal cancer that has spread to other parts of the body and has not gotten better with other treatment. It blocks the action of certain proteins, including vascular endothelial growth factor. This may help keep cancer cells from growing and may kill them. It may also prevent the growth of new blood vessels that tumors need to grow.                      See Drugs Approved for Rectal Cancer for more information.
                
                
                    Other types of treatment are being tested in clinical trials.
                    Information about clinical trials is available from the NCI website.
                
                
                    Patients may want to think about taking part in a clinical trial.
                    For some patients, taking part in a clinical trial may be the best treatment choice. Clinical trials are part of the cancer research process. Clinical trials are done to find out if new cancer treatments are safe and effective or better than the standard treatment.   Many of today's standard treatments for cancer are based on earlier clinical trials. Patients who take part in a clinical trial may receive the standard treatment or be among the first to receive a new treatment.   Patients who take part in clinical trials also help improve the way cancer will be treated in the future. Even when clinical trials do not lead to effective new treatments, they often answer important questions and help move research forward.
                
                
                    Patients can enter clinical trials before, during, or after starting their cancer treatment.
                    Some clinical trials only include patients who have not yet received treatment. Other trials test treatments for patients whose cancer has not gotten better. There are also clinical trials that test new ways to stop cancer from recurring (coming back) or reduce the side effects of cancer treatment.   Clinical trials are taking place in many parts of the country. See the Treatment Options section that follows for links to current treatment clinical trials. These have been retrieved from NCI's listing of clinical trials.
                
                
                    Follow-up tests may be needed.
                    Some of the tests that were done to diagnose the cancer or to find out the stage of the cancer may be repeated. Some tests will be repeated in order to see how well the treatment is working. Decisions about whether to continue, change, or stop treatment may be based on the results of these tests.   Some of the tests will continue to be done from time to time after treatment has ended. The results of these tests can show if your condition has changed or if the cancer has recurred (come back). These tests are sometimes called follow-up tests or check-ups.   After treatment for rectal cancer, a blood test to measure amounts of carcinoembryonic antigen (a substance in the blood that may be increased when cancer is present) may be done to see if the cancer has come back.
                
        		
            		Treatment Options by Stage
            		
                		
                    		Stage 0 (Carcinoma in Situ)
                    		Treatment of stage 0 may include the following:          - Simple polypectomy.    -  Local excision.     -  Resection (when the tumor is too large to remove by local excision).         Check the list of NCI-supported cancer clinical trials that are now accepting patients with stage 0 rectal cancer. For more specific results, refine the search by using other search features, such as the location of the trial, the type of treatment, or the name of the drug. Talk with your doctor about clinical trials that may be right for you. General information about clinical trials is available from the NCI website.
                		
                		
                    		Stage I Rectal Cancer
                    		Treatment of stage I rectal cancer may include the following:         -  Local excision.    -  Resection.    -  Resection with radiation therapy and chemotherapy after surgery.        Check the list of NCI-supported cancer clinical trials that are now accepting patients with stage I rectal cancer. For more specific results, refine the search by using other search features, such as the location of the trial, the type of treatment, or the name of the drug. Talk with your doctor about clinical trials that may be right for you. General information about clinical trials is available from the NCI website.
                		
                		
                    		Stages II and III Rectal Cancer
                    		Treatment of stage II and stage III rectal cancer may include the following:         -  Surgery.    -  Chemotherapy combined with radiation therapy, followed by surgery.    - Short-course radiation therapy followed by surgery and chemotherapy.    -  Resection followed by chemotherapy combined with radiation therapy.    - Chemotherapy combined with radiation therapy, followed by active surveillance. Surgery may be done if the cancer recurs (comes back).    - A clinical trial of a new treatment.         Check the list of NCI-supported cancer clinical trials that are now accepting patients with stage II rectal cancer. For more specific results, refine the search by using other search features, such as the location of the trial, the type of treatment, or the name of the drug. Talk with your doctor about clinical trials that may be right for you. General information about clinical trials is available from the NCI website.
                		
                		
                    		Stage IV and Recurrent Rectal Cancer
                    		Treatment of stage IV and recurrent rectal cancer may include the following:         -  Surgery with or without chemotherapy or radiation therapy.    -  Systemic chemotherapy with or without targeted therapy (a monoclonal antibody or angiogenesis inhibitor).    - Chemotherapy to control the growth of the tumor.    - Radiation therapy, chemotherapy, or a combination of both, as palliative therapy to relieve symptoms and improve the quality of life.    - Placement of a stent to help keep the rectum open if it is partly blocked by the tumor, as palliative therapy to relieve symptoms and improve the quality of life.    - A clinical trial of a new anticancer drug.        Treatment of rectal cancer that has spread to other organs depends on where the cancer has spread.         - Treatment for areas of cancer that have spread to the liver includes the following:               - Surgery to remove the tumor. Chemotherapy may be given before surgery, to shrink the tumor.      -  Cryosurgery or radiofrequency ablation.      -  Chemoembolization and/or systemic chemotherapy.      - A clinical trial of chemoembolization combined with radiation therapy to the tumors in the liver.                  Check the list of NCI-supported cancer clinical trials that are now accepting patients with stage IV rectal cancer and recurrent rectal cancer. For more specific results, refine the search by using other search features, such as the location of the trial, the type of treatment, or the name of the drug. Talk with your doctor about clinical trials that may be right for you. General information about clinical trials is available from the NCI website.",cancer,train,CancerQA.csv
what research (or clinical trials) is being done for Rectal Cancer ?,"Other types of treatment are being tested in clinical trials.
                    Information about clinical trials is available from the NCI website.
                
                
                    Patients may want to think about taking part in a clinical trial.
                    For some patients, taking part in a clinical trial may be the best treatment choice. Clinical trials are part of the cancer research process. Clinical trials are done to find out if new cancer treatments are safe and effective or better than the standard treatment.   Many of today's standard treatments for cancer are based on earlier clinical trials. Patients who take part in a clinical trial may receive the standard treatment or be among the first to receive a new treatment.   Patients who take part in clinical trials also help improve the way cancer will be treated in the future. Even when clinical trials do not lead to effective new treatments, they often answer important questions and help move research forward.
                
                
                    Patients can enter clinical trials before, during, or after starting their cancer treatment.
                    Some clinical trials only include patients who have not yet received treatment. Other trials test treatments for patients whose cancer has not gotten better. There are also clinical trials that test new ways to stop cancer from recurring (coming back) or reduce the side effects of cancer treatment.   Clinical trials are taking place in many parts of the country. See the Treatment Options section that follows for links to current treatment clinical trials. These have been retrieved from NCI's listing of clinical trials.",cancer,test,CancerQA.csv
What is (are) Skin Cancer ?,"Key Points
                    - Skin cancer is a disease in which malignant (cancer) cells form in the tissues of the skin.    - Nonmelanoma skin cancer is the most common cancer in the United States.    - Being exposed to ultraviolet radiation may increase the risk of skin cancer.
                
                
                    Skin cancer is a disease in which malignant (cancer) cells form in the tissues of the skin.
                    The skin is the body's largest organ. It protects against heat, sunlight, injury, and infection. Skin also helps control body temperature and stores water, fat, and vitamin D. The skin has several layers, but the two main layers are the epidermis (top or outer layer) and the dermis (lower or inner layer). Skin cancer begins in the epidermis, which is made up of three kinds of cells:         -  Squamous cells: Thin, flat cells that form the top layer of the epidermis. Cancer that forms in squamous cells is called squamous cell carcinoma.    -  Basal cells: Round cells under the squamous cells. Cancer that forms in basal cells is called basal cell carcinoma.    -  Melanocytes: Found in the lower part of the epidermis, these cells make melanin, the pigment that gives skin its natural color. When skin is exposed to the sun, melanocytes make more pigment and cause the skin to tan, or darken. Cancer that forms in melanocytes is called melanoma.
                
                
                    Nonmelanoma skin cancer is the most common cancer in the United States.
                    Basal cell carcinoma and squamous cell carcinoma are also called nonmelanoma skin cancer and are the most common forms of skin cancer. Most basal cell and squamous cell skin cancers can be cured.    Melanoma is more likely to spread to nearby tissues and other parts of the body and can be harder to cure. Melanoma is easier to cure if the tumor is found before it spreads to the dermis (inner layer of skin). Melanoma is less likely to cause death when it is found and treated early.    In the United States, the number of cases of nonmelanoma skin cancer seems to have increased in recent years. The number of cases of melanoma has increased over the last 30 years. Part of the reason for these increases may be that people are more aware of skin cancer. They are more likely to have skin exams and biopsies and to be diagnosed with skin cancer.   Over the past 20 years, the number of deaths from melanoma has decreased slightly among white men and women younger than 50 years. During that time, the number of deaths from melanoma has increased slightly among white men older than 50 years and stayed about the same among white women older than 50 years.   The number of cases of childhood melanoma diagnosed in the United States is low, but increasing over time. The number of childhood deaths from melanoma has stayed about the same.   See the following PDQ summaries for more information about skin cancer:         -   Skin Cancer Prevention     -  Skin Cancer Treatment     -  Melanoma Treatment     -  Genetics of Skin Cancer",cancer,train,CancerQA.csv
Who is at risk for Skin Cancer? ?,"Being exposed to ultraviolet radiation may increase the risk of skin cancer. Anything that increases your chance of getting a disease is called a risk factor. Having a risk factor does not mean that you will get cancer; not having risk factors doesn't mean that you will not get cancer. People who think they may be at risk should discuss this with their doctor.    Being exposed to ultraviolet (UV) radiation and having skin that is sensitive to UV radiation are risk factors for skin cancer. UV radiation is the name for the invisible rays that are part of the energy that comes from the sun. Sunlamps and tanning beds also give off UV radiation.   Risk factors for nonmelanoma and melanoma cancers are not the same.         -  Nonmelanoma skin cancer risk factors include:               - Being exposed to natural sunlight or artificial sunlight (such as from tanning beds) over long periods of time.      - Having a fair complexion, which includes the following:                        - Fair skin that freckles and burns easily, does not tan, or tans poorly.         - Blue or green or other light-colored eyes.          - Red or blond hair.                      - Having actinic keratosis.       - Past treatment with radiation.      - Having a weakened immune system.       - Being exposed to arsenic.             -  Melanoma skin cancer risk factors include:               - Having a fair complexion, which includes the following:                         - Fair skin that freckles and burns easily, does not tan, or tans poorly.          - Blue or green or other light-colored eyes.          - Red or blond hair.                     - Being exposed to natural sunlight or artificial sunlight (such as from tanning beds) over long periods of time.       - Having a history of many blistering sunburns, especially as a child or teenager.       - Having several large or many small moles.      - Having a family history of unusual moles (atypical nevus syndrome).      -  Having a family or personal history of melanoma.       - Being white.",cancer,train,CancerQA.csv
What is (are) Myelodysplastic/ Myeloproliferative Neoplasms ?,"Key Points
                    - Myelodysplastic/myeloproliferative neoplasms are a group of diseases in which the bone marrow makes too many white blood cells.     - Myelodysplastic/myeloproliferative neoplasms have features of both myelodysplastic syndromes and myeloproliferative neoplasms.    - There are different types of myelodysplastic/myeloproliferative neoplasms.    - Tests that examine the blood and bone marrow are used to detect (find) and diagnose myelodysplastic/myeloproliferative neoplasms.
                
                
                    Myelodysplastic/myeloproliferative neoplasms are a group of diseases in which the bone marrow makes too many white blood cells.
                    Myelodysplastic /myeloproliferative neoplasms are diseases of the blood and bone marrow.     Normally, the bone marrow makes blood stem cells (immature cells) that become mature blood cells over time. A blood stem cell may become a myeloid stem cell or a lymphoid stem cell. A lymphoid stem cell becomes a white blood cell. A myeloid stem cell becomes one of three types of mature blood cells:         -  Red blood cells that carry oxygen and other substances to all tissues of the body.     - White blood cells that fight infection and disease.     -  Platelets that form blood clots to stop bleeding.
                
                
                    Myelodysplastic/myeloproliferative neoplasms have features of both myelodysplastic syndromes and myeloproliferative neoplasms.
                    In myelodysplastic diseases, the blood stem cells do not mature into healthy red blood cells, white blood cells, or platelets. The immature blood cells, called blasts, do not work the way they should and die in the bone marrow or soon after they enter the blood. As a result, there are fewer healthy red blood cells, white blood cells, and platelets.   In myeloproliferative diseases, a greater than normal number of blood stem cells become one or more types of blood cells and the total number of blood cells slowly increases.    This summary is about neoplasms that have features of both myelodysplastic and myeloproliferative diseases. See the following PDQ summaries for more information about related diseases:         -  Myelodysplastic Syndromes Treatment     -  Chronic Myeloproliferative Neoplasms Treatment     -  Chronic Myelogenous Leukemia Treatment
                
                
                    There are different types of myelodysplastic/myeloproliferative neoplasms.
                    The 3 main types of myelodysplastic/myeloproliferative neoplasms include the following:         -  Chronic myelomonocytic leukemia (CMML).    -  Juvenile myelomonocytic leukemia (JMML).    - Atypical chronic myelogenous leukemia (CML).        When a myelodysplastic/myeloproliferative neoplasm does not match any of these types, it is called myelodysplastic/myeloproliferative neoplasm, unclassifiable (MDS/MPN-UC).   Myelodysplastic/myeloproliferative neoplasms may progress to acute leukemia.",cancer,test,CancerQA.csv
How to diagnose Myelodysplastic/ Myeloproliferative Neoplasms ?,"Tests that examine the blood and bone marrow are used to detect (find) and diagnose myelodysplastic/myeloproliferative neoplasms. The following tests and procedures may be used:         -   Physical exam and history : An exam of the body to check general signs of health, including checking for signs of disease such as an enlarged spleen and liver. A history of the patients health habits and past illnesses and treatments will also be taken.     -   Complete blood count (CBC) with differential : A procedure in which a sample of blood is drawn and checked for the following:                - The number of red blood cells and platelets.       - The number and type of white blood cells.      - The amount of hemoglobin (the protein that carries oxygen) in the red blood cells.       - The portion of the sample made up of red blood cells.              -   Peripheral blood smear : A procedure in which a sample of blood is checked for blast cells, the number and kinds of white blood cells, the number of platelets, and changes in the shape of blood cells.    -   Blood chemistry studies : A procedure in which a blood sample is checked to measure the amounts of certain substances released into the blood by organs and tissues in the body. An unusual (higher or lower than normal) amount of a substance can be a sign of disease.     -   Bone marrow aspiration and biopsy : The removal of a small piece of bone and bone marrow by inserting a needle into the hipbone or breastbone. A pathologist views both the bone and bone marrow samples under a microscope to look for abnormal cells.  The following tests may be done on the sample of tissue that is removed:               -  Cytogenetic analysis : A test in which cells in a sample of blood or bone marrow are viewed under a microscope to look for certain changes in the chromosomes. The cancer cells in myelodysplastic/myeloproliferative neoplasms do not contain the Philadelphia chromosome that is present in chronic myelogenous leukemia.      -  Immunocytochemistry : A test that uses antibodies to check for certain antigens in a sample of bone marrow. The antibody is usually linked to a radioactive substance or a dye that causes the cells in the sample to light up under a microscope. This type of test is used to tell the difference between myelodysplastic/myeloproliferative neoplasms, leukemia, and other conditions.",cancer,test,CancerQA.csv
What are the stages of Myelodysplastic/ Myeloproliferative Neoplasms ?,"Key Points
                    - There is no standard staging system for myelodysplastic/myeloproliferative neoplasms.
                
                
                    There is no standard staging system for myelodysplastic/myeloproliferative neoplasms.
                    Staging is the process used to find out how far the cancer has spread. There is no standard staging system for myelodysplastic /myeloproliferative neoplasms. Treatment is based on the type of myelodysplastic/myeloproliferative neoplasm the patient has. It is important to know the type in order to plan treatment.",cancer,train,CancerQA.csv
What are the treatments for Myelodysplastic/ Myeloproliferative Neoplasms ?,"Key Points
                    - There are different types of treatment for patients with myelodysplastic/myeloproliferative neoplasms.    - Five types of standard treatment are used:         -  Chemotherapy      - Other drug therapy     - Stem cell transplant     -  Supportive care      - Targeted therapy        - New types of treatment are being tested in clinical trials.     - Patients may want to think about taking part in a clinical trial.    - Patients can enter clinical trials before, during, or after starting their cancer treatment.    - Follow-up tests may be needed.
                
                
                    There are different types of treatment for patients with myelodysplastic/myeloproliferative neoplasms.
                    Different types of treatments are available for patients with myelodysplastic /myeloproliferative neoplasms. Some treatments are standard (the currently used treatment), and some are being tested in clinical trials. A treatment clinical trial is a research study meant to help improve current treatments or obtain information on new treatments for patients with cancer. When clinical trials show that a new treatment is better than the standard treatment, the new treatment may become the standard treatment. Patients may want to think about taking part in a clinical trial. Some clinical trials are open only to patients who have not started treatment.
                
                
                    Five types of standard treatment are used:
                    Chemotherapy      Chemotherapy is a cancer treatment that uses drugs to stop the growth of cancer cells, either by killing the cells or by stopping them from dividing. When chemotherapy is taken by mouth or injected into a vein or muscle, the drugs enter the bloodstream and can reach cancer cells throughout the body (systemic chemotherapy). When chemotherapy is placed directly into the cerebrospinal fluid, an organ, or a body cavity such as the abdomen, the drugs mainly affect cancer cells in those areas (regional chemotherapy). The way the chemotherapy is given depends on the type and stage of the cancer being treated. Combination chemotherapy is treatment using more than one anticancer drug.    See Drugs Approved for Myeloproliferative Neoplasms for more information.       Other drug therapy     13-cis retinoic acid is a vitamin -like drug that slows the cancer's ability to make more cancer cells and changes the way these cells look and act.       Stem cell transplant     Stem cell transplant is a method of replacing blood -forming cells that are destroyed by chemotherapy. Stem cells (immature blood cells) are removed from the blood or bone marrow of the patient or a donor and are frozen and stored. After the chemotherapy is completed, the stored stem cells are thawed and given back to the patient through an infusion. These reinfused stem cells grow into (and restore) the body's blood cells.            Supportive care      Supportive care is given to lessen the problems caused by the disease or its treatment. Supportive care may include transfusion therapy or drug therapy, such as antibiotics to fight infection.       Targeted therapy     Targeted therapy is a cancer treatment that uses drugs or other substances to attack cancer cells without harming normal cells. Targeted therapy drugs called tyrosine kinase inhibitors (TKIs) are used to treat myelodysplastic/myeloproliferative neoplasm, unclassifiable. TKIs block the enzyme, tyrosine kinase, that causes stem cells to become more blood cells (blasts) than the body needs. Imatinib mesylate (Gleevec) is a TKI that may be used. Other targeted therapy drugs are being studied in the treatment of JMML.     See Drugs Approved for Myeloproliferative Neoplasms for more information.
                
                
                    New types of treatment are being tested in clinical trials.
                    Information about clinical trials is available from the NCI website.
                
                
                    Patients may want to think about taking part in a clinical trial.
                    For some patients, taking part in a clinical trial may be the best treatment choice. Clinical trials are part of the cancer research process. Clinical trials are done to find out if new cancer treatments are safe and effective or better than the standard treatment.   Many of today's standard treatments for cancer are based on earlier clinical trials. Patients who take part in a clinical trial may receive the standard treatment or be among the first to receive a new treatment.   Patients who take part in clinical trials also help improve the way cancer will be treated in the future. Even when clinical trials do not lead to effective new treatments, they often answer important questions and help move research forward.
                
                
                    Patients can enter clinical trials before, during, or after starting their cancer treatment.
                    Some clinical trials only include patients who have not yet received treatment. Other trials test treatments for patients whose cancer has not gotten better. There are also clinical trials that test new ways to stop cancer from recurring (coming back) or reduce the side effects of cancer treatment.   Clinical trials are taking place in many parts of the country. See the Treatment Options section that follows for links to current treatment clinical trials. These have been retrieved from NCI's listing of clinical trials.
                
                
                    Follow-up tests may be needed.
                    Some of the tests that were done to diagnose the cancer or to find out the stage of the cancer may be repeated. Some tests will be repeated in order to see how well the treatment is working. Decisions about whether to continue, change, or stop treatment may be based on the results of these tests.   Some of the tests will continue to be done from time to time after treatment has ended. The results of these tests can show if your condition has changed or if the cancer has recurred (come back). These tests are sometimes called follow-up tests or check-ups.
                
                 
							            Treatment Options for Myelodysplastic/ Myeloproliferative Neoplasms
							            
							                
							                    Chronic Myelomonocytic Leukemia
							                    Treatment of chronic myelomonocytic leukemia (CMML) may include the following:         -  Chemotherapy with one or more agents.    -  Stem cell transplant.    - A clinical trial of a new treatment.        Check the list of NCI-supported cancer clinical trials that are now accepting patients with chronic myelomonocytic leukemia. For more specific results, refine the search by using other search features, such as the location of the trial, the type of treatment, or the name of the drug. Talk with your doctor about clinical trials that may be right for you. General information about clinical trials is available from the NCI website.
							                
							                
							                    Juvenile Myelomonocytic Leukemia
							                    Treatment of juvenile myelomonocytic leukemia (JMML) may include the following:         -  Combination chemotherapy.    -  Stem cell transplant.    -  13-cis-retinoic acid therapy.    - A clinical trial of a new treatment, such as targeted therapy.        Check the list of NCI-supported cancer clinical trials that are now accepting patients with juvenile myelomonocytic leukemia. For more specific results, refine the search by using other search features, such as the location of the trial, the type of treatment, or the name of the drug. Talk with your doctor about clinical trials that may be right for you. General information about clinical trials is available from the NCI website.
							                
							                
							                    Atypical Chronic Myelogenous Leukemia
							                    Treatment of atypical chronic myelogenous leukemia (CML) may include chemotherapy.   Check the list of NCI-supported cancer clinical trials that are now accepting patients with atypical chronic myeloid leukemia, BCR-ABL1 negative. For more specific results, refine the search by using other search features, such as the location of the trial, the type of treatment, or the name of the drug. Talk with your doctor about clinical trials that may be right for you. General information about clinical trials is available from the NCI website.
							                
							                
							                    Myelodysplastic/ Myeloproliferative Neoplasm, Unclassifiable
							                    Because myelodysplastic /myeloproliferative neoplasm, unclassifiable (MDS/MPN-UC) is a rare disease, little is known about its treatment. Treatment may include the following:         -  Supportive care treatments to manage problems caused by the disease such as infection, bleeding, and anemia.     -  Targeted therapy (imatinib mesylate).        Check the list of NCI-supported cancer clinical trials that are now accepting patients with myelodysplastic/myeloproliferative neoplasm, unclassifiable. For more specific results, refine the search by using other search features, such as the location of the trial, the type of treatment, or the name of the drug. Talk with your doctor about clinical trials that may be right for you. General information about clinical trials is available from the NCI website.",cancer,train,CancerQA.csv
"What is (are) Ovarian, Fallopian Tube, and Primary Peritoneal Cancer ?","Key Points
                    - Ovarian, fallopian tube, and primary peritoneal cancers are diseases in which malignant (cancer) cells form in the ovaries, fallopian tubes, or peritoneum.    - In the United States, ovarian cancer is the fifth leading cause of cancer death in women.    -  Different factors increase or decrease the risk of getting ovarian, fallopian tube, and primary peritoneal cancer.
                
                
                    Ovarian, fallopian tube, and primary peritoneal cancers are diseases in which malignant (cancer) cells form in the ovaries, fallopian tubes, or peritoneum.
                    The ovaries are a pair of organs in the female reproductive system. They are located in the pelvis, one on each side of the uterus (the hollow, pear-shaped organ where a fetus grows). Each ovary is about the size and shape of an almond. The ovaries produce eggs and female hormones (chemicals that control the way certain cells or organs function).   The fallopian tubes are a pair of long, slender tubes, one on each side of the uterus. Eggs pass from the ovaries, through the fallopian tubes, to the uterus. Cancer sometimes begins at the end of the fallopian tube near the ovary and spreads to the ovary.   The peritoneum is the tissue that lines the abdominal wall and covers organs in the abdomen. Primary peritoneal cancer is cancer that forms in the peritoneum and has not spread there from another part of the body. Cancer sometimes begins in the peritoneum and spreads to the ovary.     Ovarian epithelial cancer, fallopian tube cancer, and primary peritoneal cancer form in the same type of tissue. Studies of screening tests look at these cancers together.    See the following PDQ summaries for more information about ovarian, fallopian tube, and primary peritoneal cancers:         -   Ovarian, Fallopian Tube, and Primary Peritoneal Cancer Prevention     -  Genetics of Breast and Gynecologic Cancers     -  Ovarian Epithelial, Fallopian Tube, and Primary Peritoneal Cancer Treatment     -  Ovarian Germ Cell Tumors Treatment     -  Ovarian Low Malignant Potential Tumors Treatment
                
                
                    In the United States, ovarian cancer is the fifth leading cause of cancer death in women.
                    Ovarian cancer is also the leading cause of death from cancer of the female reproductive system. Over the last 20 years, the number of new cases of ovarian cancer has gone down slightly in white women and in black women. Since 2005, the number of deaths from ovarian cancer also decreased slightly in white and black women.",cancer,train,CancerQA.csv
"Who is at risk for Ovarian, Fallopian Tube, and Primary Peritoneal Cancer? ?","Different factors increase or decrease the risk of getting ovarian, fallopian tube, and primary peritoneal cancer.
	                    	Anything that increases your chance of getting a disease is called a risk factor. Anything that decreases your chance of getting a disease is called a protective factor.   For information about risk factors and protective factors for ovarian cancer, see the Ovarian, Fallopian Tube, and Primary Peritoneal Cancer Prevention summary.   Talk to your doctor about your risk of ovarian cancer.
	                	
                		
		                    Screening tests have risks.
		                    Decisions about screening tests can be difficult. Not all screening tests are helpful and most have risks. Before having any screening test, you may want to talk about the test with your doctor. It is important to know the risks of the test and whether it has been proven to reduce the risk of dying from cancer.
		                
		                
		                    The risks of ovarian, fallopian tube, and primary peritoneal cancer screening tests include the following:
		                    Finding ovarian, fallopian tube, and primary peritoneal cancer may not improve health or help a woman live longer.    Screening may not improve your health or help you live longer if you have advanced ovarian cancer or if it has already spread to other places in your body.        False-negative test results can occur.    Screening test results may appear to be normal even though ovarian cancer is present. A woman who receives a false-negative test result (one that shows there is no cancer when there really is) may delay seeking medical care even if she has symptoms.       False-positive test results can occur.     Screening test results may appear to be abnormal even though no cancer is present. A false-positive test result (one that shows there is cancer when there really isn't) can cause anxiety and is usually followed by more tests (such as a laparoscopy or a laparotomy to see if cancer is present), which also have risks. Problems caused by tests used to diagnose ovarian cancer include infection, blood loss, bowel injury, and heart and blood vessel problems. A false-positive test result can also lead to an unneeded oophorectomy (removal of one or both ovaries).",cancer,train,CancerQA.csv
What is (are) Childhood Brain and Spinal Cord Tumors ?,"Key Points
                    - A childhood brain or spinal cord tumor is a disease in which abnormal cells form in the tissues of the brain or spinal cord.     - The brain controls many important body functions.    - The spinal cord connects the brain with nerves in most parts of the body.    - Brain and spinal cord tumors are a common type of childhood cancer.    - The cause of most childhood brain and spinal cord tumors is unknown.    - The signs and symptoms of childhood brain and spinal cord tumors are not the same in every child.    - Tests that examine the brain and spinal cord are used to detect (find) childhood brain and spinal cord tumors.    - Most childhood brain tumors are diagnosed and removed in surgery.    - Some childhood brain and spinal cord tumors are diagnosed by imaging tests.    - Certain factors affect prognosis (chance of recovery).
                
                
                    A childhood brain or spinal cord tumor is a disease in which abnormal cells form in the tissues of the brain or spinal cord.
                    There are many types of childhood brain and spinal cord tumors. The tumors are formed by the abnormal growth of cells and may begin in different areas of the brain or spinal cord.    The tumors may be benign (not cancer) or malignant (cancer). Benign brain tumors grow and press on nearby areas of the brain. They rarely spread into other tissues. Malignant brain tumors are likely to grow quickly and spread into other brain tissue. When a tumor grows into or presses on an area of the brain, it may stop that part of the brain from working the way it should. Both benign and malignant brain tumors can cause signs or symptoms and need treatment.   Together, the brain and spinal cord make up the central nervous system (CNS).
                
                
                    The brain controls many important body functions.
                    The brain has three major parts:          - The cerebrum is the largest part of the brain. It is at the top of the head. The cerebrum controls thinking, learning, problem solving, emotions, speech, reading, writing, and voluntary movement.     - The cerebellum is in the lower back of the brain (near the middle of the back of the head). It controls movement, balance, and posture.    - The brain stem connects the brain to the spinal cord. It is in the lowest part of the brain (just above the back of the neck). The brain stem controls breathing, heart rate, and the nerves and muscles used in seeing, hearing, walking, talking, and eating.
                
                
                    The spinal cord connects the brain with nerves in most parts of the body.
                    The spinal cord is a column of nerve tissue that runs from the brain stem down the center of the back. It is covered by three thin layers of tissue called membranes. These membranes are surrounded by the vertebrae (back bones). Spinal cord nerves carry messages between the brain and the rest of the body, such as a message from the brain to cause muscles to move or a message from the skin to the brain to feel touch.
                
                
                    Brain and spinal cord tumors are a common type of childhood cancer.
                    Although cancer is rare in children, brain and spinal cord tumors are the third most common type of childhood cancer, after leukemia and lymphoma. Brain tumors can occur in both children and adults. Treatment for children is usually different than treatment for adults. (See the PDQ summary on Adult Central Nervous System Tumors Treatment for more information about the treatment of adults.)    This summary describes the treatment of primary brain and spinal cord tumors (tumors that begin in the brain and spinal cord). Treatment of metastatic brain and spinal cord tumors is not covered in this summary. Metastatic tumors are formed by cancer cells that begin in other parts of the body and spread to the brain or spinal cord.",cancer,train,CancerQA.csv
What causes Childhood Brain and Spinal Cord Tumors ?,The cause of most childhood brain and spinal cord tumors is unknown.,cancer,train,CancerQA.csv
What are the symptoms of Childhood Brain and Spinal Cord Tumors ?,"The signs and symptoms of childhood brain and spinal cord tumors are not the same in every child. Signs and symptoms depend on the following:         - Where the tumor forms in the brain or spinal cord.    - The size of the tumor.    - How fast the tumor grows.    - The child's age and development.        Signs and symptoms may be caused by childhood brain and spinal cord tumors or by other conditions, including cancer that has spread to the brain. Check with your child's doctor if your child has any of the following:      Brain Tumor Signs and Symptoms       - Morning headache or headache that goes away after vomiting.    - Frequent nausea and vomiting.     - Vision, hearing, and speech problems.    - Loss of balance and trouble walking.    - Unusual sleepiness or change in activity level.     - Unusual changes in personality or behavior.    -  Seizures.    - Increase in the head size (in infants).           Spinal Cord Tumor Signs and Symptoms       - Back pain or pain that spreads from the back towards the arms or legs.    - A change in bowel habits or trouble urinating.    - Weakness in the legs.    - Trouble walking.        In addition to these signs and symptoms of brain and spinal cord tumors, some children are unable to reach certain growth and development milestones such as sitting up, walking, and talking in sentences.",cancer,train,CancerQA.csv
How to diagnose Childhood Brain and Spinal Cord Tumors ?,"Tests that examine the brain and spinal cord are used to detect (find) childhood brain and spinal cord tumors. The following tests and procedures may be used:         -   Physical exam and history : An exam of the body to check general signs of health, including checking for signs of disease, such as lumps or anything else that seems unusual. A history of the patients health habits and past illnesses and treatments will also be taken.     -   Neurological exam : A series of questions and tests to check the brain, spinal cord, and nerve function. The exam checks a persons mental status, coordination, and ability to walk normally, and how well the muscles, senses, and reflexes work. This may also be called a neuro exam or a neurologic exam.     -   MRI (magnetic resonance imaging) with gadolinium : A procedure that uses a magnet, radio waves, and a computer to make a series of detailed pictures of the brain and spinal cord. A substance called gadolinium is injected into a vein. The gadolinium collects around the cancer cells so they show up brighter in the picture. This procedure is also called nuclear magnetic resonance imaging (NMRI).    -   Serum tumor marker test : A procedure in which a sample of blood is examined to measure the amounts of certain substances released into the blood by organs, tissues, or tumor cells in the body. Certain substances are linked to specific types of cancer when found in increased levels in the blood. These are called tumor markers.
                         Most childhood brain tumors are diagnosed and removed in surgery. If doctors think there might be a brain tumor, a biopsy may be done to remove a sample of tissue. For tumors in the brain, the biopsy is done by removing part of the skull and using a needle to remove a sample of tissue. A pathologist views the tissue under a microscope to look for cancer cells. If cancer cells are found, the doctor may remove as much tumor as safely possible during the same surgery. The pathologist checks the cancer cells to find out the type and grade of brain tumor. The grade of the tumor is based on how abnormal the cancer cells look under a microscope and how quickly the tumor is likely to grow and spread.    The following test may be done on the sample of tissue that is removed:         -   Immunohistochemistry : A test that uses antibodies to check for certain antigens in a sample of tissue. The antibody is usually linked to a radioactive substance or a dye that causes the tissue to light up under a microscope. This type of test may be used to tell the difference between different types of cancer.         
                    					Some childhood brain and spinal cord tumors are diagnosed by imaging tests. Sometimes a biopsy or surgery cannot be done safely because of where the tumor formed in the brain or spinal cord. These tumors are diagnosed based on the results of imaging tests and other procedures.",cancer,train,CancerQA.csv
What is the outlook for Childhood Brain and Spinal Cord Tumors ?,Certain factors affect prognosis (chance of recovery). The prognosis (chance of recovery) depends on the following:         - Whether there are any cancer cells left after surgery.    - The type of tumor.    - Where the tumor is in the body.    - The child's age.    - Whether the tumor has just been diagnosed or has recurred (come back).,cancer,test,CancerQA.csv
what research (or clinical trials) is being done for Childhood Brain and Spinal Cord Tumors ?,"New types of treatment are being tested in clinical trials.
                    This summary section describes treatments that are being studied in clinical trials. It may not mention every new treatment being studied. Information about clinical trials is available from the NCI website.     High-dose chemotherapy with stem cell transplant     High-dose chemotherapy with stem cell transplant is a way of giving high doses of chemotherapy and replacing blood -forming cells destroyed by the cancer treatment. Stem cells (immature blood cells) are removed from the blood or bone marrow of the patient or a donor and are frozen and stored. After the chemotherapy is completed, the stored stem cells are thawed and given back to the patient through an infusion. These reinfused stem cells grow into (and restore) the bodys blood cells.
                
                
                    Patients may want to think about taking part in a clinical trial.
                    For some patients, taking part in a clinical trial may be the best treatment choice. Clinical trials are part of the cancer research process. Clinical trials are done to find out if new cancer treatments are safe and effective or better than the standard treatment.   Many of today's standard treatments for cancer are based on earlier clinical trials. Patients who take part in a clinical trial may receive the standard treatment or be among the first to receive a new treatment.   Patients who take part in clinical trials also help improve the way cancer will be treated in the future. Even when clinical trials do not lead to effective new treatments, they often answer important questions and help move research forward.
                
                
                    Patients can enter clinical trials before, during, or after starting their cancer treatment.
                    Some clinical trials only include patients who have not yet received treatment. Other trials test treatments for patients whose cancer has not gotten better. There are also clinical trials that test new ways to stop cancer from recurring (coming back) or reduce the side effects of cancer treatment.    Clinical trials are taking place in many parts of the country. Information about clinical trials is available from the NCI website.",cancer,train,CancerQA.csv
What are the treatments for Childhood Brain and Spinal Cord Tumors ?,"Key Points
                    - There are different types of treatment for children with brain and spinal cord tumors.     - Children with brain or spinal cord tumors should have their treatment planned by a team of health care providers who are experts in treating childhood brain and spinal cord tumors.    - Childhood brain and spinal cord tumors may cause signs or symptoms that begin before the cancer is diagnosed and continue for months or years.    - Some cancer treatments cause side effects months or years after treatment has ended.    - Three types of standard treatment are used:          - Surgery      - Radiation therapy      - Chemotherapy         - New types of treatment are being tested in clinical trials.         - High-dose chemotherapy with stem cell transplant        - Patients may want to think about taking part in a clinical trial.    - Patients can enter clinical trials before, during, or after starting their cancer treatment.    - Follow-up tests may be needed.
                
                
                    There are different types of treatment for children with brain and spinal cord tumors.
                    Different types of treatment are available for children with brain and spinal cord tumors. Some treatments are standard (the currently used treatment), and some are being tested in clinical trials. A treatment clinical trial is a research study meant to help improve current treatments or obtain information on new treatments for patients with cancer. When clinical trials show that a new treatment is better than the standard treatment, the new treatment may become the standard treatment.   Because cancer in children is rare, taking part in a clinical trial should be considered. Clinical trials are taking place in many parts of the country. Some clinical trials are open only to patients who have not started treatment.
                
                
                    Children with brain or spinal cord tumors should have their treatment planned by a team of health care providers who are experts in treating childhood brain and spinal cord tumors.
                    Treatment will be overseen by a pediatric oncologist, a doctor who specializes in treating children with cancer. The pediatric oncologist works with other health care providers who are experts in treating children with brain tumors and who specialize in certain areas of medicine. These may include the following specialists:         -  Pediatrician.    -  Neurosurgeon.    -  Neurologist.    -  Neuro-oncologist.    -  Neuropathologist.    -  Neuroradiologist.    -  Radiation oncologist.    -  Endocrinologist.    -  Psychologist.    -  Ophthalmologist.    -  Rehabilitation specialist.    -  Social worker.    -  Nurse specialist.
                
                
                    Childhood brain and spinal cord tumors may cause signs or symptoms that begin before the cancer is diagnosed and continue for months or years.
                    Childhood brain and spinal cord tumors may cause signs or symptoms that continue for months or years. Signs or symptoms caused by the tumor may begin before diagnosis. Signs or symptoms caused by treatment may begin during or right after treatment.
                
                
                    Some cancer treatments cause side effects months or years after treatment has ended.
                    These are called late effects. Late effects of cancer treatment may include the following:         - Physical problems.    - Changes in mood, feelings, thinking, learning, or memory.    -  Second cancers (new types of cancer).         Some late effects may be treated or controlled. It is important to talk with your child's doctors about the effects cancer treatment can have on your child. (See the PDQ summary on Late Effects of Treatment for Childhood Cancer for more information).
                
                
                    Three types of standard treatment are used:
                    Surgery      Surgery may be used to diagnose and treat childhood brain and spinal cord tumors. See the General Information section of this summary.        Radiation therapy      Radiation therapy is a cancer treatment that uses high-energy x-rays or other types of radiation to kill cancer cells or keep them from growing. There are two types of radiation therapy:             -  External radiation therapy uses a machine outside the body to send radiation toward the cancer.      -  Internal radiation therapy uses a radioactive substance sealed in needles, seeds, wires, or catheters that are placed directly into or near the cancer.           The way the radiation therapy is given depends on the type of cancer being treated. External radiation therapy is used to treat childhood brain and spinal cord tumors.       Chemotherapy      Chemotherapy is a cancer treatment that uses drugs to stop the growth of cancer cells, either by killing the cells or by stopping them from dividing. When chemotherapy is taken by mouth or injected into a vein or muscle, the drugs enter the bloodstream and can reach cancer cells throughout the body (systemic chemotherapy). When chemotherapy is placed directly in the cerebrospinal fluid, an organ, or a body cavity such as the abdomen, the drugs mainly affect cancer cells in those areas (regional chemotherapy). The way the chemotherapy is given depends on the type and stage of the cancer being treated.    Anticancer drugs given by mouth or vein to treat brain and spinal cord tumors cannot cross the blood-brain barrier and enter the fluid that surrounds the brain and spinal cord. Instead, an anticancer drug is injected into the fluid-filled space to kill cancer cells there. This is called intrathecal chemotherapy.
                
                
                    New types of treatment are being tested in clinical trials.
                    This summary section describes treatments that are being studied in clinical trials. It may not mention every new treatment being studied. Information about clinical trials is available from the NCI website.     High-dose chemotherapy with stem cell transplant     High-dose chemotherapy with stem cell transplant is a way of giving high doses of chemotherapy and replacing blood -forming cells destroyed by the cancer treatment. Stem cells (immature blood cells) are removed from the blood or bone marrow of the patient or a donor and are frozen and stored. After the chemotherapy is completed, the stored stem cells are thawed and given back to the patient through an infusion. These reinfused stem cells grow into (and restore) the bodys blood cells.
                
                
                    Patients may want to think about taking part in a clinical trial.
                    For some patients, taking part in a clinical trial may be the best treatment choice. Clinical trials are part of the cancer research process. Clinical trials are done to find out if new cancer treatments are safe and effective or better than the standard treatment.   Many of today's standard treatments for cancer are based on earlier clinical trials. Patients who take part in a clinical trial may receive the standard treatment or be among the first to receive a new treatment.   Patients who take part in clinical trials also help improve the way cancer will be treated in the future. Even when clinical trials do not lead to effective new treatments, they often answer important questions and help move research forward.
                
                
                    Patients can enter clinical trials before, during, or after starting their cancer treatment.
                    Some clinical trials only include patients who have not yet received treatment. Other trials test treatments for patients whose cancer has not gotten better. There are also clinical trials that test new ways to stop cancer from recurring (coming back) or reduce the side effects of cancer treatment.    Clinical trials are taking place in many parts of the country. Information about clinical trials is available from the NCI website.
                
                
                    Follow-up tests may be needed.
                    Some of the tests that were done to diagnose the cancer or to find out the stage of the cancer may be repeated. Some tests will be repeated in order to see how well the treatment is working. Decisions about whether to continue, change, or stop treatment may be based on the results of these tests.   Some of the tests will continue to be done from time to time after treatment has ended. The results of these tests can show if your child's condition has changed or if the cancer has recurred (come back). These tests are sometimes called follow-up tests or check-ups.",cancer,train,CancerQA.csv
What is (are) Gallbladder Cancer ?,"Key Points
                    - Gallbladder cancer is a disease in which malignant (cancer) cells form in the tissues of the gallbladder.    - Being female can increase the risk of developing gallbladder cancer.     - Signs and symptoms of gallbladder cancer include jaundice, fever, and pain.     - Gallbladder cancer is difficult to detect (find) and diagnose early.     - Tests that examine the gallbladder and nearby organs are used to detect (find), diagnose, and stage gallbladder cancer.     - Certain factors affect the prognosis (chance of recovery) and treatment options.
                
                
                    Gallbladder cancer is a disease in which malignant (cancer) cells form in the tissues of the gallbladder.
                    Gallbladder cancer is a rare disease in which malignant (cancer) cells are found in the tissues of the gallbladder. The gallbladder is a pear-shaped organ that lies just under the liver in the upper abdomen. The gallbladder stores bile, a fluid made by the liver to digest fat. When food is being broken down in the stomach and intestines, bile is released from the gallbladder through a tube called the common bile duct, which connects the gallbladder and liver to the first part of the small intestine.      The wall of the gallbladder has 3 main layers of tissue.          -  Mucosal (inner) layer.    - Muscularis (middle, muscle) layer.     -  Serosal (outer) layer.        Between these layers is supporting connective tissue. Primary gallbladder cancer starts in the inner layer and spreads through the outer layers as it grows.
                
                
                    Gallbladder cancer is difficult to detect (find) and diagnose early.
                    Gallbladder cancer is difficult to detect and diagnose for the following reasons:         - There are no signs or symptoms in the early stages of gallbladder cancer.    - The symptoms of gallbladder cancer, when present, are like the symptoms of many other illnesses.    - The gallbladder is hidden behind the liver.         Gallbladder cancer is sometimes found when the gallbladder is removed for other reasons. Patients with gallstones rarely develop gallbladder cancer.",cancer,train,CancerQA.csv
Who is at risk for Gallbladder Cancer? ?,Being female can increase the risk of developing gallbladder cancer. Anything that increases your chance of getting a disease is called a risk factor. Having a risk factor does not mean that you will get cancer; not having risk factors doesn't mean that you will not get cancer. Talk with your doctor if you think you may be at risk. Risk factors for gallbladder cancer include the following:         - Being female.    - Being Native American.,cancer,test,CancerQA.csv
What are the symptoms of Gallbladder Cancer ?,"Signs and symptoms of gallbladder cancer include jaundice, fever, and pain. These and other signs and symptoms may be caused by gallbladder cancer or by other conditions. Check with your doctor if you have any of the following:         -  Jaundice (yellowing of the skin and whites of the eyes).    - Pain above the stomach.    -  Fever.    -  Nausea and vomiting.    -  Bloating.    - Lumps in the abdomen.",cancer,train,CancerQA.csv
How to diagnose Gallbladder Cancer ?,"Tests that examine the gallbladder and nearby organs are used to detect (find), diagnose, and stage gallbladder cancer. Procedures that make pictures of the gallbladder and the area around it help diagnose gallbladder cancer and show how far the cancer has spread. The process used to find out if cancer cells have spread within and around the gallbladder is called staging.    In order to plan treatment, it is important to know if the gallbladder cancer can be removed by surgery. Tests and procedures to detect, diagnose, and stage gallbladder cancer are usually done at the same time. The following tests and procedures may be used:         -   Physical exam and history : An exam of the body to check general signs of health, including checking for signs of disease, such as lumps or anything else that seems unusual. A history of the patients health habits and past illnesses and treatments will also be taken.    -   Liver function tests : A procedure in which a blood sample is checked to measure the amounts of certain substances released into the blood by the liver. A higher than normal amount of a substance can be a sign of liver disease that may be caused by gallbladder cancer.    -   Carcinoembryonic antigen (CEA) assay : A test that measures the level of CEA in the blood. CEA is released into the bloodstream from both cancer cells and normal cells. When found in higher than normal amounts, it can be a sign of gallbladder cancer or other conditions.    -   CA 19-9 assay : A test that measures the level of CA 19-9 in the blood. CA 19-9 is released into the bloodstream from both cancer cells and normal cells. When found in higher than normal amounts, it can be a sign of gallbladder cancer or other conditions.    -   Blood chemistry studies : A procedure in which a blood sample is checked to measure the amounts of certain substances released into the blood by organs and tissues in the body. An unusual (higher or lower than normal) amount of a substance can be a sign of disease.     -   CT scan (CAT scan): A procedure that makes a series of detailed pictures of areas inside the body, such as the chest, abdomen, and pelvis, taken from different angles. The pictures are made by a computer linked to an x-ray machine. A dye may be injected into a vein or swallowed to help the organs or tissues show up more clearly. This procedure is also called computed tomography, computerized tomography, or computerized axial tomography.     -   Ultrasound exam: A procedure in which high-energy sound waves (ultrasound) are bounced off internal tissues or organs and make echoes. The echoes form a picture of body tissues called a sonogram. An abdominal ultrasound is done to diagnose gallbladder cancer.    -   PTC (percutaneous transhepatic cholangiography): A procedure used to x-ray the liver and bile ducts. A thin needle is inserted through the skin below the ribs and into the liver. Dye is injected into the liver or bile ducts and an x-ray is taken. If a blockage is found, a thin, flexible tube called a stent is sometimes left in the liver to drain bile into the small intestine or a collection bag outside the body.    -   Chest x-ray : An x-ray of the organs and bones inside the chest. An x-ray is a type of energy beam that can go through the body and onto film, making a picture of areas inside the body.    -   ERCP (endoscopic retrograde cholangiopancreatography): A procedure used to x-ray the ducts (tubes) that carry bile from the liver to the gallbladder and from the gallbladder to the small intestine. Sometimes gallbladder cancer causes these ducts to narrow and block or slow the flow of bile, causing jaundice. An endoscope (a thin, lighted tube) is passed through the mouth, esophagus, and stomach into the first part of the small intestine. A catheter (a smaller tube) is then inserted through the endoscope into the bile ducts. A dye is injected through the catheter into the ducts and an x-ray is taken. If the ducts are blocked by a tumor, a fine tube may be inserted into the duct to unblock it. This tube (or stent) may be left in place to keep the duct open. Tissue samples may also be taken.     -   Laparoscopy : A surgical procedure to look at the organs inside the abdomen to check for signs of disease. Small incisions (cuts) are made in the wall of the abdomen and a laparoscope (a thin, lighted tube) is inserted into one of the incisions. Other instruments may be inserted through the same or other incisions to perform procedures such as removing organs or taking tissue samples for biopsy. The laparoscopy helps to find out if the cancer is within the gallbladder only or has spread to nearby tissues and if it can be removed by surgery.    -   Biopsy : The removal of cells or tissues so they can be viewed under a microscope by a pathologist to check for signs of cancer. The biopsy may be done after surgery to remove the tumor. If the tumor clearly cannot be removed by surgery, the biopsy may be done using a fine needle to remove cells from the tumor.",cancer,train,CancerQA.csv
What is the outlook for Gallbladder Cancer ?,"Certain factors affect the prognosis (chance of recovery) and treatment options. The prognosis (chance of recovery) and treatment options depend on the following:          - The stage of the cancer (whether the cancer has spread from the gallbladder to other places in the body).    - Whether the cancer can be completely removed by surgery.    - The type of gallbladder cancer (how the cancer cell looks under a microscope).    - Whether the cancer has just been diagnosed or has recurred (come back).        Treatment may also depend on the age and general health of the patient and whether the cancer is causing signs or symptoms.   Gallbladder cancer can be cured only if it is found before it has spread, when it can be removed by surgery. If the cancer has spread, palliative treatment can improve the patient's quality of life by controlling the symptoms and complications of this disease.   Taking part in one of the clinical trials being done to improve treatment should be considered. Information about ongoing clinical trials is available from the NCI website.",cancer,train,CancerQA.csv
What are the stages of Gallbladder Cancer ?,"Key Points
                    - Tests and procedures to stage gallbladder cancer are usually done at the same time as diagnosis.     - There are three ways that cancer spreads in the body.    - Cancer may spread from where it began to other parts of the body.    - The following stages are used for gallbladder cancer:         - Stage 0 (Carcinoma in Situ)     - Stage I     - Stage II     - Stage IIIA     - Stage IIIB     - Stage IVA     - Stage IVB        - For gallbladder cancer, stages are also grouped according to how the cancer may be treated. There are two treatment groups:         - Localized (Stage I)      - Unresectable, recurrent, or metastatic (Stage II, Stage III, and Stage IV)
                
                
                    Tests and procedures to stage gallbladder cancer are usually done at the same time as diagnosis.
                    See the General Information section for a description of tests and procedures used to detect, diagnose, and stage gallbladder cancer.
                
                
                    There are three ways that cancer spreads in the body.
                    Cancer can spread through tissue, the lymph system, and the blood:         - Tissue. The cancer spreads from where it began by growing into nearby areas.     - Lymph system. The cancer spreads from where it began by getting into the lymph system. The cancer travels through the lymph vessels to other parts of the body.     - Blood. The cancer spreads from where it began by getting into the blood. The cancer travels through the blood vessels to other parts of the body.
                
                
                    Cancer may spread from where it began to other parts of the body.
                    When cancer spreads to another part of the body, it is called metastasis. Cancer cells break away from where they began (the primary tumor) and travel through the lymph system or blood.         - Lymph system. The cancer gets into the lymph system, travels through the lymph vessels, and forms a tumor (metastatic tumor) in another part of the body.    - Blood. The cancer gets into the blood, travels through the blood vessels, and forms a tumor (metastatic tumor) in another part of the body.        The metastatic tumor is the same type of cancer as the primary tumor. For example, if gallbladder cancer spreads to the liver, the cancer cells in the liver are actually gallbladder cancer cells. The disease is metastatic gallbladder cancer, not liver cancer.
                
                
                    The following stages are used for gallbladder cancer:
                    Stage 0 (Carcinoma in Situ)    In stage 0, abnormal cells are found in the inner (mucosal) layer of the gallbladder. These abnormal cells may become cancer and spread into nearby normal tissue. Stage 0 is also called carcinoma in situ.       Stage I    In stage I, cancer has formed and has spread beyond the inner (mucosal) layer to a layer of tissue with blood vessels or to the muscle layer.       Stage II    In stage II, cancer has spread beyond the muscle layer to the connective tissue around the muscle.       Stage IIIA    In stage IIIA, cancer has spread through the thin layers of tissue that cover the gallbladder and/or to the liver and/or to one nearby organ (such as the stomach, small intestine, colon, pancreas, or bile ducts outside the liver).       Stage IIIB    In stage IIIB, cancer has spread to nearby lymph nodes and:            -  beyond the inner layer of the gallbladder to a layer of tissue with blood vessels or to the muscle layer; or     -  beyond the muscle layer to the connective tissue around the muscle; or     - through the thin layers of tissue that cover the gallbladder and/or to the liver and/or to one nearby organ (such as the stomach, small intestine, colon, pancreas, or bile ducts outside the liver).              Stage IVA    In stage IVA, cancer has spread to a main blood vessel of the liver or to 2 or more nearby organs or areas other than the liver. Cancer may have spread to nearby lymph nodes.       Stage IVB    In stage IVB, cancer has spread to either:            -  lymph nodes along large arteries in the abdomen and/or near the lower part of the backbone; or      - to organs or areas far away from the gallbladder.
                
                
                    For gallbladder cancer, stages are also grouped according to how the cancer may be treated. There are two treatment groups:
                    Localized (Stage I)      Cancer is found in the wall of the gallbladder and can be completely removed by surgery.        Unresectable, recurrent, or metastatic (Stage II, Stage III, and Stage IV)     Unresectable cancer cannot be removed completely by surgery. Most patients with gallbladder cancer have unresectable cancer.      Recurrent cancer is cancer that has recurred (come back) after it has been treated. Gallbladder cancer may come back in the gallbladder or in other parts of the body.     Metastasis is the spread of cancer from the primary site (place where it started) to other places in the body. Metastatic gallbladder cancer may spread to surrounding tissues, organs, throughout the abdominal cavity, or to distant parts of the body.",cancer,train,CancerQA.csv
What are the treatments for Gallbladder Cancer ?,"Key Points
                    - There are different types of treatment for patients with gallbladder cancer.    - Three types of standard treatment are used:         - Surgery     - Radiation therapy     - Chemotherapy        - New types of treatment are being tested in clinical trials.          - Radiation sensitizers        - Patients may want to think about taking part in a clinical trial.    - Patients can enter clinical trials before, during, or after starting their cancer treatment.    - Follow-up tests may be needed.
                
                
                    There are different types of treatment for patients with gallbladder cancer.
                    Different types of treatments are available for patients with gallbladder cancer. Some treatments are standard (the currently used treatment), and some are being tested in clinical trials. A treatment clinical trial is a research study meant to help improve current treatments or obtain information on new treatments for patients with cancer. When clinical trials show that a new treatment is better than the standard treatment, the new treatment may become the standard treatment. Patients may want to think about taking part in a clinical trial. Some clinical trials are open only to patients who have not started treatment.
                
                
                    Three types of standard treatment are used:
                    Surgery    Gallbladder cancer may be treated with a cholecystectomy, surgery to remove the gallbladder and some of the tissues around it. Nearby lymph nodes may be removed. A laparoscope is sometimes used to guide gallbladder surgery. The laparoscope is attached to a video camera and inserted through an incision (port) in the abdomen. Surgical instruments are inserted through other ports to perform the surgery. Because there is a risk that gallbladder cancer cells may spread to these ports, tissue surrounding the port sites may also be removed.    If the cancer has spread and cannot be removed, the following types of palliative surgery may relieve symptoms:            - Surgical biliary bypass: If the tumor is blocking the small intestine and bile is building up in the gallbladder, a biliary bypass may be done. During this operation, the gallbladder or bile duct will be cut and sewn to the small intestine to create a new pathway around the blocked area.      -  Endoscopic stent placement: If the tumor is blocking the bile duct, surgery may be done to put in a stent (a thin, flexible tube) to drain bile that has built up in the area. The stent may be placed through a catheter that drains to the outside of the body or the stent may go around the blocked area and drain the bile into the small intestine.      -  Percutaneous transhepatic biliary drainage: A procedure done to drain bile when there is a blockage and endoscopic stent placement is not possible. An x-ray of the liver and bile ducts is done to locate the blockage. Images made by ultrasound are used to guide placement of a stent, which is left in the liver to drain bile into the small intestine or a collection bag outside the body. This procedure may be done to relieve jaundice before surgery.              Radiation therapy     Radiation therapy is a cancer treatment that uses high-energy x-rays or other types of radiation to kill cancer cells or keep them from growing. There are two types of radiation therapy:            -  External radiation therapy uses a machine outside the body to send radiation toward the cancer.     -  Internal radiation therapy uses a radioactive substance sealed in needles, seeds, wires, or catheters that are placed directly into or near the cancer.           The way the radiation therapy is given depends on the type and stage of the cancer being treated. External radiation therapy is used to treat gallbladder cancer.       Chemotherapy     Chemotherapy is a cancer treatment that uses drugs to stop the growth of cancer cells, either by killing the cells or by stopping the cells from dividing. When chemotherapy is taken by mouth or injected into a vein or muscle, the drugs enter the bloodstream and can reach cancer cells throughout the body (systemic chemotherapy). When chemotherapy is placed directly into the cerebrospinal fluid, an organ, or a body cavity such as the abdomen, the drugs mainly affect cancer cells in those areas (regional chemotherapy). The way the chemotherapy is given depends on the type and stage of the cancer being treated.
                
                
                    New types of treatment are being tested in clinical trials.
                    This summary section describes treatments that are being studied in clinical trials. It may not mention every new treatment being studied. Information about clinical trials is available from the NCI website.     Radiation sensitizers    Clinical trials are studying ways to improve the effect of radiation therapy on tumor cells, including the following:            -  Hyperthermia therapy: A treatment in which body tissue is exposed to high temperatures to damage and kill cancer cells or to make cancer cells more sensitive to the effects of radiation therapy and certain anticancer drugs.     -  Radiosensitizers: Drugs that make tumor cells more sensitive to radiation therapy. Giving radiation therapy together with radiosensitizers may kill more tumor cells.
                
                
                    Patients may want to think about taking part in a clinical trial.
                    For some patients, taking part in a clinical trial may be the best treatment choice. Clinical trials are part of the cancer research process. Clinical trials are done to find out if new cancer treatments are safe and effective or better than the standard treatment.   Many of today's standard treatments for cancer are based on earlier clinical trials. Patients who take part in a clinical trial may receive the standard treatment or be among the first to receive a new treatment.   Patients who take part in clinical trials also help improve the way cancer will be treated in the future. Even when clinical trials do not lead to effective new treatments, they often answer important questions and help move research forward.
                
                
                    Patients can enter clinical trials before, during, or after starting their cancer treatment.
                    Some clinical trials only include patients who have not yet received treatment. Other trials test treatments for patients whose cancer has not gotten better. There are also clinical trials that test new ways to stop cancer from recurring (coming back) or reduce the side effects of cancer treatment.   Clinical trials are taking place in many parts of the country. See the Treatment Options section that follows for links to current treatment clinical trials. These have been retrieved from NCI's listing of clinical trials.
                
                
                    Follow-up tests may be needed.
